Description,Doctor,Patient,Status,prediction,gen_seconds,loss,n_target_tokens,perplexity,rougeL
my period delayed for days this month with a history ocp before months what is the chance of pregnancy,hello firstly as you had three episodes of menstrual bleed including the withdrawal bleed post emergency contraceptive after you had intercourse in march so it is unlikely that you would be pregnant due to your sexual encounter in march as you have missed your menses now by four days and if you have been sexually active during this cycle as well then you must rule out pregnancy first with a home urine pregnancy test kit if negative then the delay is most likely stress induced and you should wait for at least five days to allow menses to start naturally if not then you would need an ultrasound pelvis to check for endometrial thickness which if more than my you can be offered a withdrawal bleed with progesterone to resume your menses,hello doctor I had unprotected sex last march but took emergency contraceptive afterward six days after I had the bleeding associated with the emergency contraceptive two weeks after that in the first week of april I had my period for six days my usual period lasts five to seven days in may I had five days of the period although the last two days were only very light bleeding now I was due for my period four days ago but I still have not got it what are the chances that I am pregnant and if not should I be worried about my late period,medium severity,hi  you had taken emergency contraception pill which will prevent further pregnancies but there is no guarantee as such because of the time gap between taking pills and actual periods so you can wait for another three to five days and then get a urine pregnancy test done if negative then you need not worry otherwise you need to visit a gynecologist and do a blood test for serum beta hug human chorionic gonadotropin levels to confirm the pregnancy status also please consult a gynecologist once for any other problems related to periods,3.4786865413188934,2.272381544113159,141,9.7024802054865,0.2222222222222222
my mom is extremely depressed and angry how to deal with her,hi for further information consult a psychologist counsellor online,hi doctor my mom is extremely depressed and showing the anger towards my dad with the wrong assumptions she is not at all listening to our words whenever we advise on this she is showing abnormal anger which is unusual I tried to take her to a psychiatrist but she is not ready to come she had the same issue before four years and was rectified after consulting with a psychiatrist can you please suggest or guide to deal this,medium severity,hello  I understand your concern about your mother and would like to help you revert back with the answers to the above questions to a psychologist counsellor online,3.4786865413188934,0.3111676573753357,12,1.365018057347371,0.21621621621621623
which is the best medicine for rosacea,hello well here I discuss everything one by one for further information consult a dermatologist online,hello doctor I am 32 year old female my past medical history includes rosacea 15 years perioral dermatitis years melasma and hyperpigmentation in the upper cheeks for three years and add I am currently under noritate occasional elidel during flare up and adderall 5 my daily my hyperpigmentation on my upper cheeks has been progressively getting worse over the last several months the pigmentation is well demarcated with areas of normal skin I work indoors and the most sun I get on a daily basis is my short 15 minutes car ride from home to work I cannot pinpoint the cause of the hyperpigmentation and melasma I am not on any type of birth control and do not believe the source to be hormonal I am hesitant to try lightening agents as I have had adverse effects in the past I am going to trace back the pigmentation for you and maybe you can help me out before three years I applied noritate and diana to my face my skin in general was fine I had only one area of pigmentation on my face right side of face inch as that was noticeable I asked a dermatologist if there was anything that I could do to lighten it she gave me tri luma I decided to put the tri luma on the affected area and also a few freckles on my upper cheeks the next day I became extremely red and out of fear of triggering my rosacea I dropped tri luma immediately then after a month I stopped taking diana because I moved back to a colder climate and my face was getting too dry after some eight months the area of pigmentation right side of cheek was started getting darker so I decided to give another try for tri luma I again applied it to the larger area of pigmentation and to the tiny freckles on my upper cheeks the decision to apply it to the freckles was purely a cosmetic decision the next day those freckles turned into full blown pigmentation I immediately stopped the tri luma and the pigmentation in those areas has basically been there up to present day at that time a local dermatologist had suggested me to apply some cortisone cream to the areas to lighten them up the pigmentation subsided very minimally I did not apply the cortisone cream thereafter the pigmentation from this point waxed and waned in intensity up until two months back then it has remained prominent there were a few times during this two year span where my perioral dermatitis flared up and I was told to restart diana which also made the pigmentation worse I was unsure whether the diana was bringing the pigmentation to the surface or whether it was in fact making it worse I went to two dermatologists who had differing views of stop diana and keep using diana I decided to stop as it appeared to be getting noticeably worse again I do not know if this was a whole process of bringing the pigmentation to the surface or not please share your thoughts,low severity,hi I understand your concern rosacea is a chronic condition and treatment is lifelong but we need to find out what is causing it first and treat it accordingly rosacea causes facial flushing erythema telangiectasia papules pustules and sometimes acne like lesions it is usually associated with visible blood vessels in the skin these blood vessels become more prominent when exposed to sunlight or hot weather and they dilate and expand resulting in increased blood flow to the skin and hence reddish appearance of the skin rosacea may occur anywhere on the body but it commonly occurs around the nose cheeks forehead and chin rosacea is aggravated by alcohol spicy food heat humidity stress anxiety and certain medications such as beta blockers antihistaminics and oral contraceptives rosacea is difficult to cure but it can be controlled by proper treatment and lifestyle modifications avoid exposure to known triggers use sunscreen with high spf wear loose fitting clothes and avoid tight clothing that rubs against the skin drink plenty of water eat healthy foods and exercise regularly take tablet metrogyl gel twice daily for five days then reduce dose to once daily for five days then reduce dose to half daily for five days then reduce dose to half daily for five days then stop tablet azithromycin 500 my thrice daily for seven days tablet cl,3.4786865413188934,2.2168684005737305,18,9.178542294489262,0.024999999999999998
gums surrounding my third molar are swollen with pain will amoxicillin help,hi it is a case of pericoronitis do not worry take tablet oflox oz twice daily for five days hexidine mouthwash do gargles with it thrice daily for one week tablet zerodol so twice daily for five days it will relieve it I tell you amoxicillin will not help with this problem get these medicines you will be relieved,hello doctor my gums surrounding my third molar wisdom tooth lower left jaw seem to be swollen I started to feel pain on it yesterday morning and garbled with bactidol this morning the pain seemed to intensify I feel pain when I swallow open my mouth and when I gargle somehow I feel the pain in my throat already I took my first amoxicillin as advice by a dentist friend any advice,low severity,hi  you have mentioned that there is swelling of gums around the third molar which seems to be painful now do you have any history of trauma to the area before this episode did you take any medication for the same if yes what was the dose and duration how many times per day did you take it did you get relief from the symptoms after taking the medicine if no then please start it immediately because it can cause gum infection and may lead to abscess formation also you should visit a dentist and get an ray done to see whether there is any decay inside the tooth or not if there is decay then it needs to be treated immediately to prevent further complications,3.4786865413188934,2.5007705688476562,72,12.19188502880393,0.14054054054054052
I have hyperreflexia can this be neurological,hi revert back with the detailed information to a neurologist online,hello doctor I am 37 years old three years ago I had spine surgery for herniated disc la s1 after the surgery strange symptoms began four hours after surgery when I tried to sleep I got myoclonic jerks then I had problem with ligaments my ligaments started to stretch so easily that I began to hurt myself I was healthy before surgery and had no problems I also have hyperreflexia I have done mri of head and whole spine and the reports are fine rheumatologic test and genetic test for connective tissue are negative too muscle enzyme and egg testing were fine but my problem is getting worse and all this started after general anesthesia and never stopped neurologist says I have hyperreflexia and it is symmetrical but they do not know the reason for the same can this be something neurological is there any neurological condition that would affect ligaments which tests do I need to do please help,medium severity,hi I understand your concern as you mentioned that you have hyperreflexia and it is symmetrically present on both sides and has been persisting since last three years now we should rule out some conditions like multiple sclerosis neuromuscular junction disorder etc if these conditions are ruled out then we should look into other causes such as vitamin b12 deficiency thyearoid dysfunction diabetes mellitus etc meanwhile you may take tablet pregabalin 75 my once daily for two months and see how it goes hope this helps,3.4786865413188934,0.9568138718605042,14,2.6033885159340153,0.02061855670103093
can I be pregnant after missing one shot of depo provera,hi the home pregnancy test is fairly sensitive and very unlikely to miss pregnancy except in very early pregnancy if you suspect pregnancy strongly you can repeat a home pregnancy test again after a week if period does not start most of your symptoms can be either due to indigestion or hormonal imbalance hypothyearoidism or estrogen deficiency you can take antacids pantoprazole for three to four days and see if symptoms resolve if your symptoms do not resolve and pregnancy test comes negative you can do ash thyearoid stimulating hormone test to rule out hypothyearoidism as you have taken depot for a long time estrogen deficiency is likely which can cause all of your symptoms if possible shift to oral pills for contraception for a few months to avoid the same I hope this helps,hello doctor I am a 27 year old female I have been on depo proverb for six years I am not taking any other medications lately I have been experiencing severe mood swings and have not been myself one minute I am dancing around the room and could not be happier the next I am either crying or very angry normally I do not cry and I am usually pretty laid back I have also been getting dizzy mostly when I stand up or walk up the stairs I have trouble sleeping and or sleeping too much I am hungry all the time however when I do eat I feel nausea I have done some research and have found that these symptoms are both common with the injection and also with pregnancy how do I tell if these are pregnancy symptoms or if it is because of the depo shot I did miss my last shot three months ago last month I took a home pregnancy test it came back negative will a home test be enough to tell if I am pregnant or not,medium severity,hi I understand your concern first of all you should get a blood test for serum beta hug human chorionic gonadotropin levels this test can confirm whether you are pregnant or not secondly you need to undergo a scan to check the status of your pregnancy as you missed your period but still tested negative for pregnancy so there is no need to worry about pregnancy at present just wait for the results of the above tests and then take necessary steps,3.4786865413188934,2.302556037902832,151,9.999709453308814,0.15668202764976957
could vomiting cause prominence of the vessels of sclera,hello I can understand your concern regarding your complaints revert back with the answers to the above questions to an eye care ophthalmologist online,hi doctor I am a 21 year old female I was bulimic for about a year it happens once or twice a week I never noticed any permanent changes in my eyes throughout my episodes however the last time I ever binged and purged three months ago I vomited violently a few weeks after this I noticed that the vessels in my sclera are indefinitely more prominent than before did this happen because of the continuous pressure subjected to my eyes with vomiting or could it just be due to many hours of reading and laptop use I have seen an ophthalmologist and he said that there is nothing wrong with my eyes and suspect a very mild case of blepharitis or bilateral dry eyes I am using optive comfort solution I would like to know if my bulimic phase could have caused the prominent vessels in my eyes as this has not been mentioned anywhere else online,low severity,hello I can understand how you must feel upset about your condition but do not worry it will get better soon first of all please stop eating junk food and fast foods eat healthy food which contains vitamins and minerals secondly drink plenty of water thirdly take vitamin supplements fourthly avoid stress and anxiety fifthly try to relax yourself by doing yoga meditation etc sixthly go for regular eye check up every six months seventhly consult an ent specialist for examination of nose throat and ears eighthly follow these instructions for two months and then revert back to me with the reports and photographs of your eyes I hope this helps,3.4786865413188934,1.020662546157837,27,2.775032742305606,0.14814814814814814
I feel that one of my friends uses me monetarily what to do,hello  for further information consult a psychiatrist online,hi doctor I do not have any health issue but I am not in mental peace with my close friends I do something that is unintentional and it bothers my friends this creates a sense of agony in me it bothers me a lot as I overthink the issue can be very small and negligible but I think that one of my friends uses me monetarily may it be a matter of a very small amount I am often embarrassed amongst them but this is because of the reaction of the other people,medium severity,hello  you seem to be having some issues regarding your relationship with your friend however there is no need to worry about it just tell him that he has been using you financially without realizing it if he is aware then he will surely stop otherwise you should take out time from your busy schedule to meet him and discuss things with him kindly let him know that you are his best friend and you would always support him in whatever he decides to do and also help him whenever needed please assure him that you are here for him at all times and he can count on you,3.4786865413188934,0.8338010907173157,10,2.3020524411186853,0.03418803418803419
thought of getting rid of masturbation makes me to indulge excessively why,hi doing masturbation three or four days a week is completely normal also it is a myth that masturbation causes weakness and loss of energy but if you are doing it daily try to engage your mind with something else which you like such as watching to shows playing games eating listening to music etc you can try initially to not masturbate one day in a week then two days after two weeks etc if they are of milder intensity please do a google search for techniques like thought stopping and use any of the methods described such as slapping thigh yelling stop snapping rubber band etc if thoughts are extremely disturbing I would suggest you please visit a local psychiatrist who can give you some medication for a couple of months which will help prevent excessive thoughts,hello doctor I think I am so much addicted to masturbation it has affected me both socially and emotionally I have problems with my self esteem and self confidence I find difficult to talk to girls every time I think it is because of my low self esteem I do not have a girlfriend but I really want to have one I really want to quit this habit I have tried to quit several times but I end up crawling back and wank a lot more please help,medium severity,hi  you can use any of these methods to stop masturbating if you cannot control yourself then you need to consult a psychiatrist for medication and counseling also you should avoid alcohol smoking and caffeine intake as they increase the frequency of masturbation,3.474168121814728,3.106161594390869,142,22.335148295663203,0.15469613259668508
why do I have blurring of vision even after treating viral conjunctivitis,hello I have seen the picture you are having post viral spy superficial punctuate keratitis in your eyes it is a very common condition after viral conjunctivitis it is that small whitish scar marks on the cornea which leads to blurred vision it will take time to resolve you have to continue drops which have been prescribed by your doctor that is perfect drops only so no need to worry it can take three to six months or sometimes one year to resolve just continue drops which you are using right now both you should use it daily for at least a month then you can taper the frequency of it and slowly you can stop it slowly your vision will improve as lesions on the cornea will get resolved,hi doctor I am 24 years old three months ago I got viral conjunctivitis after two weeks everything was fine but eyes got blurred then my doctor recommended me tobramycin fluorometholone acetate suspension and tear natural forte then after using it for one month my vision was clear but then doctor changed eye drops to tobarest and tear natural forte now my vision is getting blurred again what should I do now I have no other problem such as redness itching etc just blurry vision is there please help,low severity,hello I can understand your concern according to your statement you had viral conjunctivitis which has been treated by various medications including tobramycin and tear natural forte at present you are having blurred vision this may be due to some side effects of these medications or may be due to some other cause like dry eyes or allergic conjunctivitis if you did not take any medication for dry eyes then you need to start it immediately because it will improve your condition also you need to stop all the medications which were given to you previously so that we can find out the exact cause of your blurred vision and treat it accordingly if you want to continue with the same medications then you need to consult your ophthalmologist again and get examined he will examine your eyes and decide whether to change the medications or not if you are suffering from dry eyes then you need to use artificial tears frequently every four hours during day time and night time you can use them whenever you feel dryness in your eyes if you are suffering from allergic conjunctivitis then you need to avoid exposure to allergens like dust pollen smoke etc and use antiallergic eyedrops twice daily for five days and repeat the course after seven days,3.474168121814728,2.5190341472625732,139,12.41659826474358,0.1724137931034483
my penis is like an hourglass and bends in a weird way while erect is this peyearonie disease,hi after reviewing your history it seems to me peyearonies disease but I need pictures flaccid partial and complete erection from you to confirm it presentation is secondary to fibrosis in tunic albuginea causing curvature of penis on erection to variable degrees it starts with inflammation and pain but will stabilize and become painless with time over approximately six months its causing factors are not exactly known but related to microvascular injury and healing with fibrosis is more common in diabetics and might be secondary to autoimmune diseases diagnosis is made purely on clinical grounds by history examination and pictures treatment ranges from medications to local injections to surgery which is reserved for significant deformity and curvature I would be grateful to further diagnose and follow up on you please send me pictures to support the diagnosis before I make a strategy for your treatment provide pictures,hello doctor I am a 24 year old male I have noticed that my penis gets really narrow in the middle like an hourglass and bends in a weird way when half erect or in the process of getting erect it gets completely normal when fully erect though and there is no pain this happens once every few days should I be worried I have tried searching online and the closest result is peyearonie however in peyearonie the erect penis gets the hourglass shape with pain but in my case erections are just fine any help would be greatly appreciated as I am quite worried,medium severity,hi I can understand your concern according to your statement you have noticed that your penis gets really narrow in the middle like an hourglass and bends in a weird way when half erect or in the process of getting erect it gets completely normal when fully erect though and there is no pain this happens once every few days should i be worried I have tried searching online and the closest result is peyearonie however in peyearonie the erect penis gets the hourglass shape with pain but in your case erections are just fine any help would be greatly appreciated as I am quite worried peyearonie disease penile curvature erectile dysfunction peyearonie disease peyearonie disease peyearonie disease peyearonie disease peyearonie disease peyearonie disease peyearonie disease peyearonie disease peyearonie disease peyearonie disease peyearonie disease peyearonie disease peyearonie disease peyearonie disease peyearonie disease peyearonie disease peyearonie disease peyearonie disease peyearonie disease peyearonie disease peyearonie disease peyearonie disease peyearonie disease peyearonie disease peyearonie disease peyearonie disease pe,3.474168121814728,3.4031338691711426,163,30.05815091135427,0.11538461538461538
it has been 90 days since my last period with negative pregnancy test should I take duphaston,hi you may be suffering from pod polycystic ovary disease if you want to conceive then the entire approach to treatment changes because we then focus on making you ovulate let me know your lap last menstrual period and health history and also any investigations done previously I understand things are difficult with couid but you can get the treatment at home only do not worry,hi doctor I am 23 years old my mi rate is 29 and I am trying to conceive for the past one and a half years I have irregular periods and my doctor prescribed me duphaston tablets for getting periods last year should I take this medicine again it has been 90 days since my last period I tested for pregnancy it was negative my query is what should I do for getting my periods or getting hormone balance these days I cannot go to my doctor due to lockdown please help,medium severity,hello  you can continue taking duphaston tablet as advised by your gynecologist if you want to get pregnant then you need to start ovulation induction therapy which includes medicines like clomifene citrate etc but before starting any treatment you need to consult your gynecologist and discuss about it because there are certain risks involved in using these medications so yes you can continue duphaston tablet for further information consult an obstetrician and gynaecologist online,3.474168121814728,3.0996742248535156,73,22.190720918411504,0.20000000000000004
my dad is not able to hear from the ear that has a hole in the eardrum is it curable,"While we cannot provide a specific diagnosis for issues related to my dad is not able to hear from the ear that has a hole in the eardrum is it curable, we highly recommend that you consult a qualified medical professional for a proper evaluation and personalized advice.",my dad is 57 years only and he is a diabetic months back he was experiencing ear discharge and visited an ent specialist and was diagnosed with an hole in the eardrum he was given medication but the discharge hasn't stopped yet now is not able to hear from the left ear why is this happening is it serious is it curable,medium severity,hi I have gone through all the details you have provided as per my opinion there are two possibilities first one is that the infection may be spreading inside the middle ear second possibility is that the hole in the eardrum is not healing properly if both these conditions do not improve then surgery will be required to repair the hole in the eardrum and remove the infection meanwhile give him tablet amoxicillin clavulanic acid twice daily after food for five days and antihistaminic like levocetrizine once daily before meals for seven days avoid loud noise exposure and use earplugs when exposed to noisy environment,3.474168121814728,0.026790542528033257,54,1.0271526354357314,0.16993464052287582
what is the reason for my daughter constipation and stomach pain,hi hirschsprung disease cmpa barium enema study continue on same diet till further plan revert back with the previous investigation reports to a paediatrician online,hi doctor my 18 month old daughter has had problems since birth and I am desperate for a second opinion the history is complicated trying to explain the symptoms but I will do my best it was detected polyhydramnios in pregnancy my daughter born at 36 weeks days through emergency section due to pre eclampsia her weight was 3070g no tube passed three times due to polyhydramnios we went home on day two readmitted on day five for phototherapy till months of age several visits with health visitor and go for colic like symptoms and constipation she will scream in pain which opening her bowel and only opening her bowels every four to five days over this time they tried colief infacol lactulose glycerin suppositories ranitidine gaviscon and domperidone nine different formulas and we also tried all common natural remedies for reflux like keeping upright after feeding etc no alleviation of symptoms at all with exception of glycerin suppositories which did seem to help the constipation in months pediatric consultant suggests functional constipation and recommends higher dose of lactulose and movicol for 16 weeks he suggested that we are giving her too many glycerin suppositories and that is making her dependent on glycerin to open her bowels and so glycerin was stopped we delayed weaning whilst waiting for appointment at this point her symptoms completely changed to intermittent diarrhea and constipation bowel frequency increased to once a day colic like pain and she does not start vomiting until the consistency of the food moves up to a more solid consistency the laxatives made absolutely no difference in her 10 months of age the constipation has turned to diarrhea the doctor is happy that it was functional constipation and discharged her at months she had first acute episode of chronic diarrhea and forceful vomiting lasted for 16 days which coincides with the introduction of cow milk during 14 months of age she was introduced to solid food chronic forceful vomiting which does not seem to follow any pattern a food diary is followed for several weeks and there does not seem to be any consistent non ice allergy as a cause during her 14 months of age we had an appointment with dietician and switched from normal formula to pepsi and then neocate her chronic wheeze disappears overnight but chronic vomiting continues she troubleshoot overfeeding as a cause we are feeding her more as she is vomiting when we did not substitute the feeds she lost weight so if she vomited a feed we gave her another one hour later we fed her small quantities throughout the day to try and prevent vomiting again in 15 months consulted her dietician and he suggested definite non ice cow milk protein allergy and to try trial and error with other three common allergies soy wheat and dairy so then for a month we followed strict elimination of those three this month she had only neocate liquid diet plus corn snacks organix and one paella meal symptoms improved but sporadic forceful vomiting remains she tolerated only one baby paella meal well which is overcooked rice very mushy consistency now again we attempted to challenge the three foods back in and move beyond this one meal all attempts were failed her reaction to us seems to be much more about the consistency of the food rather than what the food is she can tolerate a large amount of breadcrumbs but cannot tolerate a piece of toast we continue with food diary and there really is no clear pattern which isolates one food again in her 17 months age when we consulted her dietician he was unsure whether the symptoms fit flies at all and suggests gastro referral then she had second acute episode we went a and on day five and was sent home with suggestion of gastroenteritis chronic vomiting and diarrhea lasted 15 days she lost 10 of her body weight sent home on neocate as the only diet but there is no evidence of gagging choking or problem swallowing no fussing or wriggling during feeding four months back her weight was 12 keg and now 10 keg her barium ray showed mild malrotation but at met it was decided this was not explanation of symptoms we have recently tried omeprazole to rule out severe reflux and it made no change genetic blood tests kidney and abdominal ultrasound were normal for us her symptoms now are identical to what they were like before the onset of weaning again she is suffering from intermittent colic pain and constipation but there is no vomiting she is not sleeping well at all we have increased her water intake and added lactulose and the stools are no longer hard but she still seems uncomfortable stools are very dark green we have tried a couple of solids she prefers crunchy food she tolerates corn based crisps as they basically dissolve into crumbs into your mouth we tried peas grapes and she passed all of the peas grapes and beans completely undigested in her feces without solids she does not sleep well at all because the neocate just does not fill her up for long enough and so she is screaming all night because she is hungry so we tried a few solids and she is still screaming half the night with colic like pain she is clearly in pain because she is absolutely screaming she is pretty inconsolable but the only thing that does relieve it is sucking on something like a bottle of water she is waking up about every 20 to 30 minutes throughout the night during the day she still has this colic like symptoms and she is tired and clingy and uninterested in playing she does tend to have one to two hours a day of good time where she will play happily one month back we had consultation with slt her elder sister is under slt,medium severity,is no pattern to the vomiting or the food diary I have attached some pictures of her stool and blood work done recently I would really appreciate if you could guide me further regarding the treatment plan and how to proceed with the next steps I hope to get better answers soon because I feel helpless right now please help me revert back with the reports to a paediatrician online,3.474168121814728,3.8167221546173096,34,45.45496950168198,0.23157894736842105
I have low sex drive which tends to make me dry soon with no enjoyment in sex why,hi having vaginismus is just like having any other medical problem the only difference is not many people talk about vaginismus not able to have sex can be emotionally exhausting and mentally disturbing but the good thing is that it is a completely curable condition treatment involves a combination of couple counseling and pelvic floor physiotherapy which consists of a thorough pelvic floor examination along with complete objective history by certified pelvic floor physiotherapist following with some relaxation exercises also called myofascial release either with direct interaction or using vaginal dilators physiotherapy increases the chances of success up to 98 patients mostly do not even need medication to treat this condition anxiety relieving medicine may be prescribed for some but only if required the primary treatment methods involve understanding the vagina and exploring it and slowly desensitizing it using vaginal dilators under the guidance of pelvic it for partners of vaginismus patients wise advice would be to be more supportive communicative and sensitive ones rock solid support to their partner is crucial for the chance of a complete cure intimacy is important but there are many ways to express your love pleasure is not the result of just one move take out the time to research and learn about each others bodies love and support is the key in such times,hello doctor I have experienced pain during penetration in the past but for the past six months sex has become such a painful experience for me I no longer enjoy it and I have a nonexistent sex drive I have no sex drive at all and I no longer enjoy sex and it has become so painful I also tend to dry out so quickly my partner and I have tried lube but it does not help at all I still experience pain,medium severity,hi  you seem to be suffering from female sexual dysfunction this can happen due to many reasons like psychological stress hormonal imbalance emotional problems etc there are two types of female sexual dysfunction primary dyspareunia where there is no physical cause secondary dyspareunia where there is some physical problem causing it now coming to your case as per history you do not have any physical problem so it seems to be primary dyspareunia what causes it is unknown but it may be due to psychological factors like anxiety depression relationship issues etc if you feel anxious about your condition then you should consult a psychologist for counseling and therapy if you want to try some home remedies then you can use topical estrogen cream on vagina every night before going to bed for three weeks and see if it helps you can also take tablet clomifene 25 my once daily after food for five days and see if it helps you can also try vaginal dilator exercises and pelvic floor muscle strengthening exercises these will help improve blood flow to the genital area and increase lubrication you can also try using water soluble lubricant instead of oil based ones because oil based lubricants can get absorbed into the skin and cause irritation and burning sensation in the genital area,3.474168121814728,3.2375147342681885,251,25.470342453502862,0.14545454545454545
had sex before two days of periods what is the chance of pregnancy,hello for further information consult an obstetrician and gynaecologist online,hi doctor we had sex before days of her period she had a pill after 64 hours she got her periods but it has been continuing for six days what is the chance of pregnancy please help,low severity,hello I have gone through all the details you have provided as per your history there is no chance of pregnancy if she took emergency contraceptive pill within 72 hours of unprotected intercourse if she missed her next periods then it will be due to hormonal imbalance which can happen because of stress anxiety etc so do not worry about the missing periods just wait for another week and check urine for pregnancy test if positive then go for abortion by consulting nearby gynecologist and get it done if negative then repeat the same dose of pills again after seven days and see the results,3.474168121814728,0.23734363913536072,16,1.267876734988391,0.06956521739130436
without knowing my pregnancy I took hot sauna during my ith week should I be worried,hello neural tube defects nod in the baby mostly occur in women deficient in folic acid or who are diabetic or if they have any family history or as an associated defect with other chromosomal anomalies yes the baby organs do develop in the early weeks of pregnancy and any extreme exposures can pose risk for maternal health and also for fetal development but I have never come across the risk of developing nod with exposure to sauna but anyway it would be better if you avoid it for the future as of now you need not worry too much about this exposure stay calm and stay positive the first trimester scanning at 12 weeks is good enough to pick any nods and I do not think that would be too late or you need to go for any termination of pregnancy just because of the exposure to sauna at this early pregnancy there is no means to find out if the baby has developed any abnormalities or not and also the second to scan detailed anatomical scan at 18 20 weeks can also pick most 90 95 of any structural anomalies also regarding your gestational age calculations if your cycles were always regular then you should calculate the weeks from the starting day of your last menstrual period it would have been really helpful if you had mentioned the same it would have helped me correlate if your assumption of weeks of pregnancy are correct or not I am assuming as you said you are in the fifth week now so you just skipped your periods a few days back tablet folic acid my daily once after food avoid sexual intercourse for the first three months of pregnancy,hi doctor I just found out that I am pregnant ith week at first I was excited then I realized that I went into a very hot sauna 90 degrees celsius for one and a half hours when I was around weeks pregnant weeks from conception the whole point of the sauna is to detox and I definitely was overheating sweating and red faced I did however take two breaks where I jumped in cold water to cool down anyways I read that overheating when pregnant can cause horrible neural tube damage that can lead to birth defects especially in these crucial early weeks when it is forming my question is how worried should I be should I go to a specialist for this is it so bad that I should consider termination my first scan is at 12 weeks and that is the only time I will be able to ask anything and I will be worried it is too late,medium severity,hello I understand your concern as you have mentioned that you had taken sauna bath while being pregnant and also you were concerned about the effects on fetus well sauna bathing is not recommended if you are pregnant because there is no evidence that sauna bathing has any benefits for mother and child but there is some risk involved such as high body temperature which may affect fetal heart rate and blood pressure and increase the risk of miscarriage and stillbirths but the effect of sauna bathing on fetus is not known yet and studies are going on to find out the exact effect of sauna bathing on fetus so do not worry much about the sauna bathing and its effect on fetus but you need to keep yourself hydrated by drinking plenty of water and avoid taking more salt and caffeine intake during sauna bathing,3.357001155614853,2.634160041809082,306,13.931605580984984,0.12873563218390804
is there any chance for recurrence of gbs,hi I have read your question with care and understood your concern for further information consult a neurologist online,hi doctor my girlfriend suffers from a very rare disorder called gas guillain barre syndrome initially she was attacked by the virus three years back and was treated successfully now it has relapsed before two days I want to ask how this is going to affect our future married life is there any chance of recurrence,medium severity,hello  yes you can have recurrent episodes of gbs but if you get proper treatment then no problem at all as far as your future marriage is concerned nothing will change because you both are healthy and normal so do not worry about anything just follow up with your neurologist regularly and take medicines on time,3.357001155614853,0.7649797797203064,22,2.1489509218272205,0.13333333333333333
what blood tests should I get for overly oily skin burning lips a painful throat and thrush,hi there could be multiple factors involved over here as a result of which these symptoms are occurring I would recommend you to perform the following tests mentioned below all these tests have a purpose and can detect any underlying abnormality that is there in the body on the whole there few things that you can follow the symptoms you have most of the times it is the faulty diet and hydration which is reason behind such constant issues in addition please do get the above mentioned tests done so that we can treat you in a specific and precise manner there is nothing that you need to worry as things will fall in place once we treat the etiology of the problem in concern I hope I have answered your query in detail if there is anything more you want to ask or enquire please do let us know and we will get back you asap warm regards,hello does having low and high blood levels have anything to do with overly oily skin burning lips a painful throat and thrush I have been feeling these symptoms for months and I cannot take it anymore I am getting a blood test done this week which levels should I particularly make sure are tested I am looking forward to your reply thank you very much,low severity,hi  I can understand how frustrating it must be for you as you mentioned that you have been suffering from these symptoms for months now so yes there could be many reasons behind it but before we start investigating into the cause of your problem let me tell you one thing if you are taking any medication then please stop them immediately because they may worsen your condition and also delay the investigation process so first of all I would like to know what medications you are currently on and when did you start taking them if possible share those details with me so that I can guide you accordingly regarding the investigations I will advise you to get the following tests done complete hemogram ear erythrocyte sedimentation rate cop reactive protein serum ferritin vitamin b12 level thyearoid profile abc complete blood count ear erythrocyte sedimentation rate cop reactive protein serum ferritin vitamin b12 level thyearoid profile liver function test egg enzyme linked immunosorbent assay serum creatinine urea electrolytes ash thyearoid stimulating hormone fish follicle stimulating hormone oh lutenizing hormone prolactin level serum calcium phosphate uric acid serum sodium potassium chloride magnesium and bicarbonate level serum albumin total protein globulin and albumin ratio serum lipids including cholesterol triglycerides and apolipoprotein levels,3.357001155614853,2.545682668685913,164,12.75193045891808,0.11891891891891891
my year old kid is having high fever for the past days can high abc be the cause,hi whenever we suffer an infection our body immune mechanism comes into action those immune cells are nothing but wbcs white blood corpuscles so if the wbcs are high then either there is an infection or the body is trying to fight bad cells in the body wbcs are not the cause of infection but it can cause fever by its actions so whenever someone has a fever it is very likely that they also have a high abc count there are different types of wbcs which increase decrease in different situations so the aim of doing blood tests is to see if only one type of wbcs are involved or there are multiple increased cell lines our diagnosis depends heavily on which type of wbcs are increased so please put up the babys blood sample reports,hello doctor my baby is years old she is having a high fever for two days now last month when she had a fever we found out that her abc is so high we tested her twice and the second test shows lower results but it is still not normal so her pediatrician advised me to have a third test but due to pandemic I did not do it and my baby was doing well now I think the problem is still with her abc what do you think please advise,medium severity,hi  I understand your concern according to your statement your child has been suffering from fever since two days and also there is a history of high abc count which is suggestive of infection however as you mentioned that the abc count is coming down after testing three times this suggests that the infection is subsiding and no need to worry about it at present if the abc count comes back positive then you should take some precautions like giving antipyretic medicines like paracetamol and give plenty of fluids to drink and rest the child should get examined by a paediatrician again to check his condition and see whether he needs any treatment or not,3.357001155614853,2.7857627868652344,145,16.212179599138587,0.1349206349206349
I feel dizziness and numbness after getting up from sleep for two days please help me,"While we cannot provide a specific diagnosis for issues related to i feel dizziness and numbness after getting up from sleep for two days please help me, we highly recommend that you consult a qualified medical professional for a proper evaluation and personalized advice.",hi doctor I feel head numbness lightly or I can say its dizziness like thing since two days but its not bothering me all the time but it is kind of numbness I am feeling when after getting up from sleeping or sitting position as I do work from home most of the time note I have dandruff problem I done a sugar test and blood test all the reports are fine except below findings lymphocytes 42 observed values 20 40 biological reference intervals lymphocytes absolute count 3500 observed values cells cmm 100 300 biological reference intervals please help me with your valuable feed back and why I am getting this problem thanks in advance,medium severity,hello I understand your concern according to your statement you had headache and dizziness which may be due to many reasons such as low blood pressure sinusitis allergy etc so first we need to rule out these causes before coming to any conclusion about your present condition I would suggest you to get following investigations done complete hemogram ear endoscopy chest ray egg electrocardiography thyearoid profile serum calcium vitamin b12 level serum sodium potassium and chloride levels serum urea creatinine and electrolytes serum ferritin level serum cop reactive protein abc complete blood count with peripheral smear and ear endoscopy if required revert back with the investigation report to a general practitioner online,3.357001155614853,0.13361503183841705,49,1.1429527345277155,0.06410256410256411
can weed smoking cause schizophrenia,hi I read your query and understand your concerns before I answer your question I like to congratulate you for taking the necessary step of stopping cannabis for further information consult a psychiatrist online,hi doctor I have been dealing with anxiety since childhood I am years old now I have been smoking weed for about six months and my quality of life drastically improved now I could sleep at night I went back to being myself happy my confidence went up and my social anxiety virtually disappeared once while watching videos on the internet I came across one talking about reality and how we might be part of some sort of virtual reality when I started thinking about that it really freaked me out and I had a panic attack then the mixture of the anxiety and being high made me really entertain the idea of this reality was fake I was in a constant state of being on the brink of a panic attack for a few days afterwards even while being completely sober I am better now through the day I am fine even thinking back on it makes me kind of laugh but when I am alone at night the thought comes back and no matter how hard I try I cannot take my mind off it I could not sleep because of the anxiety related symptoms putting on a podcast and listening to people talk is the only way to calm me down I hate this and I cannot stop thinking about how I may become this crazy person who truly believes were in some sort of matrix and end up in some asylum rocking back and forth should I be worried about this am I going crazy I do not want to develop schizophrenia and lose touch with reality I have not smoked since the incident and I have gotten better but I am worried that I will never be able to shake off these thoughts although I know these thoughts are completely ludacris and I am truly fine will time resolve this,medium severity,hello  you seem to be suffering from generalized anxiety disorder which can be treated by sari selective serotonin reuptake inhibitors like escitalopram 10 my twice daily after breakfast and lunch and evening tablet haloperidol 5 my thrice daily before meals for further doubts consult a psychiatrist online,3.357001155614853,1.4981368780136108,35,4.473346910538751,0.19753086419753088
why do I have some difficulty in removing the denture,hi I can understand your concern regarding your dental health for further information consult a dentist online,hi doctor I am new to dentures I am wearing it for approximately two months when I take my dentures off the fixodent makes it difficult to remove and it tears my gums I wanted to know if there is anything I can use to aid in the removal so that it is not so difficult time consuming or painful to my gums,low severity,hello  you need to clean your teeth before putting on the dentures as they will be very sticky and hard to put on after cleaning them brush all the teeth including the back of the tongue and inside the cheek with a soft bristle toothbrush and mouthwash rinse thoroughly with water then dry the dentures with a soft cloth and place them over the upper jaw and lower jaw and check whether they fit well by placing them gently into the mouth and see how much space remains between the dentures and the gum line this will help you decide whether you need any adjustments done to the dentures or not if everything fits well then you can start using the dentures normally but remember to keep the dentures away from hot food items like soup gravy etc because these may cause damage to the dentures and also get stuck in the dentures while eating,3.357001155614853,1.218483805656433,18,3.3820559900823723,0.023255813953488372
I am positive for hav with painful bumps on the top of my tongue is it a cancer,hi I have read your complaint and the relevant details and also saw the picture you have attached since you have mentioned that the ulcers healed two weeks ago and still have few fresh ulcers now it could be recurrent aphthous mouth ulcers aphthous ulcers are usually painful but will not lead to cancerous lesions but there are small bursts in your palate which makes me think of viral ulcers as well you also have a history of hav human papilloma virus hence I advise you to take a blood test to rule out viral origin ulcers only then the treatment could be framed you have also mentioned that they are painless now so there is no need for topical ointments to get rid of the pain you should also know a fact that topical steroids should not be used for viral lesions so I request you to complete the blood check and then go ahead with the treatment from a nearby dentist accordingly regarding bleeding gums you have to undertake a complete professional cleaning by a dentist to flush out the dental plaque and chunky substances called calculus after that maintain good oral hygiene including flossing tongue cleaning and toothbrushing twice a day blood test avoid hot and spicy food take nutritious food rich in vitamins such as green veggies because ulcers could be associated with vitamin deficiencies follow up after three weeks,hello doctor about a month ago I had the worst outbreak of canker sores in my life I had 10 or 12 at once horribly painful and I could barely eat or drink over about two weeks they healed but I still have a few painless bumps on the top of my tongue and in the back of my mouth I will attach a photo of the bumps in the back of my mouth there are two on either side the bumps on my tongue are too far back to get a proper photo I tested positive for hav so I am mildly concerned about cancer brushing my teeth also causes a lot of pain to my gums occasionally they bleed a little I never had an issue with that before the canker sore outbreak,high severity,hi I understand you must be very upset about this condition as you said you had a severe outbreak of canker sores which lasted for more than two weeks now coming to your query regarding the bumps on the top of your tongue these may be due to herpes simplex virus infection if yes then it is unlikely to cause any problem unless it becomes large enough to affect swallowing or speech however if you do not have any other symptoms like fever or swollen glands then no need to worry about them just keep them clean and avoid touching them with your fingers while eating or drinking,3.357001155614853,2.641268253326416,257,14.030987174473013,0.1286549707602339
my ears are blocked with pain and discomfort and ear drops did not help why,hello it does not necessarily have to be due to earbuds causing otitis external though that could be one possibility there are others also can you tell me if you had a cold recently does it feel like there is a fluid inside the ear do you feel like you need to pop your ears is there any throat irritation how severe is the earache it could be secondary to middle ear infection also,hello doctor my ear has been blocked for the past three days there are mild pain and discomfort this could have been caused because of the earbud I used ciplox ear drops and have tried crocin pain relief but it does not help ear feels extremely uncomfortable and hearing is muffled please suggest some anti inflammatory antibiotics as I am unable to visit a doctor because of the couid 19 situation,medium severity,hi I can understand your concern according to your statement you had ear blockage and pain which was relieved by ciplox ear drops and crocin painkiller however after three days the symptoms reappeared so what happened is that you might be having otitis externa which is inflammation of external ear canal due to prolonged use of earbuds and improper cleaning of ear canal if you do not clean properly then bacteria will get accumulated inside the ear canal and cause infection leading to ear blockage and pain also you should avoid using earbuds at all cost because they are very harmful and can lead to permanent damage to the ear canal and tympanic membrane if you continue to use them then you may develop chronic otitis externa which is difficult to treat and can last for months or even years so stop using earbuds immediately and start proper cleaning of ear canal with cotton buds and wash it regularly with warm water and soap also take tablet augmenting 650 my twice daily for five days and tablet cefixime 400 my once daily for five days and tablet serratiopeptidase 25 my thrice daily for five days these medications will help to reduce the swelling and pain in the ear and prevent further infection from developing also you can apply paracet,3.344890296459198,2.2599828243255615,79,9.58292457215825,0.1296928327645051
I struggle between my self confidence and low esteem how to handle it,hello you seem to have an anxiety type disorder mixed with depressive episodes you will need to visit a psychiatrist and he will prescribe you sari selective serotonin reuptake inhibitor type of medicines which will help with your problem it basically happens when some neurotransmitters such as serotonin reduce in your brain leading to a problem with handling the day to day stresses of life medicines are usually given for two to four months and then tapered off slowly and stopped the medicines I have mentioned are usually prescribed by psychiatrists apart from those you can take melatonin or 10 my it is available in any decent pharmacy over the counter and does not need a prescription you can try taking that daily at night apart from that you can try some sleep hygiene methods like maintain good temperature no noise or light one hour prior to bed wind down and try reading or music do not use the laptop to or phone one hour prior to sleeping avoid caffeine alcohol or tobacco two hours prior to sleeping avoid exercises three hours before sleeping and take warm milk at bedtime go to bed only when sleepy and avoid other activities on bed use bed only for sleeping or sex if you do not get sleep do not toss and turn get up go to another room walk about for 10 15 minutes and come and lie down see for 10 minutes if not sleepy go out again try deep breathing exercises progressive muscle relaxation techniques or yoga or meditation it will also help,hello doctor I am not sure what I am feeling I struggle with self confidence and low self esteem I am in a management position at my work place yet this has been my struggle for a long time now I am a single mom and my previous partner was a narcissist I think it pushed me further into fear of relationships I am scared of failing even as a parent I hate socializing yet I need friends I just do not know how to break from this when a guy shows interest in me I get so overwhelmed and clingy and never works I have isolated myself from my family and friends I do not know how to build relationships and I have to fake my friendship I cannot sleep at night fully and I wake up every two hours losing at least two to three hours of sleep a night or more my boss in the office has already noticed and given me feedback I need help I feel like I am losing it,medium severity,hi  you seem to be having anxiety issues which can be treated by some simple techniques first thing is to accept yourself and start building your confidence secondly try to find out why you are feeling this way thirdly if possible talk about these feelings with someone who will listen without judging you fourthly take deep breaths whenever you feel anxious fifthly go outside and spend time in nature sixthly exercise regularly seventhly eat healthy food eighthly avoid caffeine alcohol and smoking ninthly drink plenty of water tenthly meditate daily for five minutes last but not the least keep a diary of all things that happen around you and write down your thoughts on them and then decide whether they are positive negative or neutral and finally act upon them according to their importance hope this helps,3.344890296459198,2.001601219177246,278,7.40089707472684,0.12000000000000001
my hiv ran and fourth generation tests are negative what is the chance of turning positive,hi see a rash does not confirm the diagnosis of hiv a rash is a very common finding in viral infection and you could have got the viral infection from your partners only luckily this time the virus was not hiv the fourth generation per tests are highly sensitive and hence you do not require any further evaluation I would hereby conclude based on the details that you do not have hiv I would also recommend you to avoid unprotected sexual exposures as well as to indulge with more than one partner every time you cannot be lucky like this time I hope this helps,hi doctor about a month ago I had protected sex with a woman and unprotected oral sex with her as well then two days after that I had unprotected oral sex and fingered a different woman five days later I got a low fever of about degrees the following day I got chills night sweats joint pain and a bad fever about 102 degrees that broke that same night the next day I got a rash that covered my entire stomach chest arms and legs I went to the hospital and they told me they thought it was a viral rash the rash went away in about 24 hours I got an hiv ran and fourth generation test done ten days after the last incident and then I got another hiv ran and fourth generation test done again at 17 days from the last incident both came back negative I tested the woman that I had protected sex with using oraquick and she came back negative but I did not test the woman that I had unprotected oral sex with could this still be hiv I have never gotten a rash like that before in my life what are the chances that this could be hiv based on the two negative ran tests,high severity,hello revert back with the answers to the above questions to an internal medicine physician online,3.344890296459198,2.8357770442962646,109,17.043638818604133,0.049586776859504134
what are these red itchy bumps on my face and arms,hi I have seen your picture and written descriptions it looks like popular urticaria or urticarial vasculitis or polymorphic light eruptions pile you can try 1 mometasone cream twice daily over arms and fluticasone 05 cream once daily over face along with tablet monteder combination of montelukast and levocetirizine once daily for five days if your bumps did not disappear in five days then go for skin biopsy to rule out urticarial vasculitis and pile you really need regular follow up to dermatologist if your lesions does not subside for further information consult a dermatologist online,hi doctor I have been having red itchy bumps on my face and arms for the past three weeks I was given fluocinonide hydrocortisone and hydroxyzine by my doctor and dermatologist the medications have not been helping at all please help,medium severity,hello revert back with the answers to the above questions to a dermatologist online,3.344890296459198,2.397326946258545,129,10.993750184198234,0.10909090909090909
can excess intake of water give false negative drug test,hi for further information consult an internal medicine physician online,hi doctor I took a drug test and it came out negative I am on oxycodone my gabapentin methocarbamol and lisinopril how could it come out negative while taking these drugs I drink a lot of water is this the cause how does this happen please help,low severity,hello  you have taken all the medicines prescribed by your physician and they are safe and effective for your condition however if there was any doubt about the accuracy of the drug test then you can repeat the same test after two weeks and get back to me as we cannot comment on the results until we know what kind of test has been done and also whether you had consumed alcohol or other substances before testing,3.344890296459198,0.2590670585632324,11,1.2957206910826766,0.04597701149425288
can spinocerebellar ataxia be cured,hi I have read your question with care and understand that your mother is provisionally diagnosed with spin cerebellar ataxia for sca type to 28 idebenone a free radical scavenger glutamate antagonist riluzole may offer modest benefit acetazolamid can be used for treatment for other ataxias the most important step in management is to identify treatable disease entities mass lesions diagnosed by imaging treated by removal or decompression paraneoplastic disorders diagnosed by clinical patterns specific autoantibodies primary cancer treated by removal of the tutor immunotherapy ataxia with anti gliadin antibodies and gluten sensitive enteropathy treated by gluten free diet malabsorption syndromes leading to vitamin deficiency may lead to ataxia treated by vitamin supplementation vitamin deficiency form of friedrich ataxia treated by vitamin 6 vitamin be deficiency treated with vitamin be vitamin b12 deficiency treated with vitamin b12 hypothyearoidism treated with thyearoxine,hello doctor my mother is provisionally diagnosed with sca spinocerebellar ataxia is this disease treatable or her condition will worsen please help,medium severity,hi I have gone through all the details you have provided it seems like she has some kind of degenerative disorder affecting the nervous system which can cause loss of muscle control coordination and balance as well as speech difficulties so yes there is no cure but there are certain medications available which can slow down the progression of the disease and improve the quality of life by controlling symptoms such as spasticity tremors and gait problems etc however if possible get done a mri magnetic resonance imaging scan brain and spine to rule out any other causes for these symptoms such as multiple sclerosis or tumors etc meanwhile continue taking tablet levosulpiride 50 my twice daily after food for pain relief and clonazepam 20 my once daily before sleep for seizures and avoid alcohol and smoking,3.344890296459198,3.033412218093872,195,20.767976689432377,0.08633093525179855
I am trying to conceive with cos but fertisure and ovabless are not helping why,hello cos polycystic ovary syndrome and also hyperthyearoidism can cause infertility I saw your examination the ash thyearoid stimulating hormone levels is normal the medication you have taken are only supplements if you have menstrual irregular bleeding you can correct it with contraception pills for two to three months and then try to conceive again first I would recommend you to evaluate the ovulatory process with ultrasound examination at 12 15 days or measurement of progesterone at 21 days and after that take some medication that induces your ovulation but you have to be in a close follow up with a doctor,hello doctor I am trying to conceive for the last 5 years but not successful I was on fertisure and ovabless for six months and discontinued because I did not see any results and I am diagnosed with cos I am now on carbimazole my for hyperthyearoidism,medium severity,hi I have gone through all the details you have mentioned it seems like you are having cos complete ovarian failure which means there is no ovulation from the ovaries so we need to look for other causes of infertility if you had been taking tablets for cos then you should be able to get pregnant naturally without any treatment as long as you do not have any other cause of infertility such as blocked tubes etc you can try natural methods of conception like intercourse every third day during the fertile period of the woman cycle and wait for a month or two for pregnancy if this fails then you may consider using assisted reproductive techniques like ivf intracytoplasmic sperm injection and embryo transfer after consulting with your gynecologist and getting evaluated for fertility issues,3.344890296459198,2.5540771484375,123,12.859426837789544,0.14285714285714288
what could be the reason for blurred vision following a hit on the eye,hi for further information consult an eye care ophthalmologist online,hi doctor two days back I got a hit in my eye with a ball still it is paining with blurred image please help,medium severity,hello  I have gone through your query and can understand your concern as you mentioned that there was a hit in the eye which resulted in pain and blurring of vision now since how many hours did this happen do you feel any light sensitivity or watering of eyes if yes then you need to visit an ophthalmologist immediately as soon as possible because there might be some damage to the retina or optic nerve due to the impact of the ball so get an eye examination done by an ophthalmologist and ray of the affected eye also check your blood sugar levels and hemoglobin level,3.344890296459198,0.16484767198562622,13,1.1792134777819716,0.05172413793103448
what are the ways to cure balanitis,hello if the symptoms have been present since a week did you take any medicines or cream for those did you start any antibiotic how is your personal hygiene can you take a picture of the affected area with retracted foreskin and send to me are you circumcised you need a course of ciprofloxacin tinidazole or ofloxacin ornidazole with some anti inflammatory medicines local application creams and lukewarm water rinses of the penis twice daily you may refrain from sexual activities till you get better please provide us more details so that we can help you better are you a diabetic is there any medical condition for which you take medicines regularly,hello doctor I am a male 51 years old height feet inches balanitis problem an unpleasant smell redness around the glans inflammation soreness itchiness or irritation of the glans,medium severity,hi revert back after three weeks to a urologist online,3.345396935939789,2.502671241760254,130,12.215079850333462,0.04918032786885245
I have pimple scars all over the face and seeking permanent solution please suggest,hi pimples present on whiteheads blackheads abscesses over the face this is the spectrum of acne vulgaris which is common at a young age in your case as you have reported there are active lesions as well as active acne this occurs due to androgen production during the young age which leads to sebaceous gland overactivity and their blockage and inflammation it can be cured by drugs as well as general prevention general prevention includes avoiding oily things over the face and over the scalp avoid steroid creams over the face diet has no much role in acne vulgaris some cosmetics also increase acne drug treatment includes capsule isotretinoin 20 my od with meals at night for four weeks clindamycin gel twice daily for four weeks salicylic acid face wash use for 30 seconds daily if there is a lot of dryness due to this treatment use salicylic acid face wash only alternate day take plenty of fluids do not touch the face too often this treatment sometimes has to be continued for three to four months as per response when active acne stops coming acne star are treated according to their type by microsurgery methods please review after four weeks with photo I do not advise taking any other extra tonics oils or any food supplements as they can increase acne I hope this helps,hi doctor I have been very prone to acne and I have pimples and pimple marks almost everywhere on my face for three years even though I use master anti pimple facial wash and master anti pimple cleanser every night it does not seem to be the solution I am about to use skintight body care rejuvenating set and I also have a skinmate shark oil is it fine to use the set with the shark oil can you please suggest a solution is it necessary for me to use pore minimizer are my pimples might be caused by strong products do I have to buy stronger products to get rid of my pimples and pimple marks,low severity,hello  I understand your concern regarding acne vulgaris and its treatment well there are many ways to treat acne vulgaris but as per your query I would like to tell you that you should avoid using any product containing benzoyl peroxide or salicylic acid these two ingredients will cause more damage to your skin and increase the number of pimples so you should definitely avoid them if possible you can use retinoids like tretinoin which helps in reducing the size of pores and improving the texture of the skin you can apply this cream twice daily after washing your face and before applying moisturizer you can also take tablet vitamin b12 once daily for weeks to months you can also try taking capsule levocetirizine one tablet at bedtime for weeks to months this medicine has anti inflammatory properties and reduces the redness of the skin you can also try oral antibiotics like augmenting combination of azithromycin and clindamycin for weeks to months you can also try topical antibiotic creams like fusidic acid or mupirocin ointment for days to weeks you can also try laser therapy or chemical peeling to remove the pimples and improve the texture of the skin you can also try microdermabrasion to remove the dead skin cells and improve the,3.345396935939789,2.928562641143799,257,18.700731507504123,0.14123006833712984
how to help a teenager with mood swings and hallucinatory thoughts,hi as per your history I find that the patient sometimes is high and sometimes depressed though some more details about the symptoms are required however I may say that the patient is suffering from bipolar affective disorder as the name suggests it has two poles the first pole is depression which is very common where the patient feels sad has decreased energy and pleasure and can have suicidal ideas the second pole being mania where the patient appears high they talk continuously talk high things about themselves highly energetic sometimes they have psychosis associated when they hear some unusual voices in their ears called hallucinations this condition requires urgent psychiatric intervention,hello doctor I would like to discuss about one of my family members he is a teenager and he is 14 years old I want to discuss his up and down moods is it just because he is a teen his mood is very strange I think so when he is really happy or high I call it he does stuff like he has enough energy to last forever and he has these ambitious plans and ideas he wants to do when he is like I say he is losing touch of reality cause he says he sees stuff that are not there and sometimes he feels like a religious person like god and sometimes there are voices in his head to tell him to jump off the bridge for fun or something like that and I know off these episodes only last about a day or two or even a week but I know he has depression but anyways when he is depressed he tends to have no energy at all to do anything at all and he is always tired and he becomes suicidal what in your opinion he has please tell me the cause I know he is depressed but why does he tend to be high,high severity,hi I can understand how you must be feeling about your son this is a difficult time for everyone as parents we need to take care of our children during such times first of all I will explain some facts about teenagers they are going through many changes physically mentally emotionally socially psychologically their hormones are changing which causes them to feel moody irritable angry sad lonely guilty shame and worthless they also experience early puberty earlier sexual development earlier menarche earlier facial hair growth earlier body odor increased appetite and weight gain etc if you look closely most teenagers go through similar phases of ups and downs and then settle into a stable state after a few months or years of adolescence the symptoms of depression include persistent feelings of sadness loss of interest in activities once again loss of energy difficulty concentrating sleeping problems irritability and fatigue and suicidal ideation the symptoms of mania include elevated self esteem grandiose thinking inflated sense of power or importance excessive talkativeness racing thoughts flight of ideas pressured speech impulsive behavior poor judgment inappropriate social behavior risky behaviors and substance use the treatment of depression includes antidepressant medications psychotherapy and lifestyle modifications while treating mania the focus is on reducing the risk of harm to oneself or others and improving functioning the treatment of mania includes antipsychotic medication lithium therapy and/or divalproex sodium therapy I,3.345396935939789,3.0169472694396973,116,20.42883267561612,0.10404624277456648
can coronavirus cause itchiness in throat and shortness of breath,hello anxiety can manifest itself in physical or psychological symptoms or both the irritation sensation you are experiencing is a part of your anxiety also please do not believe the hype about couid it has a low mortality rate of 3 percent that too mortality is very high in people above 60 70 years with other co morbidities you do not have any such disorders and you have not even been in contact with anyone so do not worry please continue to take your medicines for anxiety if you are taking them if not please consider visiting a psychiatrist and get started on some low dose sari type of medicines also if needed a low dose benzodiazepine can be added temporarily also please do some deep breathing exercises or progressive muscle relaxation you can also take some honey with water to reduce the itching in the throat and also try doing some gargles with lukewarm salt water,hello doctor I am a 23 year old man I have anxiety and depression but no immunodeficiency disorders or chronic diseases first I want to know if my immune system is weakened and how likely am I to die of coronavirus second I have itchiness in my throat and shortness of breath I always have it because of anxiety but now it is more persistent than before I also feel a very subtle feeling of pain burning sensation and itchiness in my chest I did not go out during the past ten days and have not been in contact with someone with positive couid and I quit smoking past week down to one or zero cigarettes from 20 a day why am I feeling itchiness and pain and burning sensation how likely am I to have couid 19 and how likely am I to die from it,medium severity,hi you seem to be having some symptoms which could be due to allergy as well as coronavirus infection however there are certain things which need to be ruled out like whether you had fever or cough or difficulty breathing or any other symptom which would help us to differentiate between these two possibilities so please answer the following questions do you have any history of travel abroad recently do you have any recent exposure to anyone who has couid 19 do you have any history of diabetes hypertension asthma or heart disease do you have any history of cancer or kidney disease do you have any history of drug abuse or alcoholism do you smoke or drink any medication do you take any medications for allergies or respiratory problems do you have any other symptoms like headache nausea vomiting diarrhea etc do you have any family history of couid 19 or any other serious illness do you have any other health issues like high blood pressure diabetes or heart disease do you have any other symptoms like fever sore throat dry cough runny nose sneezing etc do you have any other symptoms like headache nausea vomiting diarrhea etc do you have any other symptoms like fever sore throat dry cough runny nose sneezing etc,3.345396935939789,2.2708475589752197,174,9.687608154718856,0.12365591397849462
I have dysuria with previous history of ti how to treat this,hello  I can understand your concern according to your statement you have been suffering from dysuria is painful or difficulty in micturition it can be resulted from urinary tract infection ti sad sexually transmitted disease kidney stone ovarian cyst interstitial cystitis vaginal infection bladder cystitis pyelonephritis urethritis etc treatment depends on causes so we should undergo some investigations like urine routine urine m us ultrasound of a serum creatinine urine for s to find out exact causes for your dysuria and then treat them accordingly as an example if causes are cystitis pyelonephritis or urethritis then they have resulted from bacterial indecision so anti bacterial medication should be needed take plenty of water and do not hold urine take cranberry juice and citrus foods you can take cefixime 400 my twice daily for 14 days and abstinence from sexual intercourse during antibiotics,hello doctor I am a 25 year old female my main concern is dysuria that started the previous night I also had a history of kidney infection when I was young so I am extra cautious about unis I have had a relatively little intake of water this week how can I treat this without going to the hospital for a urinalysis can you prescribe me something,medium severity,hi I understand your concerns as per your statement you have been diagnosed with urinary tract infection and now you are having symptoms of dysuria which means burning while passing urine it could be due to bacterial infection but there are other causes like non bacterial prostatitis etc if you do not get relief from antibiotics then you need to visit a nearby doctor and get investigated further for further management you should take tablet nitrofurantoin 100 my twice daily after food for five days and tablet ciprofloxacin 500 my once daily before breakfast for five days drink plenty of water and avoid spicy foods and alcohol if you feel any burning sensation while passing urine then you should stop taking these medications and consult a nearby doctor for further evaluation and treatment,3.345396935939789,2.691429376602173,175,14.75274808975919,0.2109090909090909
is it safe to use kojitin gel for melasma for a longer period,"hi, I have seen your query with your descriptions it seems you have developed dermal melasma kojivit is safe and it is non asteroidal it does not cause thinning of skin and safe for long term use beside this must use sunscreen like blinds sunscreen daily during morning and use dermadew glow face wash twice daily also take antioxidants tablet once daily protect from uv ultraviolet radiation and repeat sunscreen after four hours if you are going out",hello doctor I am a 46 year old female I have been suffering from melasma for the last four years it is only small patches on the cheekbones but very dark I have been told it is dermal which is very stubborn and does not go easily I took lots of treatment from good dermatologists like used topical creams like hydroquinones retinoids etc few chemical peels are done but no effect and that area became thin and wrinkled what treatment should I go for currently I am using only kojitin is it safe to use it for a long time I hope it will not make my skin thinner,low severity,hi you can continue kojitin gel as it is effective for melasma if there is any improvement after two weeks then increase its application by twice daily and once at night also you can add other medications like tretinoin cream 05 my twice daily for five days and then stop it for three days again apply kojitin gel twice daily for one month and then repeat this cycle for another month and then stop it completely avoid sun exposure and take vitamin supplements like folic acid and iron tablets for further doubts consult a dermatologist online,3.345396935939789,3.51462459564209,90,33.60331072650856,0.13793103448275862
what sort of examination is carried out for erection problem,hi it depends on what all positive findings you give while giving history for example the doctor will ask you for diabetes high blood pressure any regular medicine intake psychiatric medicines low hemoglobin symptoms etc these diseases usually cause ed erection dysfunction as a secondary cause then depending on what comes out of the conversation the check up will consist of general body workup for the ed part the doctor will surely look for a local problem the size and consistency of tests the shape and size of the penis he will then try to check for erection as a reflex on touching and will also check for skin retraction the next step can be a stamp test or a penile doppler where the blood supply of the organ will be checked there can also be a nerve conduction test done if the doctor thinks that the nerve supply is deficient I hope this helps,hello doctor what will my doctor exactly do while examination when I tell him I am having erection problems,medium severity,hi  it depends on the cause of erectile dysfunction if there is any psychological issue then he may ask you some questions regarding your relationship and sexual life if there is no such issues then he may examine you physically and check for any physical causes like diabetes hypertension etc if all these tests are normal then he may start treatment based on the cause of erectile dysfunction,3.345396935939789,3.1651535034179688,162,23.69238061511428,0.14349775784753363
what might cause chronic constipation in a year old kid,hello I understand your concern after going through the ray report it shows on the ith no gross constipation noted on ith and 10th ray constipation noted with colon filled with stool but the actual problem has started from ith stool formation for years old child usually takes 24 to 48 hours depending upon diet pattern if low fiber intake and low water intake is there constipation can happen constipation can also occur secondary to local bowel inflammation,hello doctor my son has had chronic constipation issues and this past week he was at the er three times two enemas were given and eventually they hospitalized him and they inserted an eg tube to flush out his bowels I am trying to figure out the time frame it takes for a four year old to become that backed up he came home saturday night had not had a bowel movement on that day nor he drank his normal amounts of fluids the next day he had a huge piece of stool come out with blood upon wiping immediately after he pooped his pants with stool that had much softer consistency not diarrhea then he passed another hard piece of stool at night monday night he passed a larger piece of stool once more and blood was noticed upon wiping tuesday morning he passed another large piece of stool and the toilet filled with blood and I took him to er I have all the summaries from the visits and ray results I am trying to figure out if constipation started prior to sunday or if he got constipated from sunday through tuesday I need an opinion on this matter as I am trying to figure out the behavioral aspect of his constipation he is currently taking three ex lax chews at am daily and 85 my miralax in 20 ounces of fluids every friday for one month,medium severity,hi I can understand how frustrating it must be for you to see your child suffering from such problems but do not worry there are many things which we can do to help him get better first thing is to start giving him fiber rich diet like whole wheat bread oats rice etc also give him plenty of water drink at least eight glasses of water per day secondly start giving him probiotics supplements like lactobacillus rhamnosus hinf1a capsule twice daily before meals thirdly start doing regular exercises like walking running cycling swimming etc fourthly try to keep him active during playtime fifthly avoid using any kind of laxatives unless absolutely necessary sixthly take him to the er when he gets severe abdominal pain or vomiting or fever or difficulty breathing or wheezing or drowsiness or lethargy or loss of consciousness seventhly consult a pediatrician regularly and follow his advice and instructions lastly teach him about proper hygiene and personal cleanliness so that he will not develop any other problem due to improper hygiene and personal cleanliness hope this helps,3.345396935939789,3.6444952487945557,90,38.263454451716356,0.06976744186046512
will cholesteatoma cause damage to middle ear structures,hi I have seen the it report there is a residual soft tissue density in your right middle ear likely granulation tissue additionally there is right mastoid effusion meaning air cells in the mastoid bone filled with fluid combination of mastoid effusion and middle ear soft tissue results in fullness and may explain the pain soft tissue around the middle ear ossicles results in conductive hearing loss it is expected that you have a mild or moderate hearing loss good news it is usually reversible with regression of granulation tissue regarding granulation tissue it usually regresses and your symptoms usually get better with time regarding evidence of cholesteatoma there is no evidence of bone resorption especially sputum is very well preserved unfortunately this granulation tissue may progress to cholesteatoma you understand that if your symptoms get worse on the left ear there is evidence of cholesteatoma surgery partial mastoid resection mastoid cavity looks clean very minimal soft tissue in the left middle ear bilateral inner ear meaning the sensorial part looks good additionally minimal mucosal thickening in right posterior ethmoidal cells are present I hope this helps right middle chronic otitis without evidence of cholesteatoma follow up if symptoms get worse repeat ent examination and scan,hello doctor I have had an ear infection right ear for the last several months including fullness pain in and behind the ear and foul smelling discharge recently I completed the 10 days dose of ciprodex drops and the discharge has cleared but fullness and pain have not reduced recent hearing test also showed mild moderate hearing loss in the right ear and tinnitus I have a history of cholesteatoma in the left ear doctor noted visualization of granular tissue in the attic during the last appointment and ordered a it scan to rule out cholesteatoma in the right ear is there anything remarkable in either ear on these scans any evidence of cholesteatoma if so has it done any damage to the middle ear structures also can you tell me what surgery they did on my right ear,medium severity,hi I went through all the details posted by you as per your description it seems like you have chronic otitis media with cholesteatoma which is causing your symptoms please do follow up after the investigations to discuss further about treatment plan,3.326553612947464,2.905390501022339,248,18.27237764135301,0.1129032258064516
I am suffering from major depressive illness sleep deprivation and anxiety attacks I need help,hello  how long have you been experiencing features of depression anxiety and related symptoms is there any ongoing stressor in your life that is exacerbating your symptoms being a doctor can itself be an exhausting and demanding job I note that you are taking petrol 5 mugs clonazepam petrol is good for short term management of stress anxiety and help you to calm down as you know it is not recommended for long term use due to risk of dependence and tolerance you can use petrol occasionally as needed for unto weeks if depression and anxiety symptoms are severe and persistent you will benefit by taking saris like fluoxetine sertraline or escitalopram in addition to medication make lifestyle changes to improve your mood regular exercise helps try walking for atleast 20 30 mins daily talk to a trusted family member friend about any ongoing difficulties if feasible consider cut which will be helpful to manage and prevent relapse of depression anxiety hope this helps take care,i am suffering from major depressive illness sleep deprivation anxiety attacks heavy breathing fatigue and exhaustion I am a doctor myself and currently taking petrol 5mg I need help,high severity,"While we cannot provide a specific diagnosis for issues related to i am suffering from major depressive illness sleep deprivation and anxiety attacks i need help, we highly recommend that you consult a qualified medical professional for a proper evaluation and personalized advice.",3.326553612947464,2.5162737369537354,188,12.38237062179627,0.10526315789473685
I am having irregular periods with abdominal pain and cramps please suggest medication,hi the main issue for you is your weight once you lose weight the medicines will act better kindly do join a gym and reduce your weight and bring mi to at least 25 you must lose weight in a healthy way and not only by dieting avoid junk food and follow a healthy lifestyle medicines that were prescribed to you are correct and do not cause weight gain so do not worry I cannot prescribe medicine online but you may continue taking dinette along with weight reduction only then it will cure the disease if you are not able to reduce weight despite gymming consult a bariatric surgeon,hi doctor I am 32 years old my height is 7 and weighs about 10 keg I am having irregular periods from a long time pod was detected and prescribed dinette 35 and my tone as I remember I took for two months and my weight was increased by 10 keg and so I stopped no medicines at present I used to take primolut for delaying periods during any functions but now I stop that too I am facing severe abdominal pain cramps during irregular periods usually occurs once in one and a half to two months making me unable to move sleep walk ride vehicle etc my friend asked me to take apcod sachet for irregular periods but I did not take yet it would be great if you could help me with my period issues or prescribe medicine I am allergic to cold and dust and my chest specialist has asked me not to take any steroids due to overweight rest I do not have any problem I have done us pelvis and abdomen thyearoid to and ash I do not have a thyearoid problem,medium severity,hello I can understand your concern according to your statement you are suffering from irregular menses and also experiencing abdominal pain and cramps for further information consult an obstetrician and gynaecologist online,3.326553612947464,2.760075807571411,117,15.801040741383302,0.09929078014184398
does high cholesterol medicine have any side effects,hi your vitamin levels thyearoid levels and hba1c are quite good regarding your high cholesterol it may be due to hereditary and food related you have a high risk of coronary artery disease as you have a positive family history and high cholesterol if you have any severe muscle pain report to a physician it is a rare side effect theoretically consult your doctor discuss with him or her and take the medicine with consent for further information consult a general medicine physician online,hi doctor my cholesterol and triglyceride levels are elevated but they were the same in my previous checkup reports too I am a bit reluctant to take medication because of the side effects my father has both cardiac and diabetic issues I am doing exercise regularly and my intake of sugar is also under control I do not smoke but drink pegs only on saturdays can you please let me know why my cholesterol levels are still high is it too high to take medicines is there any side effect with the medicines what precaution do I need to take in my lifestyle I know that the long term elevated levels of cholesterol is risky please help me,low severity,hello  I understand your concern about taking medications for high cholesterol as you mentioned that your father had heart disease and diabetes so we should be very careful while giving treatment for high cholesterol however if you are willing to go ahead then I would suggest you to start statin drugs like rosuvastatin 10 my once daily after breakfast for six months and then review your lipid profile again and decide whether you want to continue this drug or not if you are unwilling to take these drugs then you may consider following lifestyle modifications which will definitely bring down your cholesterol levels and prevent further complications such as heart attack stroke etc avoid fatty foods fried foods fast food junk foods alcohol smoking eat more green leafy vegetables fruits whole grains cereals pulses beans nuts fish eggs low fat milk yogurt cheese cottage cheese paneer ghee butter cream oil mustard seeds sesame seeds flaxseed chia seeds walnuts almonds cashews peanuts pistachios etc avoid red meat pork lamb beef chicken liver kidney turkey bacon sausage sausages hot dogs etc avoid trans fats margarine shortening vegetable shortening hydrogenated oils partially hydrogenated oils etc avoid dairy products containing full cream milk cream cheese ice cream sweetened condensed milk sour cream sour cream whipped cream sour cream sour cream sour cream sour cream sour cream sour cream sour cream sour cream sour cream,3.326553612947464,2.388286828994751,91,10.894813267817282,0.09554140127388536
what is third hand smoke,hello for further information consult an internal medicine physician online,hi doctor my question is about third hand smoke my husband and I do smoke and we are trying to quit my daughter in law is so concerned about third hand smoke we are no longer allowed to see our grandchildren until we have completely quit smoking we only smoke outside and are down to five cigarettes a day we have never smoked around our grandchildren she says that even we smoke outside the third hand smoke gets to us and we transfer it to our house are we really putting our grandchildren health at risk,medium severity,hello  yes you are right there can be some harmful effects of secondhand smoke on children but if you stop smoking then it will be better for them as well as yourself also keep in mind that there is no such thing called third hand smoke anyway it is just residual tobacco residue which sticks to clothes walls etc and cannot be removed by cleaning up these areas but still they may cause some harm to people who come into contact with those places like children pets etc so please continue quitting smoking and try to avoid exposure to other people when you smoke out in case you need any further help feel free to consult me again,3.326553612947464,0.4445488750934601,11,1.559786378605592,0.0625
I get chest pain and burping after each meal what could be my problem,hi I see you are worried about your chest pain do not worry your symptoms particularly relating to food connects your chest pain to a gastric related problem and it fits into herd gastroesophageal reflux disease in which there will be acid reflux which in turn causes pain due to intolerance of food pipe to the acid herd tablet pantoprazole levosulpiride tablet twice daily half an hour before food for two weeks syearup sucralfate oxetacaine 10 my one hour before food three times a day for two weeks avoid spicy food avoid heavy meals do not lie down immediately after taking food,hello doctor I am 17 years old and I usually suffer from chest pain and burping after eating something or drinking I do not know what is this sometimes shortness of breath occurs for a short period of time I am a little worried about this when I searched this on google there were things like herd acid reflux heart attack and all can you please help me out with this problem,high severity,hi I have gone through your query and understand your concerns according to your statement you are suffering from chest pain and burping after meals which may be due to herd gastroesophageal reflux disease herd is a condition where stomach contents go back into the esophagus causing irritation and inflammation it causes chest pain and burping also if you are having difficulty swallowing food then it is called as dysphagia herd symptoms include burning sensation behind the sternum or chest pain belching bloating nausea vomiting feeling fullness in the upper abdomen early satiety and weight loss herd is more common in people who take certain medications such as calcium channel blockers blood pressure medicines antihistaminic drugs antidepressants and some antibiotics herd is diagnosed by endoscopy but it is treated by lifestyle modifications and medication you should avoid fatty spicy foods and large meals eat small frequent meals instead of three big meals avoid smoking and alcohol use of coffee tea and cola drinks should be avoided at least two hours before meals avoid lying down immediately after meals wear loose fitting clothes avoid tight clothing especially around the waist region avoid wearing tight undergarments and belts avoid stress and anxiety these measures will prevent herd from developing and recurrence of herd if you still have any doubt consult a general practitioner online,3.326553612947464,2.342782974243164,123,10.410167515073333,0.16666666666666669
my wife is having heavy menstrual bleeding for 13 days please suggest treatment,hello thanks for the query with the history it is clear that she is in her peri menopausal status and experiencing menorrhagia or excessive bleeding since 13 days which is often seen in peri menopausal women she has been given antifibrinolytics in form or tranexa of which is fine but if bleeding is still not getting controlled then she would require an ultrasound pelvis first to check for her present endometrial thickness if the endometrial thickness is still more than my then she would have to be started on progesterone pills for 10 days to control bleeding along with diosmin and antifibrinolytics together also if she is feeling dizziness and weakness then she may require hospitalization for intravenous support as well regards,my wife age 46 suffering from heavy blooding during menstruation period she came into same phase after eight months almost eight months no periods at all periods started on 13 days back continue till date using 6 senetary pads during each day also passing through senior abdominal pain several days also having complain of constipation since last three days consult local physician and than gynecologist in my city she is swallowing medicines as per below tranexa of trexakind thrice a day spasmodart voveran if abdominal pain persists shelcal one per day from yesterday she is taking injection of aquairon 25mg three prescribed by local gynecologist one taken also feeling weakness I want second opinion and finest treatment suggestions online please guide on above case and suggest finest treatment,medium severity,hello  I have gone through her history and it seems like menopause has set in now but there could be other causes too such as hormonal imbalance uterine fibroid polyps etc so you need to get some tests done first before coming to any conclusion about what is going on with her next step would be to start hormone replacement therapy which will help reduce the bleeding and give relief from cramps and weakness however this should be done under supervision of a doctor and not self medicated because of the risk of developing osteoporosis due to excessive calcium intake and blood clotting disorders due to excessive estrogen levels so do not worry just wait for the reports and then we can discuss further,3.326553612947464,2.144087553024292,158,8.534250632398201,0.15447154471544713
I am a cad patient with stomach bloating and constipation please help,hello I read your query and understand your concerns first of all I like to inform you that anxiety disorder is a treatable disorder during current times as a lot of medications are available in this regard as I can see you are taking two medications for the same but unfortunately dose of both medications is at lower limits I also feel instead of two medications it will be ideal to have one medication with proper dosage for example dose of david sertraline is 50 200 my per day and the dose of mirtazapine is 15 60 my for most individuals in my opinion you need to discuss the optimization of dose with your treating psychiatrist as I can see there are issues with stomach bloating and constipation mirtazapine needs to be avoided as far as possible this is because abdominal side effects along with constipation are very common especially among the elderly there is also a possibility that your medications for cad or diabetes contributing to the current problem for that purpose I feel you need to discuss same with your cardiologist in addition to medications there is a need for stress management I can see that you have excessive concern about the ongoing medical illness first of all we need to acknowledge that these two conditions are treatable and with appropriate care you can have near optimal life to smoother the stress management I am writing down a few of the strategies that will help you diet ensure intake of adequate quantity of fiber two servings of vegetable salad and two servings of fruits one preferable citrus fruit avoid junk food and fast food especially pizza burgers and excessive sweets ensure adequate water intake recommended intake of water is two to three liters a day insufficient intake of water could be a contributing factor in the causation of symptoms early morning exercise and brisk walking for 30 minutes at a stretch preferably in the garden will be very helpful avoid tea coffee nicotine and alcoholic beverages if at all you want to drink something drink fresh lime water it is very much refreshing start your day with a glass of lemon water with two spoons of honey added have a good breakfast do not take work so seriously we all have the feeling to excel in our respective fields and do not spend adequate time with our own self trying to understand our own needs spend time with your family and friends while working take frequent regular breaks I will advise you to take a break of 10 minutes after every 50 minutes close your eyes and rotate the eyeballs for a couple of minutes avoid starring for a longer time at the computer screen or tv steam inhalation before going to sleep will be very refreshing it will also benefit 10 take multivitamin and calcium supplement I hope this helps,hello doctor anxiety disorder bloated stomach and constipation are troubling me I am a coronary artery disease patient with diabetes thinking about these issues cause me more anxious please help I am currently on mirtaz 5 and david 50 my I have also done sugar lipid profile ad echo egg and tit,medium severity,hi I can understand how you must be feeling right now as you mentioned that you are suffering from bloated stomach and constipation along with anxiety it seems like you are having irritable bowel syndrome which is common among patients who suffer from coronary heart disease and diabetes but there are many other causes of bloatedness and constipation so before coming to any conclusion we need to rule out some other conditions first let us start by ruling out the following conditions first stool frequency at least three times per day loose stools watery stools after eating gas production increased abdominal pain diarrhea weight loss if present then we will go ahead with further investigations otherwise we will treat based on symptoms secondly we need to check whether you are taking any medications that may cause constipation thirdly we need to check whether you are taking enough fiber in your diet fourthly we need to check whether you are drinking enough water fifthly we need to check whether you are getting adequate exercise sixthly we need to check whether you are doing regular walking seventhly we need to check whether you are using any laxatives regularly eighthly we need to check whether you are taking any medication that may cause constipation ninthly we need to check whether you are taking any medication that may cause bloatedness tenthly we need to check whether you are taking,3.326553612947464,2.675382375717163,384,14.51790007083775,0.11699164345403901
could you please help me lighten the darkness around my lips,"While we cannot provide a specific diagnosis for issues related to could you please help me lighten the darkness around my lips, we highly recommend that you consult a qualified medical professional for a proper evaluation and personalized advice.",at the ends of my lips I see it is little dark in color so I applied honey and sugar mix on the dark area it now became even more darker so I started applying neutrogena fine fairness cream for lightening the dark color after applying the cream my entire skin started becoming red and I also have little burning sensation so I started rubbing with ice cubes and I also applied aloevera gel and also boroplus antiseptic cream but still I could see my skin red and little burning sensation is still present could you please tell me any home remedy for this or any ointment which could reduce burning sensation and lighten the darkness around my lips,low severity,hi  I can understand your concern as you said that there is some discoloration at the end of your lip and you are using fairness cream to lighten the discoloration well if you apply fairness cream then it will be good because fairness cream contains vitamin b5 which helps in reducing pigmentation and also it has moisturizing properties so you should use fairness cream regularly and do not stop it until you get the desired result you can take tablet ginkgo biloba 200 my twice daily for two weeks and continue fairness cream for three months and you will get the best results regarding the burning sensation you can apply calamine lotion over the affected area and keep it for five minutes and repeat it again after one hour and you will feel better about the burning sensation you can also apply betamethasone valerate cream over the affected area and keep it for five minutes and repeat it again after one hour and you will feel better about the burning sensation you can also apply hydrocortisone cream over the affected area and keep it for five minutes and repeat it again after one hour and you will feel better about the burning sensation you can also apply clindamycin cream over the affected area and keep it for five minutes and repeat it again after,3.3195532858371735,0.0426853746175766,42,1.0436094971550531,0.060836501901140684
will ti result in uneasy feeling around the waist,hi results are normal need not worry do you have any pain in and around the pelvis area or back is uneasiness present always or intermittent passing stool freely no constipation do us ultrasound abdomen now you can take tablet pan 40 pantoprazole one tablet before breakfast syearup sucralfate 10 my did after food review with the us abdomen report,hello doctor I feel a little uneasy sensation around my waist kidney area I got my complete blood checkup done that included kit and abc in it my red cell distribution width mean platelet volume and eosinophils are little high and absolute basophil count is low due to this I also got my ti test which is normal can share both test results please guide me with the reasons behind these and advise me on good medication,low severity,hi  you have mentioned that your ti total leukocyte count is within normal limits but there are some other abnormalities like rbc distribution width and platelet volume so we need to look into those as well if they are abnormal then you may be having some underlying condition which needs treatment otherwise no problem with ti itself ti is usually a marker of bone marrow activity and its function so if it is normal then nothing to worry about it ti is not related to any specific symptoms you may experience so do not get worried about it ti is just a marker of bone marrow activity and its function so if it is normal then no problem with ti itself ti is usually a marker of bone marrow activity and its function so if it is normal then nothing to worry about it ti is not related to any specific symptoms you may experience so do not get worried about it ti is just a marker of bone marrow activity and its function so if it is normal then no problem with ti itself ti is usually a marker of bone marrow activity and its function so if it is normal then nothing to worry about it ti is not related to any specific symptoms you may experience so do not get worried about it ti is just a marker of bone marrow activity and its function so if it is normal then no problem with ti itself ti is usually,3.3195532858371735,2.83890700340271,77,17.09706828353243,0.07692307692307693
after being obsessive about calorie intake I stopped getting my period why,hi according to the given data your mi body mass index is 18 which is in normal range which means the right weight for your body trying to reduce more weight might cause under nourishment similarly your requirement according to who world health organization standard is 1700 cal day to maintain your weight follow these tips manage stress do meditation as stress increases hormone imbalance divide your meals to small frequent meals to increase metabolism increase fiber and protein content in the diet which helps to build good muscle mass do regular workout at a stretch of 20 30 minutes to avoid extra fat deposition or opt for spot reduction exercise increase fluids for good oxygen supply and blood circulation,hi doctor I am 14 years old and I have been obsessing over calories for six months since then my period has stopped but when I started being obsessive my period was irregular I have noticed that I have lost weight and my family and friends have noticed my weight loss and my obsession with calories and food in general I do not do a lot of sport but I get to 100 steps most days and I do a seven minutes workout in the mornings a few months before I used to eat around 100 calories a day and now I eat around 1300 calories a day approximately I want to eat more because I want to get my period back and I have noticed my boobs have shrunk however I do not want to look like I have visibly gained weight or I do not want my stomach to become untoned I also do not know how much I should eat in order to maintain my weight but I do not think I am losing weight at the moment with eating 1300 calories per day I spoke to my mom and friends about it and they all encouraged me to eat more but they do not understand that I do not want to look like I have gained weight so I want to try and gain muscle but I do not have a lot of time to go to the gym and do weight training do you have any advice,medium severity,hello  I can understand your concern as you said you were obsessed about calories and food which may be due to hormonal imbalance or stress related issues if you are having regular periods after stopping excessive caloric intake then there is no need to worry about gaining weight just follow these tips to regain your body weight first thing start exercising regularly for five to ten minutes daily and gradually increase the duration according to your capacity secondly drink plenty of water every two hours thirdly avoid junk foods and fried foods fourthly take green leafy vegetables and fruits fifthly include whole grains in your diet sixthly add protein rich foods such as eggs milk yogurt cheese etc seventhly avoid alcohol and smoking eighthly consult a dietician online who will help you to plan your meals and provide you proper nutrition ninthly keep yourself hydrated by drinking lots of water tenthly wear loose fitting clothes and avoid tight fitting clothes which may cause skin irritation and sweating lastly relax and reduce stress levels by doing yoga meditation and deep breathing exercises hope this helps,3.3195532858371735,3.056671142578125,132,21.256678802506165,0.13157894736842102
what is the success rate of if,hi revert back with the answers to an obstetrician and gynaecologist online,hi doctor I am a 30 year old female actually I have hormone problems I have periods problems and without medicine I will not get periods my uterus and ovaries were smaller in size now with artificial hormones the size of the uterus has become normal can I get if will it be successful,high severity,hello revert back after the tests to an obstetrician and gynaecologist online,3.3195532858371735,0.46941280364990234,18,1.5990549582515847,0.75
the corner of my toenails are becoming grayish blue in color is it nail melanoma,"While we cannot provide a specific diagnosis for issues related to the corner of my toenails are becoming grayish blue in color is it nail melanoma, we highly recommend that you consult a qualified medical professional for a proper evaluation and personalized advice.",i have month old twin girl babies after delivery under my left toenail under blood clot and another toenail light shade of grey color no pain but sometimes not comfortable to walk can cure or not mam I am afraid for this so tell the reason and suggestion cure or not all corner of fingernail become bluish after taking onabet lotion drops they are hidden but toenail not cure now I taking zincovit syrup triboost tablet last two month sertaconazole nitrate drops lotion put to all finger nail height 147cm weight 57 keg please tell suggestion mam,medium severity,hi I understand your concern as you mentioned that there is change in color of toenail which is quite common due to fungal infection if you do not get proper treatment then it may lead to nail dystrophy and eventually nail loss also you should take antifungal tablets like terbinafine 250 my twice daily for one week and then continue for three weeks and apply terbinafine cream over the affected area for five minutes and wash off with water and repeat this process twice daily for seven days and then stop the medication and start oral antihistaminic drugs like levocetirizine once daily for three weeks and apply topical antifungal creams over the affected areas for four weeks and follow up after one month,3.3195532858371735,0.034166865050792694,49,1.0347572571453287,0.10843373493975904
is elisa test reliable,hi let me answer one by one for further information consult a hiv aids specialist online,hi doctor I am 29 years old I had protected sex with a call girl before five months but I want to confirm whether I was infected with any disease I have read on the internet that window period for hiv is three months and hence to confirm I have undergone hiv testing called elisa the result of which is non reactive and the value is 062 again now I repeated the test and it showed result as non reactive with the value of 104 the two reports have been attached here regarding symptoms I did not develop any fever or allergy in the last four months is elisa test reliable is there any need for me to take any other test or repeat the test can I stop worrying as I have already covered window period why did the test show some value like 6 and 104 does it indicate the presence of any disease what is the window period please help me in detail as I am much worried,medium severity,hello I understand your concern according to your statement you were tested positive for hiv antibodies by elisa test at first time and then negative at second time so we can say that you are free from hiv infection if you do not have any symptom after testing positive for hiv antibody then you should be fine because hiv antibodies usually appear in blood after six weeks of exposure to hiv virus and they stay in the body for life however sometimes people may get false positives due to cross reactivity between hiv and other viruses such as herpes simplex virus hepatitis virus etc also sometimes people who have never been exposed to hiv may become immune to it through contact with contaminated needles or blood transfusions so yes you can stop worrying about this issue because you are free from hiv infection,3.3195532858371735,1.257652759552002,18,3.517156179581205,0.03773584905660377
what might be the reason for neck pain and low back pain,hi I have read your question with care for further information consult a neurologist online,hi doctor I have low back pain and neck pain but not simultaneously it occurs alternatively when there is low back pain I do not feel neck pain and vice versa what might be the problem please explain,medium severity,hello  you seem to be suffering from a condition called as radiculopathy which means compression of nerve root due to some cause this can happen because of disc bulge or bone spur formation at the spine level where the nerves exit the spinal cord and enter into the body so if you have any history of fall or trauma then it could be due to disc bulge otherwise it may be due to bone spurs at the spine level also another possibility is degenerative changes in the spine leading to compression of the nerve root causing these symptoms now coming to treatment well first thing is to avoid lifting heavy objects and sitting for long hours without moving regularly take regular exercise like walking cycling etc to strengthen the muscles around the spine and reduce the load on the spine try to maintain proper posture while working and sleeping if possible use a chair with good support and adjust the height of the computer monitor to keep the head and neck in a neutral position during work if you are already taking medications for back pain then continue them along with other medications like pregabalin or duloxetine or tramadol or nortriptyline or gabapentin or amitriptyline or cyclobenzaprine or methylcobalamine or diclofenac or paracetamol or ibuprofen or naproxen,3.3195532858371735,1.1501508951187134,18,3.1586695015405826,0.025862068965517244
does this root canal treated tooth of mine require a post,hi for further information consult a dentist online,hi could you please review the attached photos and ray taken before treatment post root canal and post temporary filing please let me know whether a post is required or is core filling with crown sufficient,low severity,hello  I have gone through the images it seems like there is no need for any post on the tooth as the image shows the pulp chamber is completely filled and the root canal was done properly and the tooth looks healthy without any signs of infection or inflammation so if the tooth is asymptomatic then it can be left untreated and will remain stable for further details consult a dentist online,3.3195532858371735,0.4164296090602875,9,1.51653724708317,0.15
what does abutment of the nerve root mean,hi I have gone through your query with diligence and would like you to know that I am here to help you for further information consult a neurologist online,hi doctor I am just wondering what is abutting and abutment of the nerve root means in a back issue please explain what treatment is required for annular bulging and tear,medium severity,hello  I have gone through your query and understand your concerns annular bulging and tear can be treated by conservative measures like physiotherapy and medications but if it is severe then surgery may be needed annular bulging is a condition where there is a bulge at the annulus layer which is the outermost layer of the disc annular tear is a tear in this layer so you need to get an mri done to see how much damage has been caused to the disc annular bulging and tear can cause pain numbness weakness etc so do let me know if you have any other queries,3.3650523126125336,0.7035638093948364,32,2.0209421415653646,0.1791044776119403
my month old kid has increasing brown spots in skin are these birth marks,hi please send me a photograph of the lesion on the basis of history it seems to be cafe lait macules but to be sure I need photographs of the lesion presently I will not suggest any medications as baby is small and I need to be sure kindly review with photographs,hello doctor we have a month old baby girl she has five brown marks two of them are am size and the other three of 5 am they are irregular in shape initial two marks appeared when she was months old and now when she is months three more for added that are comparatively light and 5 am of size are these birthmarks will they fade with the time do we need to take any precautions so that they do not increase or get added further can we also provide any medication to cure them,low severity,hi I understand your concern according to your statement you have a newborn baby who has some brown spots on her body it is called as freckles freckles are common in children and usually disappear by age 18 years but if there are changes like increased number of freckles new appearance of freckles or darkening of existing ones then it may be due to hormonal changes during pregnancy which causes pigmentation in the skin this condition is known as melasma and it is very common in pregnant women and their babies however freckles are harmless and do not require treatment except cosmetic reasons if you want to remove them you can use chemical peels dermabrasion laser therapy etc but please consult a dermatologist before starting any procedure because it is important to know whether the melanin deposition is due to hormones or sun exposure in case of hormonal change melasma will resolve spontaneously after delivery in case of sun induced melasma topical retinoic acid tretinoin hydroquinone glycolic acid kojikin complex vitamin c and azelaic acid combination can help reduce the coloration of the skin and improve the texture of the skin,3.3650523126125336,2.772961378097534,55,16.00596360484117,0.09876543209876541
I have a sore throat and feel weak sometimes please help,hello if you have sore throat and weakness and you do not have running nose neck pain high fever probably you have simple flu or bacterial infection you do not have to panic about couid 19 coronavirus you can use augmenting 625mg for days three times a day tablet and have plenty of lukewarm water to keep yourself hydrated as in india right now lockdown is going on if you have other antibiotics available you can tell us we can reply which you can use for current symptoms also if you want you can wait 3 days if the symptoms persist or increase contact us we can help you out with the best possible treatment for you don panic stay healthy and eat healthy keep wash your hand before touching your face mouth nose if you have any symptoms persist let us know,i feel like sore throat and feel weak sometimes but do not have fever and cough,low severity,hello I can understand you must be very upset about this problem as it seems to be viral infection of throat which may cause weakness also if there is no fever then it will take some days to get better so just take plenty of fluids and warm water eat healthy food avoid cold drinks ice cream etc keep yourself hydrated and rest well drink more tea and milk try to sleep at least 8 hours per day take tablet amoxicillin clavulanic acid 500 my twice daily after meals for five days tablet levocetirizine once daily before breakfast for three days tablet pan pantoprazole one capsule before breakfast for two weeks tablet gaviscon syearup 10 my thrice daily for seven days tablet cefixime 400 my twice daily for five days tablet azithromycin 500 my once daily for five days tablet paracetamol 650 my twice daily for five days tablet serratiopeptidase 25 my twice daily for five days tablet vitamin b12 100 mug once daily for five days tablet multivitamin 100 mug once daily for five days tablet zinc 30 mg once daily for five days tablet calcium 100 my once daily for,3.3650523126125336,3.038557767868042,155,20.875114752927594,0.0955223880597015
kindly explain the methods to treat toothache permanently,hello I understand your concern unfortunately there is no medicine to cure tooth decay without dental treatment tooth has three layers outer enamel denting and innermost never layer when decay starts in the enamel layer it does not show any symptoms other than a visible black spot on the tooth at this stage a simple tooth filling can be done but if left untreated it progresses through the denting and when it reaches nerve layer it starts to give out the pain this is when a simple filling cannot be done a root canal treatment and crown procedure will be the only option to save the tooth taking painkillers will help control the pain but it does nothing to cure the decay it can only be manually treated by removing them please visit your dentist and start treatment immediately I hope this helps for further queries I would be happy to help good day,hi doctor I have severe toothache and worm teeth please let me know the medicines I need to be used to cure it permanently,medium severity,hello  you can use the following medications for pain relief and also take tablet amoxicillin clavulanic acid 500 my twice daily for five days and metrogyl gel three times daily for two weeks if there is any swelling of gums then you should visit dentist for scaling and polishing of teeth and root canal treatment if required do warm saline mouth gargles at least four times a day for five minutes each time avoid hot cold sweet food drink and hard chewable foods until the infection subsides,3.3650523126125336,2.233783006668091,160,9.335114164708667,0.09128630705394192
what causes single heart palpitations,hello I have gone through the results you attached you are experiencing missed beats also known as premature ventricular contractions they are usually benign harmless your symptoms can be worsened by drinking caffeine smoking or some medications I usually do not prescribe my patients medication at first except it affects your daily activity firstly avoid trigerrs like alcohol drugs sleeplessness etc try to exercise regularly atleast or times a week for a duration of 30 minutes make sure to sleep to hours daily at night if your symptoms persist you will need a beta blocker medication it acts by regulating how your heart beats ablation is the definite treatment of choice if all measures fail but am hopeful it will not get to that I wish you good health best regards,hi doctor I am 21 years old and having regular single heart palpations I have an apple watch which provides an egg and this shows my heart is beating at regular intervals but there is fairly regularly a single beat which is much larger I can feel this in my stomach chest area and feels like a heavy beat or a missed beat I will upload a couple of edf results to show you can quite clearly see when these large beats take place I sometimes get chest pain but I usually attribute this to my stomach or anxiety and the chest pain does not tend to accompany the heart palpitation my main worry is it is quite regularly happening and it is one singular beat which is off I have bad bloating which has been for the last month or two which comes and goes but am unsure if this is related,low severity,hello  I understand your concern as per your history and attached reports it seems that you are suffering from premature atrial contractions pacs which are very common and benign they do not require any treatment unless they cause symptoms such as dizziness or fainting in case of pac you should consult a cardiologist and he may advise you some medicines to control them however if you are worried about the bloating then please visit a gynecologist and discuss with her regarding the same she would be able to guide you further regarding the bloating issue I hope this helps,3.3650523126125336,3.1902408599853516,140,24.294278257958016,0.1826086956521739
I experience hairball in scalp while using minoxidil for patchy beard why,hello yes you can apply but according to our science oil does not act on the roots they will grow automatically nothing more you have to do it can extend up to months hair fall has nothing to do with the hair shaft minoxidil increases the blood flow of hair follicles in the scalp this increase blood flow would persist as long as you are applying minoxidil once stopped you will return to the same stage of hair loss as you would have been without minoxidil I hope this helps,hi doctor I have been using minoxidil topical solution twice a day on my beard for well over three months to fix some patchy spots under the lip and cheek region after the first month I had hair fall in my scalp this hair fall is increasing in numbers and I am losing more than 100 hair follicles now a days I also want to point out that I use various essential oils with carrier oils in my scalp for more than two years I have many questions kindly provide me detailed information can I apply essential oils on my beard peppermint hibiscus and castor oil in the meantime of applying minoxidil also recommend me some essential oil that are adrogenic nature does all the fallen hair in scalp during this minoxidil period regrow and is there any natural way to stop this hair fall during this period how long does this hair loss lasts and what is this cause for this hair loss since I am only using minoxidil in my beard should I bald trim my head after this telogen phase since I have a long hair 2inch will I lose my hair after stopping the minoxidil usage,low severity,hello I understand your concern regarding the hair fall you mentioned about minoxidil as it is used for treating male pattern baldness but it has side effects like hair fall so if you are taking minoxidil then you need to take other medicines along with it to prevent further hair fall please do not worry because minoxidil is safe when taken properly and at the right dose you can continue minoxidil for another six months and then reduce its dosage by half every four weeks until complete hair growth occurs you can use other essential oils like lavender rosemary etc which are good for skin and hair they are non allergenic and do not cause any irritation to the skin you can use them regularly without any problem you can use these oils before going to bed and leave them for one hour and then wash your hair with shampoo and conditioner you can use these oils for five to seven times daily you can use them for two to three months and then stop them and start again after two to three months you can use these oils for maintaining healthy hair and skin,3.3650523126125336,2.6194546222686768,98,13.72823446969502,0.13333333333333333
I have severe pain in spine and lower back with history of fibromyalgia please help,hello from your history and being unable to examine you I can only speculate on the cause yes fibromyalgia can lead to trigger spots like tender areas which can be over the muscle belly or their attachment on the bone the good thing was that the neurological exam was normal now coming to your concern that the shin and ankles had become painful I will recommend that you get your ear erythrocyte sedimentation rate cop reactive protein complete blood count abc urine routine vitamin levels and blood sugar tested this will generally show indication about any inflammatory process and bars on that you can be started on antiinflammatory medication including steroids and possibly vitamin too please let me know your investigation results,hello doctor for the last month I have been suffering with pain on my spine and lower back when I touch a specific point on my spine the pain is severe it hurts when I bend or sit it feels very sore I visited a go and she said that she thinks it is a muscle insertion that causes the pain but she is not sure she did a neurological examination and all was normal I wanted your opinion as my ankles and shin bone now started being painful too I was diagnosed with fibromyalgia four months ago and wanted to know if it is this that causes bone pain my posture is quite bad too so I am not sure what it could be I am very worried in case it is something very serious what I should do now,low severity,hi  you seem to be having some kind of spinal cord compression which can cause pain in the lower back and also radiating down into the legs and feet there are many reasons for such compression like disc bulge spondylolisthesis etc however without any ray films we cannot diagnose exactly what is causing your problem I would suggest you to get following investigations done mri magnetic resonance imaging of the spine eg electrocardiogram egg blood sugar lipid profile serum calcium vitamin b12 levels serum ferritin level serum creatinine level serum electrolytes abc complete blood count revert back after the reports to an orthopaedician and traumatologist online,3.3650523126125336,3.071725606918335,132,21.579107622617844,0.13157894736842105
what are the ways to cure gum disease and bad breath,hello I just read your query see the main cause behind bad odor from mouth is due to bacteria present in mouth there are present several bacteria in our mouth the bacteria when come in contact with food particles release sulfur compounds which ultimately cause bad breath also you have been suffering from gum disease which exaggerate this problem along with all your oral hygiene measures and treatment add these measures in your daily regimen and these will help you a lot after every meal chew some roasted fennel seeds they will freshen your breath you can also chew fennel seeds and rinse together to increase good bacteria take one serving of curd once a day preferably in the morning or afternoon you can opt out for fat free curd if you do not want to go for curd made from full fat milk you can also chew fresh parsley leaves after meal to combat bad breath apples pine apple orange and free tea also helpful in reducing bad breath so you can also add all these in your food regimen they will help you in combat bad breath you can also use this home made mouth wash three to four times in a week take two teaspoons of baking soda and add it in a cup of lukewarm water mix it well swish it around for some time and then spit it out it is also useful in your problem and easy to do whenever you are going outside or in a meeting keep some chewing gums along with you which have peppermint zinc etc as their ingredient they quickly freshen your breath in a few seconds avoid alcohol cold drinks onion garlic and smoking if you do because all these things increase the problem of bad breath drink plenty of water because it is helpful in flushing out your mouth change your toothbrush very often basil cilantro and mint are also helpful in neutralizing your bad odor from mouth you can also chew them after meal these plants are easy to grow at home so you can grow them at home and use easily cardamom cloves and cinnamon are some commonly available spices and you can keep them in your mouth and chew them slowly they are also helpful in reducing bad breath,hello doctor I have a very personal and sensitive issue I have horrible breath I do have gum disease but my cleaning which consists of flossing several times a day using a miniature brush to brush between teeth and using tongue scrapper several times a day I occasionally oil pull as well can part of my issue be due to a deficiency of some sort any kind of advice would sincerely be appreciated this issue is significantly affecting my life,low severity,hi  you need to visit a dentist and get yourself examined if there is any gum infection then it needs to be treated by scaling and polishing also you should use chlorhexidine mouthwash twice daily for two weeks after brushing and before going to bed you will feel better after treatment and you will notice improvement in your breath too you may require antibiotics like amoxicillin clavulanic acid 500 my thrice daily for five days and metronidazole 400 my once daily for five days please consult your dentist and take the medicine advised by him or her,3.3650523126125336,2.6957273483276367,384,14.816291439865578,0.08713692946058091
I have chills breathing problems and cough with white phlegm could it be coronavirus infection,hello please answer the following any travel history in the last one month any use of airports any fever have you checked the temperature any cough any mucus or phlegm how is your sleep is there any malaise or body aches or weakness,hello doctor last night I was getting chills feeling more cold than usual and lightheaded and a lot of burping maybe like every 30 minutes or less or so feel more chills running down my body and chest feeling bit weird like I am starting having trouble breathing then goes back to normal and repeats with weird feeling like chills down my left and right lungs or left and right upper chest also my heart was pumping fast also some minor coughs were there since seven days ago still here I have white mucus and have not gotten yellow yet I took medicines yesterday but today I got severe cold and flu medicine with a pain reliever the chills did not go away then today I called the doctor on the phone and told him what happen last night and the same thing happened this morning too I had minor coughs feeling lightheaded feel like maybe cannot breathe or something and a lot of burping I told him the burping issue was going on for at least two years but somehow this time I am feeling lightheaded he just gives pepcid a try maybe herd I ate that today still feeling chills now and still burping a lot right now still some chills on arms with breathing issue or something makes my chest feel weird and arm sometimes so should I be worried I do not think I have a fever now but do not feel hot on the forehead was it herd or flu it is coronavirus or something else I hope it is not coronavirus I am 21 years old and weigh around 10 15 keg,high severity,hi I can understand you must be very upset about your symptoms as you said you have been suffering from these symptoms for almost one week now I would like to tell you that most of the common viral infections such as herd herpes simplex virus influenza etc will cause similar type of symptoms which you are experiencing however if you have any other symptoms such as difficulty in swallowing loss of taste or smell headache vomiting diarrhea etc then it may indicate that you might be infected by another virus such as coronavirus which causes mild to moderate respiratory illness and can lead to serious complications in some people please get tested for herd and flu and if both tests come negative then you need not worry about coronavirus test for herd and flu is available free of cost at all government hospitals and private laboratories meanwhile take plenty of fluids and rest regularly drink warm water and avoid spicy food take tablet paracetamol twice daily after six hours interval for three days and continue taking tablet levocetirizine once daily before sleep for five days,2.6125580966472626,2.733677387237549,49,15.389375784821612,0.061135371179039305
individual has genital herpes and performed oral sex is transmission of infection possible,hi I read your query and understand your concerns first of all I would like to inform you that there is definite risk of transmission of hav if there was direct skin to skin contact such as sex oral sex passionate kissing among others however the risk is low provided there was no active lesions at the area of contact but practically speaking people with active genital lesions can have active lesions over the oral mucosa which can shed the virus which can be transmitted to their partner I also like to make it clear that itching and burning sensation are very rare before appearance of lesions it is good idea to get tested for herpes antibodies,hello doctor if an individual has genital herpes and performs oral sex on a non infected person is it possible for it to still be transmitted,medium severity,hi I understand your concern according to me yes it can be transmitted but there is no need to worry as it is very rare to get infected by this way you should take antiviral medication like acyclovir 800 my twice daily for five days after taking food orally avoid sexual contact until then do not share towels or bed sheets with others,2.6125580966472626,2.5870935916900635,119,13.291086089420094,0.17777777777777778
there are light cramps and spotting is it due to pregnancy,hello I can help you with this with the history I think her periods are a little irregular the time of sexual intercourse is not much near her ovulation time and if you have not ejaculated inside the chance of pregnancy is very rare if you have had no unprotected intercourse thereafter and if she by chance had become pregnant urine pregnancy test should show positive by now so to be on safer side it is better to do a urine pregnancy test now even though she is having spotting if it is negative now then definitely she is not going to be pregnant due to the sex so then you can wait for another week for her to get her periods finally light cramps and spotting may be preceding her normal periods urine pregnancy test review with urine pregnancy test result,hello doctor my girlfriend is having light cramps and today she observed slight spotting her last two menstrual cycles were 32 and 37 days long and her last periods started a month back we engaged in unprotected intercourse one week later once with us stopping and taking protection in between I did not ejaculate inside her we are concerned about a possibility of pregnancy,medium severity,hi I have gone through all the details you have mentioned there is no need to worry as far as the bleeding is concerned it could be due to hormonal changes during ovulation period which can cause some amount of spotting if you had unprotected sex then chances of pregnancy are very less but still do get tested for pregnancy by doing urine pregnancy test after three days of sexual activity if you want to avoid any further doubt then go for a blood test called beta hug human chorionic gonadotropin at home after three days of sexual activity and repeat it again after another three days if positive then you should take emergency contraceptive pill within 12 hours of sexual activity otherwise wait for seven more days and repeat the same test again if negative then you can wait for another four weeks and repeat the test again if positive then you should consult a gynecologist for termination of pregnancy,2.6125580966472626,2.6037447452545166,146,13.514250823850603,0.21122112211221122
is there any alternate for lamisil granules for scalp ringworm,hello  scalp ringworm infection stays for a longer time topical ketoconazole cream is good the oral medication prescribed is also good for the infection there are a few alternatives any medicine carries some side effects along with it we need to weigh the benefit and risks if the benefit is more we go for the medication side effects are mentioned but are rarely seen it is usually tolerated well by children alternative medication is called griseofulvin which is to be used for four to six weeks or more if required it would not be available over the counter it needs a doctor prescription it also has some side effects but usually tolerated well fungal infection of the scalp griseofulvin or terbinafine,hello doctor my year old daughter has scalp ringworm I am using head and shoulders intense medicated shampoo and topical ketoconazole antifungal cream her doctor also prescribed an oral antifungal lamisil packets granules 125 my to be taken in food for a month I am terrified of giving my year old daughter an oral medication with such a scary track record or side effects including liver failure and death as well as vision problems low white blood cell count and psychiatric problems is there any alternative to this terrifying drug for curing scalp ringworm,low severity,hi I have gone through all the details you have mentioned it seems like she has fungal infection on the scalp which can be treated by applying ketoconazole cream over the affected area twice daily for five days then wash off the cream with lukewarm water and repeat the same procedure again after two weeks if no improvement within four weeks then start tablet fluconazole 150 my once daily for seven days consult a dermatologist online,2.6125580966472626,2.5222957134246826,137,12.45716193608224,0.1218274111675127
does fertilization occur immediately after egg release,hi ovulation test is not confirmatory for ovulation it means oh luteinizing hormones increased during the menstrual cycle fertilization can happen within 24 hours after ovulation once oh surge happens ovulation actually occurs after 36 hours of oh surge ovulation test comes positive when oh surge happens so you should have sex after two or three days of positive ovulation test it is the most likely time of ovulation but it is not confirmatory ovulation does not always happens after oh surge ovulation test does not have a relation with fertilization may or may not occurs even after ovulation,hello doctor will fertilization occur immediately after an egg is released and will the ovulation test show positive regardless of fertilization has occurred immediately I had sex three days ago but the ovulation test still showed positive today please suggest,low severity,hi  yes it can happen if you have regular cycles then there is no need to worry about this as far as ovulation test is concerned it shows whether you are fertile or not so if it is positive then you are fertile otherwise not so do not worry just wait for another day and check again if it is negative then you should take emergency contraceptive pill to avoid pregnancy,2.6125580966472626,2.161654472351074,121,8.685495690179826,0.15294117647058825
my face looks old because of acne and acne scars please help,hey acne are common in teen ages in most if the people they should not be much disturbed they appear and slowly disappear with age they are due to excessive serum production from the oil gland in your face along with blockade of this oil tract into the surface of skin aggravated by oily cosmetics and bactetia the treatment depends upon the grade of acne for mild ones we use simple creams and gels made up if vitamin a derivatives and few antibiotics whereas in higher grade you need total education plus those topical ones but in severe grade we use oral vitamin za derivative like isotretinoin it seems you have dark spot die to acne is it only pigmentation or you do have scars as well whatever it be protect the skin from sunlight as much as possible can use sunscreen gel spy 30 the medicine you have been using contains alpha hydroxy acid which coul be anyacid they must be applied in low quantity I prefer to use retenoic acid along with aha at bedtime you cab use koji acid and glycolic avid combination at night which vould ve available in cream please send me your photo and solve my prior query,hello due to the pandemic I am not allowed to visit a dermatologist in person but my skin has changed for the worse drastically im a 16 year old student but my face now looks old because of the following so I had some dark spots cause from acne scaring and I decided to use the ambi skincare fade cream which I thought would work wonders but it left a red darker larger spot on my forehead chin and sides of cheeks so I let it be for a few days and it was still the same so then I decided to look you some home remedies and I found that garlic not only fights acne which I have on top of the scaring which looks horrible but it also fights dark patches so I applied that on my face and it burnt a lot but I thought that the burning sensation must mean that its working its magic but noo the next day my skin was irritated and red now fast forward to today almost a month and a half before the incident my forehead is wrinkly but it could also be thin forehead hairs oh also my forehead was affected the most because I put the majority of garlic on that area of my face I have huge drak yellowish brownish patches all over my skin plus some acne ive tried homemade recipes to lighten your face but they have not been working then I tried boosting my melanin and collagen but still nothing and now I am using anti wrinkle cream but from doing all of these things I do not see any results heck I actually see it getting worse my mom told me to give it time but I am not sure that would be the best approach please help me,low severity,hi I can understand how frustrating this situation is for you as you mentioned you are 16 years old and having severe acne problem along with acne scars and pigmentation well there are many ways to treat acne and acne scars but first thing is you need to get proper treatment for acne by consulting a dermatologist he will prescribe you proper medication like oral antibiotics topical steroids etc and if required laser therapy too you should start taking tablet azithromycin twice daily for five days tablet clindamycin thrice daily for five days tablet minocycline once daily for five days tablet tretinoin gel apply at night after cleaning face for two minutes avoid oily foods and junk food drink plenty of water eat healthy diet take vitamin supplements and sleep properly try to reduce stress and anxiety about acne and scars follow up with your doctor regularly and discuss with him or her about your progress and ask for further advice regarding your treatment plan,2.6125580966472626,4.13604211807251,225,62.554746546616784,0.1029810298102981
how to remove the spots on my penis,hi before giving you a solution I would like to get answer for the following questions revert back with the answers to a dermatologist online,hi doctor I have several spots on my penis from my childhood sometimes when I masturbate few times in a day it gets rip and start to hurt as I am going to be married soon I would like to get rid of these first,medium severity,hello  you need to use some antibiotics to treat this infection if there is any trauma then you should avoid masturbation until the infection heals also do warm sit bath twice daily for five minutes and apply betadine ointment over the affected area and cover with gauze and change every two hours and take tablet augmenting 625 my once daily for seven days,2.6125580966472626,1.8649401664733887,27,6.455549616135648,0.11363636363636363
do arterioles and capillaries feel pain,hi I have read through your query in detail please find my observations below for further information consult an interventional radiologist online,hi doctor does ma show arterioles does cat show small vessels can spent tell microvasculitis from vasospasm in microvessel do arterioles and capillaries feel pain,medium severity,hello I have gone through your query and understand your concerns as per my opinion you should get done following investigations before coming to any conclusion it will be helpful if you could send me the reports of these tests revert back after the investigation to a hematologist online,2.6125580966472626,1.1258723735809326,25,3.0829051211389134,0.19718309859154928
I have herd and lor which disturbs my sleep with acid reaching esophagus what to do,hello I understand your concern and at this point I would recommend further evaluation in order to better assess your condition I would recommend a barium swallow ray endoscopy esophageal manometry and 24 hour esophageal acid test I would recommend you shift your esomeprazole to ranitidine 150 my twice a day for two weeks and metoclopramide 10 my one tablet four times a day for five days if symptoms persist worsen or new onset of symptoms such as diarrhea further consult is advised I hope this helps,hello doctor my condition is herd and lor and I am so stressed out with this I cannot even sleep I take esomeprazole 40mg per day but still no improvement I sleep but sometimes acid reaches my throat when I wake up I am on this for one month and I feel every time I take pills that they remain stuck in my throat like down the esophagus and I must drink a lot to push it down I am on diet with no spicy no coffee no alcohol and I have a list with acidic foods I am scared about my esophagus to not be very damaged this will destroy me for real I am only 24 should I double the dose should I change medicines now with the coronavirus I cannot find any doctor I do not feel heartburn but I always hear my stomach making a weird sound when lying in bed please help,medium severity,hi I can understand how you feel regarding your health issue as you said you are taking esomeprazole 40 my twice daily for one month and there is no improvement in your symptoms I would suggest you to increase the dose of esomeprazole to 80 my once daily before breakfast if you are having frequent heartburn then you may need to add pantaprazole 40 my thrice daily after meals and at bedtime if you are not able to tolerate the side effects of esomeprazole then you may consider adding rabeprazole 10 my once daily before breakfast and night before sleeping if you are not able to tolerate these medications then you may try other options such as capsule lansoprazole 30 my twice daily before breakfast and night before sleeping capsule omeprazole 20 my twice daily before breakfast and night before sleeping capsule pantoprazole 40 my three times daily after meals and at bedtime capsule esomeprazole 40 my twice daily before breakfast and night before sleeping capsule domperidone 50 my two times daily before breakfast and night before sleeping capsule chymoral forte 60 my twice daily before breakfast and night before sleeping capsule cimetidine 20 my once daily,3.3277042508125305,1.8449312448501587,113,6.327664715909747,0.1267605633802817
my child got hurt while playing can we use bact or neosporin ointment,hello revert back with the answers to the above questions to a paediatrician online,hi doctor my child who is years old fell off while playing she got hurt above the left eye with mild scar please suggest some medication thank you,low severity,hello I have gone through the pictures attached along with history provided by you it seems like there is a small laceration over the left eye this needs proper dressing and suturing of wound if possible send me more details about the injury such as when did it happen how much bleeding was there any pain during the fall what kind of clothing were they wearing at the time of fall do they have any other injuries also kindly attach all the reports and follow up after 24 hours,3.3277042508125305,0.5838446021080017,17,1.7929182544841216,0.07766990291262135
can high white blood cells just reveal iron deficiency,hello  following is my opinion about your asked question your two rounds of abc showing high total abc white blood cells count and high neutrophils immature granulocytes are elevated slightly the inflammation infection excess stress etc like causes might be responsible for that in the second abc complete blood count decrease and neutrophils also reduced in number hence it does not look like leukemia or blood cancer immature granulocyte can be increased slightly in any inflammation your count and differential count are not to the level suggestive of leukemia so it does not seem to be blood cancer as per my opinion kindly repeat abc with peripheral smear examination after a few days the value will fall within range after a few days I hope this helps,hello doctor I recently was referred to an oncologist hematologist after having two rounds of blood tests both showing a high white cell count as well as a few other abnormalities I saw the oncologist hematologist who ran additional tests I see a multitude of abnormalities however she told me I am just iron deficient my concern is when I saw her she literally gave me less than three minutes of her time because she was in a hurry she basically picked up her back and ran out I am worried she missed something and I did not get the opportunity to ask questions I am currently on ventolin asthma inhaler vitamin and daily iron tablet,low severity,hi  you have got multiple abnormality it seems like some kind of malignancy but we need to rule out before coming to this conclusion so please send all reports along with the report of complete hemogram and peripheral smear if possible revert back with the reports to a hematologist online,3.3277042508125305,3.1020684242248535,137,22.243913579993155,0.1016949152542373
I have on and off chest pain radiating to neck and jaw please interpret my ecg,hello  your egg is fine there are no significant abnormalities seen in egg electrocardiogram machine generated report mentioned at the top is frequently inaccurate so not to get panic with it now in cardiac pain the pain usually occurs on exertion and relieves with rest this is very classical of cardiac pain if it persists for a few minutes and does not last round the clock more than 2 days now if the pain does not have such characteristic then it may either be related to cervical spondylosis or gastric reflux if you have any bloating burping heartburn or upper abdominal pain then it may be related to gastric reflux or if this pain increases on neck movements associated with tingling numbness sensation in arms then it may be related to cervical pain however considering the risk factors like do diabetes mellitus hen hypertension it is better to rule out the possibility of cardiac pain so you should undergo echo and if normal then treadmill test,hello doctor I have chest pain for more than one month on and off radiating to neck and jaw sometimes I also get pain in both shoulders sometimes I am diabetic and hypertensive please explain my egg reading I am currently on irbesartan and metformin,medium severity,hi  from what you mentioned it seems like angina pectoris which is due to coronary artery disease if there is any history of hypertension diabetes mellitus smoking alcohol intake then it will be better to know about them as well because these factors can aggravate the condition and increase the risk of heart attack so do revert back with the answers to the above questions to a cardiologist online,3.3277042508125305,2.8413732051849365,184,17.139285140050077,0.13617021276595745
my wife has small itchy pimples in between her fingers please suggest solution,hello I would like to know a few things before coming to a diagnosis is anyone in the family has such itching is itching worse at night does any other part of the body has red spots which soap and detergent you use what all housework you do the attached photos are blurred please send a photo of better quality,hello doctor my wife has small pimples in between her fingers on both hands and they are itchy it subsides when she uses ice water even wearing gloves gives relief when using detergents or soap it increases two months the back same thing happened and it got cured this is the second time and it is there for the past seven days please suggest remedy,low severity,hi I have gone through all the details you have mentioned revert back after three weeks to a dermatologist online,3.3277042508125305,3.039515733718872,62,20.89512198158392,0.1
what causes lethargy and consistent cough in a child,hi as your child is lethargic and not accepting well then child may be sick also regarding the reports urobilinogen may be seen in early phases of jaundice and bacteria simply me be due to urinary infection the abc count are low and which may also signify infection rest of the things are related to illness and may not pose any problem difficulty breathing with cough is a sign of infection or slams which may aggravate if not treated visit a doctor visit and doctor and review,hello doctor I was wanting some more information about my sons blood test that was done yesterday there are a few results that were in the red the doctor called and left a voicemail today but only mentioned the chest ray that was done and not the bloodwork and were closed by the time I saw the missed call these are the results urobilinogen bacteria ur few all 168 unit creatinine 4 my do sed rate 12 my he abc 7k mcl my son is years old and the blood work was done because he has been sick for a month now and has had a consistent cough was seen in er for difficulty breathing and for the last two weeks has seemed somewhat lethargic he normally goes to asleep at 0830 and now has been falling asleep every night on his own between 0530 and 0630 and just has been laying in bed when he gets home from school any suggestions or help would be appreciated,medium severity,hi I have gone through the reports you have attached it seems like your son has got some infection of the respiratory tract as per the report the level of urea creatinine is high which may indicate kidney involvement also the levels of bilirubin are elevated this could be due to liver involvement or other reasons such as hemolysis etc so we need to investigate further regarding the cause of the infection and its treatment once we know what is causing it if it is bacterial then antibiotics will be given otherwise antiviral drugs will be used the most common cause of fever and cough in children is viral infections however sometimes bacterial infections can occur especially in immunocompromised patients or those who have underlying conditions such as asthma or chronic obstructive pulmonary disease cpa the presence of leukocytosis indicates an acute infection and neutropenia suggests a severe infection or immune deficiency the eosinophilia suggests allergic reaction or parasitic infection the low platelet count suggests bleeding disorder or thrombocytopenia the low hemoglobin value suggests anemia the low vitamin b12 and folate levels suggest nutritional deficiencies the low calcium and phosphate levels suggest bone mineral disorders the low sodium and potassium values suggest electrolyte abnormalities the low glucose levels suggest diabetes mellitus the low albumin and globulin ratio suggests protein,3.3277042508125305,3.445824146270752,98,31.369125544206533,0.13725490196078433
I have chest discomfort with upper and lower back pain please help,hi I reviewed your history do you have a burning epigastric sensation difficulty in breathing do you have hypertension or diabetes what is your last meal all these significant history points are important to exclude any cardiac problem or any gastric problem,hello doctor I have chest discomfort and upper and lower back discomfort since yesterday I passed stool twice today and the last one was cloudy I am a 32 year old male my height is 6 and I weigh about keg,medium severity,hi I can understand your concern according to your statement you had chest discomfort and upper and lower back pain which may be due to many reasons like acid reflux gastritis peptic ulcer disease gall bladder stones pancreatitis kidney stone urinary tract infection etc so it is difficult to say what exactly is causing your symptoms but as per your description I would suggest you some tests first of all we need to rule out heart related issues by doing egg electrocardiography and echo echocardiography if there is no abnormality then we will go for other investigations like abc complete blood count cop reactive protein serum electrolytes liver function test renal function test us ultrasound abdomen and pelvis chest ray and mri magnetic resonance imaging abdomen and pelvis after these investigations we will come to a conclusion regarding the cause of your problem and start treatment accordingly I hope this helps,3.3277042508125305,2.9274981021881104,46,18.680834442793774,0.11398963730569948
what are the ways to overcome the feeling of love,hi  first of all we need to understand that this not something which is unusual we all come across with past experiences and associate with them on certain occasions if those past experiences were pleasurable one that there is innate wish to re experience them and same is applicable for you it can be said that this is normal to have fantasy to love and loved by someone who was very close to you however we need to keep track of society and changes that took place over the last four years since she is married it will be completely wrong for her to get associated with you in any romantic relationship since you love her there is a good chance you will not push her in trouble in case you push her in some different way that too create problems for her as well as you at this stage it is important to do following minimise the interaction with her through common friends and relatives if possible avoid meeting her completely engage yourself with productive work do not allow your brain to wander here and there get married or in relationship if still single this is most important part as other romantic relationship will distract you to the core needs of life and will also allow you to understand her situation acknowledge that this is common emotion and you will try your level best to overcome it discuss with your best friends about the situation and moral dilemmas if possible,hello doctor I am in love with a girl who already got married four years back she was in my relation so we have some common relatives and nowadays we are meeting frequency and I am feeling the same thing about her in my heart which was there years back,low severity,hi  you can try to understand yourself first what do you want from life what kind of relationship would be satisfying for you how much time you need to spend together if you cannot find any other reason then it might be because of jealousy or insecurity regarding her marriage but if you feel like spending more time together then you should start talking to her and see if she feels the same way as you do if she does then you both can go ahead with mutual understanding and respect for each other and enjoy a healthy relationship otherwise you will end up hurting both of you,3.3277042508125305,3.2477943897247314,255,25.733519163722622,0.15041782729805014
I am coughing up green phlegm why,hi I understand very well the symptoms you describe above in your query for further information consult an internal medicine physician online,hi doctor I have been coughing up green phlegm for a few days now it started to hurt my chest please help,medium severity,hello  you seem to be suffering from bronchitis which is inflammation of the airways in the lungs this can happen due to viral infection bacterial infection allergic reaction smoking exposure etc there are many causes but the most common cause is viral infection so do get tested for any other infections if you have fever or shortness of breath then you need to visit a doctor immediately as it could be pneumonia too however if you just feel like you have a cold and no other symptoms then you can take some medication at home and follow these tips to relieve yourself of the problem first thing is to drink plenty of fluids such as water tea juice etc secondly use steam inhalation by taking a bath in hot water and breathing in the steam thirdly take antacids containing pantaprazole or rabeprazole twice daily after meals fourthly take antibiotics such as azithromycin levofloxacin or cefuroxime along with the above medications you will also require a course of antibiotics for five to seven days depending on what antibiotic was prescribed by your doctor you should also avoid smoke dust fumes and pollutants try to stay away from people who are sick and keep your hands clean by washing them frequently with soap and water and cover your nose mouth when sneezing or coughing if you have,3.310936540365219,1.9063869714736938,23,6.728733720351836,0.04048582995951418
I have loss of smell for the past years with frequent cold and sneezing please help,hello the possible causes for loss of smell are rhinitis sinusitis ethmoidal polyps neurodegenerative diseases vitamin b12 and folic acid deficiency tumor of the cos central nervous system trauma but in your case possible the cause is sinusitis with or without polyp rhinitis and sinusitis may lead to congestion and edema of mucosa and also nerve endings may give rise to anosmia so use salt water gargling thrice a day for five days use water vapor inhalation thrice a day for five days use decongestant like phenylephrine tablet lecope ad and anti histamines to decrease congestion avoid cool drinks and ice creams use otrivin nasal spray twice a day for five days use tablet amoxicillin and clavulanic acid 625 my twice a day for five days if symptoms are not improved please get done ray paranasal sinuses and nasal endoscopy then we come to know the cause so review with above reports or consult with your ent specialist he will examine and treat you accordingly,hello doctor I have lost my smell I have consulted many ent doctors for the past two years but could not resolve the problem I also have a frequent cold with sneezing particularly in the morning severe sneezing occurs please help,medium severity,hi  you seem to be suffering from allergic rhinitis which can cause loss of sense of smell as well as frequent colds it is important to identify the allergens causing this condition so that they can be avoided further if possible try to avoid dust mites pollen and other allergens which may be present in your environment you should use nasal sprays like xylometazoline hydrochloride nasal spray twice daily before meals for three weeks and then once daily for another week and then stop the same nasal spray for five days and repeat the same course again after one month if symptoms do not improve within four months consult an ent specialist for evaluation and treatment,3.310936540365219,2.281975030899048,214,9.7960087361661,0.19217081850533807
what causes pain in leg after walking,hello your laboratory tests are quite normal and not indicative of any infection considering the past medical history for seizures I would recommend performing an eg in order to exclude seizures as a possible cause underlying muscle twitching regarding the pain I would recommend performing a doppler ultrasound of the leg vessels coupled with nerve conduction studies in order to examine the nerves and leg vessels,hello doctor I have got my left leg pain when I walk and stand after 30 minutes,low severity,hi revert back with the reports to an orthopaedician and traumatologist online,3.310936540365219,2.771533727645874,70,15.983128987475794,0.07692307692307693
please suggest treatment for flatulence urinary incontinence abdominal pain and restlessness,hello good day I appreciate you seeking medical help via  I have your query so to answer to your query I want you to understand production of gas and feeling of fullness is more or less a normal phenomenon of human body one can not completely shut down the gas production since it has its own disadvantages however having said that gas production can be still be decreed to help patient to have comfortable life this gas usually produced by many bacteria within human gut I want you to start one antibiotic which will help balance good bacteria is bad bacteria tab rifxamin 200 my thrice daily for weeks ait is very safe antibiotic except in it can cause diarrhea which is usually mild and does not bother a patient much I want you to avoid gas producing meals particularly avoid rice cereals and grains in your diet sometime milk can cause bloating if this is in your case I suggest to better cut down your dairy intake see me in week time and lets see how it goes see me after week,flatulence and urinary incontinence abdominal pain and restlessness no medicine male 30 6 height,high severity,hello I have gone through all the details you have provided it seems like you have some issues related to your digestive system as well as bladder but before coming to any conclusion I would need more information about your symptoms such as how much time do you feel these symptoms what kind of diet do you follow if you eat anything spicy or oily how many times per day you go to bathroom do you get any burning sensation while passing urine do you experience any other symptoms such as fever nausea vomiting etc please answer these questions so that I can come to a better conclusion regarding your problem and then suggest you proper treatment for further information consult a general practitioner online,3.310936540365219,3.1437489986419678,196,23.19064578960702,0.12987012987012989
applying conut oil for dry skin on penis shaft cause redness and burning in urethra is it balanitis,hello normally the tip of urethra is slightly more reddish compared to the rest of the penis head as the mucosa is thin over there compared to the penis head it is possible that you have not noticed it or paid attention to it before and now became more aware due to oil application now if you are very sure that it has gone more red after the oil has entered it then also in the absence of other symptoms you do not need any treatment for it would settle on its own however we would like to get a urine routine examination just to rule out the possibility of urine infection which appears unlikely to me so I think it is not a worrisome issue and you may continue to apply oil or vaseline to penis shaft carefully the next course of action should be urine routine examination and treating infection if we find it which appears unlikely also you should have plenty of water for a few days atleast if possible avoid masturbation for a few days to avoid mechanical trauma to it I hope this helps,hello doctor I have dry masturbated for years and it created dry itchy skin on my penis shaft I read where conut oil had soothing qualities for sore skin so I tried it for four to five times for three days some of it got into my urethra I noticed some minor redness five days ago so I stopped I have no burning when I urinate no discharge the only sex I have had in months was oral and that person is sad free per doctors tests in march I have never had an sad but it is slightly uncomfortable I have a doctor appointment scheduled for a week from now but was curious what my treatment options could be,medium severity,hi  you can use betadine cream locally twice daily for two weeks this will help to reduce itching and pain also avoid masturbation until the problem subsides if there is any burning while passing urine then you should take tablet tamsulosin 0 my once daily before breakfast for one month,3.310936540365219,2.6673219203948975,197,14.401349542140755,0.08368200836820083
I have unbearable pain in my left shoulder for five days what to do,hi the main shoulder joint is a ball and socket joint which allows a very wide range of movement the joint is surrounded by a tough fibrous sleeve called the capsule which helps to hold the joint together a group of four muscles and their tendons make up the rotator cuff which controls movement and also helps to hold the joint together theres another smaller joint where the top of the shoulder blade meets the collarbone the acromioclavicular joint you can take accelofrnac paracetamol tab for severe pain once a day for two days following exercise will help reduce pain and increase range of motion reducing the strain when raising your arm or lifting objects reduce the strain or pull on your shoulder by keeping your elbow bent and in front of your body keeping your palm facing the ceiling to lower your arm bend your elbow bringing your hand closer to your body your pain should ease within weeks you should carry on with exercise for 7 weeks to help prevent symptoms returning pendulum exercise let your other arm hang down and try to swing it gently backwards and forwards and in a circular motion repeat about times try this 23 times a day shoulder stretch stand and raise your shoulders hold for seconds squeeze your shoulder blades back and together and hold for seconds pull your shoulder blades downward and hold for seconds relax and repeat 10 times raising arm and bending towards shoulder wall walk all these exercise will not only help in reducing pain make shoulder to normal also you can apply diclofenac ointment and clean it with warm aftern10 15mins following hot water fermentation it will help you reducing pain fast follow up after days for further investigation and medicines and exercise thank you,i cannot rotate my left shoulder from days and continues sever pain which dont let me sleep,medium severity,hi I can understand you must be very upset about this problem as it seems like rotator cuff tear but before coming to that conclusion we need to rule out some other causes first of all please tell me if there was any history of fall or injury to the shoulder region how much is the pain when you try to move your arm up down side ways and forward and backward is there any swelling over the shoulder joint is there any numbness tingling or weakness in the hand or fingers is there any difficulty while swallowing food or drinking water is there any fever or chills or redness over the shoulder joint is there any history of diabetes hypertension or heart disease,3.310936540365219,2.6945676803588867,332,14.79911942011219,0.10874704491725769
my husband gets frequent sharp cramps in right lower abdomen lasting for a minute what could this be,hello I will definitely help you right lower abdomen pain has many reasons including appendicitis and kidney stones there are some other reasons like indigestion of food infection of the small intestine or worm infestation this may be functional also in which no cause is identified the main reasons are indigestion and irritable bowel syndrome in which all investigation were normal so if a it scan is normal and there are no other complaints like vomiting bloody stool urinary complaint constipation then it must be functional due to indigestion avoid fatty and spicy food and lots of water have to be taken give two hour gap between dinner and going to bed please get back to me if any of the above symptoms are there and attach an investigation report also for better help,hi doctor my husband gets sharp cramping in the lower right side of the abdomen over a period of two months it happens once or twice a week and lasts for a minute we checked for appendicitis and kidney stones and all the reports are negative we did a it scan of the abdomen and it came normal but with a finding of stage fatty liver can you please help me understand what is his issue,medium severity,hello I have gone through the details posted by you as per the history he has got abdominal pain which is relieved after passing stools and no other symptoms like fever nausea vomiting etc so there is nothing serious about it unless if it is recurring then it may need some investigation and treatment however fatty liver disease is common in our country and it is usually asymptomatic so do not worry much about it just follow up with us after three weeks and let us know how things go hope this helps,3.310936540365219,2.788905382156372,146,16.263208057306084,0.15859030837004406
my mom took 40 my of geodon accidentally please help,hi for further clarification consult a pharmacologist online,hello doctor my mom took 40 my of geodon accidentally and has also taken the following medicines that are on severe interaction list with geodon in the last 24 hours zithromax codeine thyearoid medicines omeprazole triamterene and hydrochlorothiazide she is sleeping now for 5 hours after taking geodon 40 my orally and having stomach ache she also used albuterol and steroid inhaler she has prescription for medrol dosepak but has not yet taken she also takes vistaril but her last dose got over 72 hours back please help,high severity,hi I have read through your query and understand your concerns first of all you need to know whether it was accidental overdose or intentional overdose if it was accidental then there is no need to panic as most of the times this type of accidents can be corrected by inducing vomiting within two hours of ingestion otherwise you should take some antacid like gaviscon syearup twice daily for three days and continue other medications as usual if it was intentional then you should immediately contact emergency services and get her admitted into hospital for further evaluation and management I hope this helps,3.310936540365219,1.3304698467254639,10,3.7828203158325406,0.05405405405405406
I have large intestine obstruction with constipation and piles please suggest medication,hello I have reviewed your situation for confirmation what is going on you need to visit to a gastroenterologist and get booked for upper and lower gi gastrointestinal endoscopy but reading at your situation it looks you have both acidity problem and constipation till you meet some gastroenterologist you can take capsule nexium 40 my esomeprazole once a day before meal and isphagol husk two teaspoons in a glass of water keep it for four hours and then take it if you still feel symptoms you can follow us so we can upgrade the treatment I hope this helps,hello doctor I am 36 years old I have a problem on the right side of the large intestine I have four babies with cesarean surgeries my youngest baby is 13 years old my uterus was removed five years ago due to rasoli after this operation I felt pain in my anus and a year later I was alright but later on my mother suddenly passed away due to sorrowness I felt pain in my stomach and a pull in my belly followed by I had constipation and piles no bleeding now whatever I eat or with empty belly I feel heavier on the right side of the large intestine after eating something I feel that it has blocked due to any hindrance I thought it may due to eating beef or meat but now doctors say that my large intestine is infected and even using medicines show no improvement my hunger is normal but I have constipation and little pain in the right intestine with a large amount of urine with crystals in it please suggest medication,high severity,hi I can understand your concern you need to take some medications for constipation and also for infection of large bowel you should start taking capsule osmidrine 50 my twice daily before meals for three weeks tablet cefuroxime 250 my twice daily for three days syearup gaviscon alginate two teaspoons thrice daily for three weeks capsule pan pantoprazole one capsule half hour before meals for three weeks capsule omeprazole one capsule half hour before meals for three weeks capsule dicyclomine hcl 40 my once daily at night for three weeks drink plenty of water avoid spicy food and oily foods if possible do not use toilet paper when passing stools because it will cause more constipation and pain you can try stool softener like methylcellulose 10 my twice daily for three weeks,3.020505279302597,2.7419893741607666,117,15.517825170370887,0.18181818181818182
what is the normal level of carbon monoxide in the body after a leak,hi  carboxyhemoglobin level is raised by various reasons and the inhalation of carbon monoxide is one of the reason our body has many mechanism to increase carboxyhemoglobin level for you and your wife the level is normal and nothing to worry lab to lab variation intro instrumental variation human physiological variations are the reason for different values at different time points in case of carbon monoxide poisoning breathing difficulties bluish discoloration of body blood are commonly seen in such case just inhalation of fresh air can be helpful in such cases the carboxyhemoglobin level is higher than your levels so I suggest to leave the worry go for brisk walking in fresh air daily and practice pranayama to balance the carboxyhemoglobin levels if you want to repeat the blood test can be done after some days if the value is not doubled below the doubled level then it is normal if values are doubled or more only then it is the toxic influence,hi doctor recently been concerned about a carbon monoxide leak in my pick up recently after a hour interstate drive I stopped and did a carboxyhemoglobin blood test the results came back at 3 I felt that was on the high side of normal so I took it to another exhaust place he claimed it had a small leak and repaired it so this past week we took it on another hour drive this time my wife and I both tested again mine came back at and the wifes at 8 is this normal after driving this distance or should I be concerned,medium severity,hello I have gone through all the details you have mentioned there is no need to worry as far as the levels of co are concerned they do increase when exposed to co gas but if you are breathing fresh air then the levels will come down gradually over hours days etc also the co levels can vary depending upon how long you were exposed to the gas and what concentration of co was present during exposure the fact that you have taken two tests within one day and got different values means that you may have breathed some co while driving and some other times outside the vehicle which would explain the variation in the readings however the co levels you have mentioned are still well below the threshold of concern for acute poisoning by co and hence you need not worry about it,3.020505279302597,2.8450558185577393,191,17.202518861919252,0.16233766233766234
what can be a soft lump on penis that is tender to touch,hello I have gone through your case history and would help you as best as possible to get your son out of the problem that is bothering I have had several patients with similar complaints during my practice our best wishes to you and your son for his early recovery revert back with the photographs to a dermatologist online,hi doctor my son has a large soft lump on the penis partially covered by pubic hair it has a blister like appearance but it is not he says it is tender to touch what is this and should we do anything about it also there does not appear to be any liquid coming from it please help,low severity,hello I have gone through the pictures attached along with history provided revert back after the investigations to a urologist online,3.020505279302597,2.6693596839904785,61,14.430726008946847,0.325
I am having severe vaginal itching in the night why,hi for further information consult an internal medicine physician online,hi doctor for the past few weeks I have had severe vaginal itching it goes on all night and sometimes during the day I have not slept properly for the past few weeks I have not experienced this level of itching before and for such a long time once this started I used lactacyd to alleviate the itch but that has not worked please help me before I go out of my mind,high severity,hello  I can understand how you must be feeling upset about your symptoms as you say you have been suffering from these symptoms for quite some time now and also they seem to be worsening so I would like to know if there was any history of sexual intercourse recently did you use any kind of oral contraceptive pills do you have any other complaints like burning while passing urine or pain while passing urine or fever or chills or weight loss or excessive tiredness or nausea or vomiting or diarrhea or abdominal pain or chest pain or shortness of breath or difficulty breathing or headache or dizziness or fainting or seizures or weakness or numbness or tingling or changes in sense of taste or smell or vision or hearing or memory loss or concentration problems or speech difficulties or thought disturbances or unusual behavior or depression or anxiety or irritability or emotional lability or crying spells or euphoria or grandiose ideas or suspiciousness or hallucinations or delusions or paranoia or suicidal thoughts or plans or attempts or any other symptoms which may suggest that you might be infected with hiv human immunodeficiency virus or aids revert back with answers to the above questions to an internal medicine physician online,3.020505279302597,0.3823135495185852,11,1.465671573709325,0.054545454545454536
do negative troponin rule out heart problem inspire of chest pain,hello I understand your concern your troponin was normal this is good because that was not heart attack regarding your egg electrocardiogram I do not know what was the abnormality I want to see your egg to guide you accordingly one thing I would stress that please reduce your weight as obesity is the most to many unwelcomed diseases obesity is a field in which cardiac diseases grow only reducing weight will solve many of your symptoms and worries regarding your chest pain it is atypical and does not seem to be related to the heart take painkillers when you have pain,hello doctor I am a year old female I get random chest pain either on the left side or on the right side that is painful to touch there are some instances when it feels like my chest is going to collapse this feeling lasts for a second or two almost like a lightning bolt has shocked me there are other times where I feel like something is pinching or pressing on my left or right side of the chest I have been diagnosed with costochondritis and herd and prescribed anti inflammatory pills plus omeprazole I also have high blood pressure and high cholesterol for which I take losartan 25 my hydrocholorithazide 25 my and fenofibrate 145 my once daily I had an ekg done and that turned out normal I went to the clinic two weeks ago as I had pain in the middle of my chest that lasted less than a minute I had an ekg done again and it turned out abnormal my blood pressure was elevated at 130 100 mhg and I was having an anxiety attack although ekg was abnormal blood tests came out normal and troponin was negative I am totally freaking out doctor says that I am fine but I should see a cardiologist to rule out heart problems I am worried because several months ago my ekg was perfectly fine but now it is abnormal please help,high severity,hi I can understand how you must be upset about your symptoms and the fact that your ekg report is abnormal however I would advise you to continue taking the medications that you are already on and do not worry too much about the ekg reports being abnormal if they were normal before then it is unlikely that anything serious is happening now the fact that your troponin levels are negative means that there is no evidence of any cardiac issues so you need not panic just keep monitoring your blood pressure and sugar levels regularly and try to reduce stress by doing regular exercise and meditation hope this helps,3.020505279302597,2.820384979248047,114,16.783310654896095,0.1792452830188679
soreness in eyes with paranoid nature refrains my sleep with fear of becoming blind please help,hi try sleep hygiene avoid excessive caffeine intake do not sleep at day time maintain a regular schedule for sleeping and waking time do not use mobile phone or watch to when you are in bed go to bed when you fall asleep if you do not feel sleepy in the bed wake up and engage in some activities until you feel sleepy try this first as well as regular exercise or meditation and engage in your regular activity if this does not help try zolpidem 10 my at night time for 10 days eat this medicine and immediately go to sleep along with this take fluoxetine 20 my in the morning after meal,hello doctor I am a very paranoid person the smallest thing that happens to me ends up searching it up on the internet and stressing over it one of my main problems is freaking out about going to sleep and waking up worse for example yesterday I got an eyelash in my eye and it was so close to my cornea but it did not touch it after that I would constantly go to the bathroom to check if there was something in my eye the constant touching led to my eye being sore and I was afraid to fall asleep and wake up blind I ended up sleeping at am I was wondering if you had any tips to help me not be afraid to sleep at night,high severity,hi  I can understand how much stress you have been under due to this problem as far as possible avoid looking into the light before going to bed do not use any electronic devices like mobile phones computers etc just switch off all these things and try to relax yourself by doing some deep breathing exercises or meditation take warm water bath and then go to bed do not worry everything will get better soon,3.020505279302597,2.707850456237793,125,14.997004126248902,0.1693121693121693
what can be the reason for sudden transient loss of vision,hello for further information consult an eye care ophthalmologist online,hello doctor early this morning I lost vision in one of my eyes for about two minutes my vision then came back gradually over a period of couple of minutes I could not see any light at all it was not painful and I have not experienced this before I experienced an allergic reaction to a progesterone cream when I applied to my face the same day it burned my face and turned it red symptoms subsided after washing it off I am traveling and cannot get in to see a doctor until I return home in two weeks is it fine if I wait to see a doctor please help,high severity,hi  you had a temporary loss of vision which has resolved now but as you said it happened suddenly so there must be some cause behind it what kind of medication did you take for the allergy do you have any other symptoms like itching sneezing runny nose etc if yes then it may be due to allergy if no then it may be due to some eye problem such as glaucoma retinal detachment macula degeneration etc if you have any history of diabetes hypertension heart disease stroke etc then it may be related to those conditions too so please tell me more details about your present health status and past medical history,3.020505279302597,0.37896421551704407,13,1.4607707618817098,0.03252032520325203
why am I having suicidal thoughts and nervous breakdown,hello I can understand your concern for further information consult a psychiatrist online,hi doctor I was injured at work before four years and till date I have not received any treatment in the course of trying to get medical help I have been suffering with severe pain and have been on strong pain medication for over three years I also had two surgeries earlier for disc herniation before two years I was diagnosed with major depressive disorder and severe anxiety due to pain I am fighting for my treatment there is no support and I lost my career in 29 years of age I lost my home and I am living alone I have begun to have what I would describe as a nervous breakdown with thoughts of suicide overwhelming feelings of terror and hallucinations I am on klonopin buspirone risperidone hydromorphone and oxycodone er I also have been diagnosed with narcolepsy I am taking dexedrine for narcolepsy and I am unable to drive these horrifying feelings of abandonment a conspiracy involving my workers claim loneliness depression and anxiety is so bad and paralyzing I need to know what is wrong with me as my psychiatrist does not seem to put much urgency in my treatment please help,high severity,hello I can understand how you must be feeling right now it seems like you are going through a very tough time but do not worry everything will go well soon first of all you should start seeing a psychologist who can help you deal with this problem he will teach you some techniques which will help you control your symptoms secondly you should take proper medications according to your needs thirdly you should try to find out why did you get hurt at work if you could provide more details about it then we can figure out what exactly happened and how to prevent such incidents from happening again last but not least you should talk to someone close to you about your problems they will surely help you and encourage you to fight against this problem,3.020505279302597,0.6909223198890686,14,1.9955552249942685,0.06622516556291391
will cutting down of xanax dose lead to additional psychological disturbance,hello there are a few clarification and advice that I need to make reducing the dosage of alprazolam results in alprazolam withdrawal a reduction by 25 is unlikely to be physically dangerous but the withdrawal symptoms are going to be highly unpleasant the anxiety of withdrawal is quite similar to your panic and generalized anxiety and it is difficult to make a difference between the two withdrawal anxiety will reduce over time I do not think that your disease will worsen because of this to the initial level but the withdrawal will cause distress for a few weeks I recommend using more nonpharmacological therapies like relaxation training during this period ask your doctor to avoid making sharp changes in dose and consider adding drugs like saris selective serotonin reuptake inhibitors etc breaking your tablets and taking the pieces in such a way so that you reduce the inter dose interval without changing the dose I hope this helps,hi doctor I have been taking my of xanax a day to treat severe panic attack syndrome and associated high levels of general anxiety for 15 years my doctor arrived at the my per day amount gradually and it works very well along with cut from a therapist before two months when I received the medication from the pharmacy it was for my day I asked them to double check and that was the quantity that my doctor had written I call his office and the office manager said that she would ask him about it when I called the next day she said that he did not make a mistake and I asked for an explanation and was told that he did not give one I started to feel sick a few days later and panic attacks actually started to increase the day that I talk to his office manager I suffered minor but disruptive withdrawal symptoms physically and mentally for about two weeks and then they subsided but panic attacks continued to occur at random every day and my gad symptoms increased to the point where cut methods were not working then last month the script was back to my per day normal dosage I thought yes back to normal but again this month the script was back down to my per day which means I am going to experience a minor hell again I am a defense and aerospace engineer who works on a contract basis through an agency and the client had noticed a drop in my performance before month but back to normal last month now they are going to see it again and I will probably lose the contract job I also started online system engineer classes and I am freaking out over being able to handle the exams and homework as I typically work on the class at night and am now without my evening dose I again asked for an explanation and was not given any my question is a 25 cut in dosage physically dangerous and I am well aware of the strong psychological addition issues so will this settle down before my career and social life and general well being take a hit and I revert to hiding in my apartment with my dog and my employer and friends will give up on me,medium severity,hello I understand your concern you are right if you reduce the dose too much suddenly it can cause some side effects like insomnia headache nausea etc but do not worry there is no need to panic just follow these steps first try to get your blood sugar checked and also check your thyearoid function test secondly start with half dose of xanax and slowly increase it by 10 my each week until you reach your original dose thirdly continue therapy sessions with your psychologist and psychiatrist discuss all your concerns with them and let them know that you want to come back to your original dose after discussing with them they will help you to decide what to do next I hope this helps,2.573488086462021,2.7957611083984375,176,16.375087227845196,0.1696113074204947
I get right sided lower abdominal pain while passing stool is it appendicitis,hello I can imagine you must be very upset about your pain well the pain of appendicitis should be continues and not intermittent pain starts at the center of the abdomen around umbilicus and travel to the right lower part of the abdomen pain of appendicitis is often unbearable accompany with vomiting or severe constipation and sometimes diarrhea now I think you can better figure out what sort of pain is this gas bloating can cause pain but not often severe and usually occur when one have a meal not otherwise the pain improves with fasting or taking a certain diet which does not produce excessive gases pain of gas often worsens after milk and dairy products intake if you feel a strong suspicion for appendicitis an ultrasound abdomen targeted for appendicitis would be the first best investigation to do I hope this helps abdominal pain complete blood count serum amylase liver function tests ultrasound abdomen for liver gall bladder and appendix functional gas and bloating capsule tramadol 100 my for pain until definite treatment is given,hi doctor I am having abdominal pain on my lower right stomach since yesterday and my parents thought it is just the only bloated stomach I cannot also urinate well and pass stools whenever I pass stools my lower right abdominal get hurt so badly is this appendicitis or other stomach disease,medium severity,hello  I can understand your concern you have been suffering from severe pain in the lower right side of the abdomen which has started two days back and now it seems to be worsening please do not panic as there are many causes for such pains but we need to rule out some serious conditions first before concluding about the cause of your pain if possible send me the pictures of your tummy and blood tests report for further help revert back after the reports to an internal medicine physician online,2.573488086462021,2.8673758506774902,198,17.590796703055904,0.16417910447761197
my daughter has perforation in right ear and doctor suggested hearing aid is this the right treatment,hello we shall do the ear perforation surgery only when we are sure that eustachian tube ventilation to the middle ear is normal and not hampered by any reason the functioning of the eustachian tube is indicated by the successful falling off of the ventilation tube the grommet the falling off indicates that middle ear pressures are getting maintained by the natural eustachian tube usually kids of this age have some remnant adenoids which causes tubal obstruction causing recurrent ear issues like in your kid usually the adenoids regress by this age if they don then the kid will have symptoms of mouth breathing snoring teeth crowding and protrusion and other signs of adenoids facies if these issues are there then before we attempt ear surgery we will have to remove the adenoids and tonsils because the source of ear infection is adenoids tonsils otherwise we can wait for a while until the natural eustachian tubes function well and then we can repair the eardrum we would need to do an adenoids ray to check for the adenoids size meanwhile hearing aid is the best option because you cannot risk your child not hearing properly at this age as it would adversely affect his speech and development for any queries on this matter please revert back to me,hello doctor my daughter is years old with a tube in her left ear and a perforation in her right ear the doctor does not want to fix the perforated ear until the tube falls out of the left ear and is healthy for a year in the meantime it is suggested that a hearing aid be used until the perforation surgery does this sound like a normal course of action and will ear perforation surgery improve the situation,medium severity,hi I have gone through all the details you have mentioned regarding your daughter and also attached images as well from the pictures it seems she has had otitis externa which can cause perforation of eardrum however if there is no discharge coming out of the ear then it is unlikely that she would need any surgical intervention at present but if there is some discharge coming out of the ear then it may require surgical intervention so please get back to me after one week about the discharge and also send me the latest ray of the ear to see whether there is any perforation or not if there is no discharge then do not worry and just use a hearing aid for further doubts consult an ent otolaryngologist online,2.573488086462021,2.8514010906219482,252,17.312020565938987,0.1375358166189112
I have redness on penis without pain or itch is this due to unprotected sex,hello I could not get the contents of the medication prescribed to you could you send the same with details I would be able to comment on the issue secondly get a forth generation elisa test done for hiv and six weeks and repeat the test at three months from the date of exposure along with hbsag and vdrl tests lastly is there any swelling in the groin region or any foul smelling or milky discharge from the penile tip,hi doctor I have a symptom of redness on my penis and with no pain and itchiness on it for the past one day can you please suggest me something I had unprotected sex due to condom break two weeks back with an unknown person for that I am taking tavin em and instgra medicine now for 28 days as prescribed by the doctor,low severity,hello revert back after three days to a urologist online,2.573488086462021,2.7924282550811768,90,16.320602309612134,0.06666666666666667
why do I get swelling in the eyes predominantly in the morning,hello as you have described in your history it is looking like an infection in your eyes can you please send your eye image to me so that I can get an exact idea about your condition and depend upon that we can plan further it is better if I can see your eye condition and then prescribe you drops so my advice is to please attach your eye image as soon as possible so that we can start your treatment as early as possible and you will feel better after treatment,hello doctor my eyes are swollen especially in the morning I find it hard to open my eyes after a nap or when I wake up in the morning after that I am fine during the day with watery eyes sometimes no itching but it is little reddish when it is hot around the first week of march I went to see an ophthalmologist who told me I had a bacterial infection of both eyes I was prescribed vigamox and after seven days my eyes were fine due to quarantine I was not able to go back to my doctor around the last week of april I had the same symptoms and since I cannot go out I treated my eyes with vigamox again and was healed after seven days after that from time to time I have swelling not much but mostly in the morning I am a 68 year old female I have allergies seafood pollen and dust I take allerta or claritin from time to time to relieve my allergies I smoke but I am trying to quit before to 10 sticks now reduced to four or five,low severity,hi you seem to be suffering from allergic conjunctivitis this can happen because of allergy to dust mites pollen etc if you are having any other symptoms like sneezing runny nose nasal congestion cough then you may need to start on antihistaminic drugs as well if you are taking vigamox antibiotics then there is nothing to worry about as they will help to control the infection which has been causing these symptoms also you should avoid exposure to allergens like dust mites pollen etc if possible try to keep your room clean and use air purifier too,2.573488086462021,2.346287488937378,93,10.446714101719822,0.13756613756613756
what could be the reason for recurrent blood in stool and right sided stomach pain,hello stomach pain on the right side can occur due to a variety of reasons like stomach infection appendicitis infection in your intestine and problems in your kidneys or the ureters a tube that connects your kidneys to your urinary bladder stomach pain with blood in stools is something to worry about the cause for it can be acute infectious gastroenteritis inflammatory bowel disease or ulcer in your gastrointestinal tract to diagnose all of these I need to ask you some questions do you have any fever do you have weight loss how is the appetite is the blood in stools fresh blood or is it brownish red do you have any history of piles are the stools hard do you have any diarrhea does the stomach pain has any relation to food intake I does it get relieved by eating food or does it increase on eating food once you answer these questions I would suggest what tests to be get done and how to treat the disease I hope this helps,hello doctor I would like to know the reason for pain in the stomach at the right side and blood in the stool once I had blood in stool previously and used homeopathy medicine to stop that but it recurred after five days,medium severity,hi  I have gone through your query and understand your concerns first of all you need to rule out any serious cause for this problem as there can be many causes for such symptoms so please do follow up with me after three weeks if no improvement then we will discuss further about treatment plan for now what I want to tell you is that you should get some investigations done before coming to a conclusion regarding the cause of your present issue firstly complete hemogram abc complete blood count serum electrolytes ash thyearoid stimulating hormone liver function test egg electrocardiography chest ray abdomen ultrasound abdomen and pelvis colonoscopy and sigmoidoscopy etc these tests will help us to find out the exact cause of your present issue and also guide us regarding the treatment plan for further information consult a general practitioner online,2.573488086462021,2.2274763584136963,180,9.276426140141488,0.12025316455696201
my lower wisdom tooth is erupting with swollen gums and pain please suggest solution,hello  first of all please do not worry I went through your query and I am a specialist dealing with third molars I can understand what kind of pain and discomfort you have been through I will guide you to relieve all your pain these teeth are impacted and they will not come out normally and will cause discomfort repeatedly I will prescribe better medicines kindly get them you will be fine visit your dentists office once the lockdown gets over to extraction for now I need you to do warm saline gargle two to three times a day if hypertensive avoid salt use betadine gargle avoid sticky or sweet food maintain oral hygiene avoid direct heat warm cloths from outside take the medications as prescribed impacted third molars pericoronitis follow up after seven days,hello doctor I am facing this below for more than 15 days my lower and upper wisdom teeth are erupting the lower teeth are erupting and gum got swelling and pain there is swelling nearby the last molar teeth and feeling pain I have a feeling of throat infection and sometimes pain in the throat neck and jaw I have no fever but inside the tongue I found red blisters I need your advice already I am taking loxoprofen sodium 60 my for one week and azithromycin for about three days,medium severity,hi I can understand your concern according to your statement you are suffering from painful gums and swelling around the lower wisdom tooth which has been erupted recently it seems like gingivitis due to improper brushing habits and food deposition on the gums as per your description you are taking antibiotics and anti inflammatory drugs so I would advise you to continue them for another five days and then stop if possible do not brush your teeth immediately after eating because it will cause further food deposition on the gums and increase the inflammation take tablet augmenting 400 my twice daily before meals for five days and tablet loxoprofen sodium 60 my twice daily for five days avoid hot spicy and sweet foods drink plenty of water at least two liters per day maintain proper oral hygiene by cleaning your teeth properly with a soft bristle toothbrush and mouthwash use chlorhexidine mouthwash thrice daily for five days and rinse your mouth after every meal and before going to bed follow up after five days,2.573488086462021,2.9516847133636475,149,19.13816891285927,0.16828478964401297
my kid developed popular urticaria post insect bite and not subsided on medication why,hi as per the history and pictures shown I would recommend to get the child evaluated for scabies if the above treatment does not work until then continue the treatment as going on it appears to be fine as per my knowledge as I have not evaluated the child physically if the treating doctor feels that it is scabies after examination it would be advisable to use one dose only of permethrin on the body and on the scalp I hope this helps,hello doctor this query is regarding my baby boys health he is 18 months old and recently had his varicella shot last month last week he suddenly started shouting in the middle of his sleep and kept scratching his forehead and neck region when checked two mosquitoes were near him and had bitten him generally he gets popular urticaria after any insect bite but after three days he got lesions all over his face arms and legs checked with my doctor and initially it was ruled out as chickenpox along with insect bite allergy but even after a week he still did not show improvement the older ones are very slowly recovering but everyday new lesions are coming up and he scratches like anything despite a lot of medications please help his current medications are aciclovir 5 my thrice completed the day course azithral my night only for seven days xyzal my thrice daily now the doctor has started him on omnacortil steroid medication and kid red 5 my twice daily please suggest if we are treating him the right way he weighs 10 keg no fever cold or body pain symptoms,medium severity,hi I have gone through the history you have provided and also seen the pictures attached there seems to be some kind of allergic reaction to mosquito bites which can cause itching and rash so yes you should continue the treatment you are already doing however I would advise you to add tablet levocetirizine once daily at bedtime for five days and sertaconazole cream twice daily for five days this will help reduce the itchiness and rash revert back with the answers to the above questions to a paediatrician online,2.573488086462021,2.657560110092163,88,14.261450245951956,0.18497109826589597
what is the major consequence that a child will face with hearing loss,hi the primary role in working with children with hearing loss is an early diagnosis of the disease and etiology once the diagnosis is made our duty is to treat the reversible cause of hearing loss this is more common than irreversible or genetic causes our goal is prevent the probable diagnose the inaudible treat the curable rehabilitate the disabled hearing is one of the most important sense organ mutually connected with vision for speech and language development which is a must for communication most important consequences of hearing loss are speech and language development and overall psycho social development this is dependent on communication children with hearing loss have special importance as they have to be diagnosed early to prevent the delay in speech and language development the best means to achieve this can only be universal neonatal hearing screening this scheme is not followed in our place due to various reasons like a social factors requiring community and individual participation economic resources government policy support I would like to have a universal hearing screening program because only if we can diagnose early we can do something so the first step is early and all the cases to be diagnosed hearing and speech and language services for hearing impaired are meeting the needs of students who are receiving treatment facilities at tier and few tier cities but at the rest of the places these services are not adequate the reason is again a lack of awareness of available facilities constant changing of technology and products low literacy also prevents parents from utilizing these resources lack of funding and support from dedicated organizations human resource and society participation few important needs are a universal neonatal hearing screening social awareness of the impact of hearing loss and treatable diseases funding for hearing impaired children with the provision of financial support for special schools need of low cost and effective rehabilitation devices that should have stable technology easy to boot does not have much maintenance cost increase in more and more audiologists are needed especially to serve the needs I hope this helps,hello doctor I would like to know what is your role in working with children with hearing loss or more specifically what are the duties that involve the children with hearing loss when you work with children who have hearing loss what are the two or three consequences or effects of the hearing loss that you think have the biggest impact on the childs life do you think that children with hearing loss are being adequately served in the area where you work what kinds of things would you like to see happen differently for children with hearing loss where you work if you are familiar with the speech and language services that children with hearing loss receive in your school or community do you think that these services are meeting the needs of the students what do you think about this if you are aware of the hearing related services that children with hearing loss are receiving in the schools or community where you are do you think that these services are meeting the needs of the students what do you think about this do you have anything that you would like to see done differently by people who work with kids with hearing loss g programs funding devices etc,high severity,hi  as per my experience there are many issues which need to be addressed first of all we should start from early intervention so that the child can learn to communicate effectively with others secondly we should provide them with assistive listening devices such as cochlear implants and amplification devices thirdly we should teach them sign languages and use it while communicating with others fourthly we should give them proper education regarding their condition and help them to cope up with it fifthly we should encourage them to participate in various activities and games sixthly we should provide them with regular follow ups and checkups to monitor their progress and adjust treatment accordingly seventhly we should educate parents and teachers about the importance of timely intervention and proper management of hearing loss eighthly we should provide them with counseling sessions to help them deal with any emotional problems they may encounter due to their condition ninthly we should provide them with psychological support and counseling sessions to help them overcome any mental health issues they may develop tenthly we should provide them with social skills training to help them interact with other children and adults twelfthly we should provide them with vocational rehabilitation services to help them find suitable jobs thirteenthly we should provide them with financial assistance to help them cover the cost of treatment and equipment fifteenthly we should provide them with transportation,3.3521095514297485,3.3352112770080566,361,28.084316167324854,0.11945392491467575
I feel itchy over my face neck chest and arms after sex please help,hello according to your statement you are suffering from allergy just after sex you did not mention here whether your partner uses condoms or not you may be allergic to the condoms or any added ingredient like spermicide that you or your partner used although it is possible to be allergic to any type of condoms latex is the main common culprit between 6 people of your race are allergic or sensitive to latex like you again spermicide are commonly used in gels suppositories and lubricants noxynol is the most common active ingredient in spermicide is known to cause irritation or allergy to some people especially when used frequently by using skin prick test last test etc it can be determined which ingredient is responsible for your allergic reaction latex causing allergy will be subsided with one to four days your partner can use condoms of latex free ingredients you can also take anti allergic medication too,hello doctor my whole body gets itchy after sex earlier it used to be random but now it is almost every time my face neck chest legs even hands and arms are involved I am 29 years old,medium severity,hi revert back with the answers to the above questions to a dermatologist online,3.3521095514297485,3.1431801319122314,169,23.177457154419763,0.046783625730994156
will hav infection cause esophageal cancer,hello your problem can be due to pharyngitis it is possible that amoxicillin is not effective enough in your case you may need some other antibiotics I want to see your throat myself can you send me a picture of your throat I should be able to see posterior pharyngeal wall and tonsils we can think of hav related problems only after ruling out other infections did you lose your weight are you having any swelling in the neck lymph node enlargement the only way of ruling out hav related oral cancers is by taking an oral biopsy before concluding anything please send me a picture of your throat I will be able to guide you in a better way,hi doctor just over a week ago I developed severe swelling and soreness on the left side of my throat particularly at the base of my tongue my left ear is also in a lot of pain swallowing is extremely difficult and I went to see local urgent care where they prescribed me with amoxicillin 500 my and said it was most likely pharyngitis even though I have not had tonsils for many years my main concern even though it is a worse case scenario is esophageal cancer through hav can occur as my girlfriend was recently diagnosed with hav again I know this is the worst case scenario but since she was diagnosed I really been concerned about hav related cancers from what I read and what I have been told there are no real tests to check in men for hav and even though there is the vaccine it is not recommended for men ages 26 to 45 years I have already been taking amoxicillin for about four days now and nothing improves I have also tried taking regular over the counter cough drops and gargling with salt water this has not helped at all either I have also been told that throat cancer from hav can usually be spotted unless you have lesions in your oral area right now I am at a loss of what I really need to do any help or advice would seriously be appreciated I am also under amlodipine my,high severity,hello I understand your concerns and I will try to answer them one by one first of all we should rule out other causes of your symptoms such as acid reflux gastritis etc so please get done upper gi endoscopy and barium swallow study if these investigations are normal then it is unlikely to be due to hav human papilloma virus secondly I want to tell you that hav is very rare in males and the risk of developing esophageal cancer after hav infection is less than 10 chances per year thirdly I suggest you to take capsule levocetirizine once daily before breakfast for five days this medicine helps to reduce inflammation in the throat and improve your condition lastly I recommend you to visit a specialist called gastroenterologist he will examine you physically and may order some blood tests to confirm the diagnosis and start treatment accordingly hope this helps,3.3521095514297485,2.305555582046509,130,10.029749053268175,0.1697416974169742
I bleed whenever I get horny why,hi abnormal uterine bleeding is the most common side effect of depo proverb therapy especially in the early months of use it is a problem whenever bleeding continues for more than 14 days is heavy or symptoms such as pelvic pain accompany it bleeding irregularities that typically occur may include breakthrough bleeding you are having this spotting between periods prolonged periods lighter or heavier periods than normal lack of period usually after one year some women with 10 days of bleeding over two weeks are administered tablet ethinyl estradiol for 10 days and bleeding generally stops in five days other physicians prescribe an estrogen patch if estrogen is contraindicated patients are given 800 my of ibuprofen three times a day for five days in all cases of heavy bleeding apparently related to depo proverb use other causes g cervical malignancy uterine fibroid sexually transmitted diseases should be ruled out before treatment depo proverb acceptors can anticipate irregular bleeding as long as for one year and learn to accept it if not too severe this is the most effective management strategy I hope this helps,hello doctor I bleed whenever I get wet and horny I am currently taking a depo shot every three months and adderall every day for add I am 15 years old my height is 6 and I weigh about 200 pounds please help,medium severity,hi I have gone through all the details you have mentioned it seems like you are suffering from premenstrual syndrome pms which is common among young girls who do not have periods yet but if you have started having periods then there can be other reasons as well so first of all we need to rule out any other cause for bleeding before coming to a conclusion regarding the treatment plan for now I would suggest you to take tablet ovral 30 twice daily after breakfast for seven days this will prevent further bleeding during next cycle also avoid wearing tight undergarments and clothes as much as possible because they may irritate the skin and lead to more bleeding you should also try to reduce weight by doing regular exercise and eating healthy food drink plenty of water and fluids throughout the day,3.3521095514297485,3.0950679779052734,214,22.088740032788348,0.13455657492354742
is it possible for lymphoma to spread to elbow,hello as per your history you had stage a dlbcl diffuse large cell lymphoma and have already completed chop on radiation currently which is standard therapy regarding the lump I would like to know since when it is present do you have any pain or tenderness experienced any trauma fever or involvement in sports mostly it looks like bursitis as it is very unlikely for stage ia dlbcl to affect this site and if consistency is suggestive of fluid underneath then it becomes highly unlikely I would advise symptomatic treatment and follow up,hi doctor I have just finished three rounds of chop for stage a diffuse large cell lymphoma and currently receiving radiation to my hip or groin recently I found another lump on my elbow bone not inside crease but outside two weeks ago my elbow was red and sore possibly bursitis but can feel a small lump underneath the fluid is it common for lymphoma to spread to these parts,medium severity,hello  I understand your concern as you mentioned about having undergone chemotherapy and radiotherapy for stage a diffuse large cell lymphoma at present you are undergoing treatment for elbow joint swelling which seems to be due to bursitis however if there is any new onset of weight loss fatigue night sweats fever unexplained bleeding etc then please get evaluated by a hematologist online,3.3521095514297485,3.1965315341949463,103,24.447587350845044,0.21794871794871795
shall I continue the vitamin drops for my 20 days old baby,hi for further information consult a paediatrician online,hi doctor my daughter is 20 days old she is having loose motion from yesterday night she passed loose stools for about to times between am to am only a few days back we started giving multivitamin drops and vitamin drops after having that she seemed to struggle while passing motion and it was little so for the past two days we have stopped those drops I have also attached an image can you kindly check and advice should we take the baby to the doctor does it have anything to do with breastfeeding many consider that could be one of the causes please clarify it,low severity,hello I have gone through the history and examined the picture as per your query I would like to suggest the following revert back with the answers to the above questions to an internal medicine physician online,3.3521095514297485,0.2825026512145996,11,1.3264452917832106,0.044444444444444446
I am 37 years old and getting twice a month am I facing fertility issue,"hello welcome, I have seen the reports your hormone levels are normal I would like to know more about your menstrual cycle is it this month or every month you are getting frequent periods I would like to get you a ultrasound pelvis done",hi doctor I am a 37 year old unmarried female with no sexual activity I have been experiencing problem in periods that I have got the period twice a month in the last month without any pain and scanty period my fish is 29 miu my oh is 69 miu my prolactin 6 ng my testosterone total 18 ng dl ash ultrasensitive 470 uiu my usually my cycle is 35 days with three to five days period and I experience pain too I am worried because I am getting married soon and becoming infertile I want to have my own babies I have attached my today blood reports third day of period,medium severity,hello  you seem to be having irregular cycles which can be due to hormonal imbalance as well as stress related issues so please get yourself evaluated by a gynecologist who will examine you and do some investigations like serum follicle stimulating hormone oh leutinizing hormone estradiol thyearoid profile ultrasound pelvis etc and then start on medicines accordingly if everything is fine then there is nothing to worry about pregnancy chances but still it is advisable to consult a gynaecologist before trying for pregnancy to rule out any other cause for irregular cycles,3.3521095514297485,2.3950297832489014,47,10.968524732517887,0.1323529411764706
I have one white hair in my eyebrows and white spots on the neck and face please help,"While we cannot provide a specific diagnosis for issues related to i have one white hair in my eyebrows and white spots on the neck and face please help, we highly recommend that you consult a qualified medical professional for a proper evaluation and personalized advice.",i have some white spots on my neck and my face too I even noticed a white hair in my eyebrows I have white hair from a long time on my head I have pod problem two months before I had a section delivery after the delivery these spots have come kindly check the pictures attached,low severity,hi  it looks like vitiligo you can get back to me if you want any more details about this condition,3.3521095514297485,0.030242308974266052,49,1.0307042525879782,0.06060606060606061
what is your opinion regarding long term antiepileptic medication,hi I went through your query I can understand your concern about long term effects of antiepileptic medications so in reply to your query I would like to make suggestions for your son as follows treatment of many types of childhood epilepsy requires long term antiepileptic medications sometimes for years together hence your doctor a neurologist always has to judge the minimum dose that is adequate to prevent seizures and also to take care that the dose does not cause side effects dose of most of the drugs in children is decided by weight and not by age at present I assume that your son weight is around 14 15 keg and the second is please make sure that your son is taking plenty of liquids during the day to avoid a remote risk of developing renal stone renal stone is not common but a possible side effect with topiramate please take all possible measures to avoid factors that may precipitate seizures such as avoidance of physical or mental strain avoidance of excessive hunger control of fever with proper medications and tepid sponging etc please make sure that all the antiepileptic medications have side effects so it is usually the best option to choose proper medications that control seizures as well as do not cause side effects at present I would agree with your neurologist opinion however a neurologist is usually the best expert to manage childhood epilepsy for further information consult a paediatrician online,hello doctor I have already put my query to a neurologist still I would like to get opinion from you as well my son is 5 years old he has been diagnosed with benign childhood epilepsy his mri and it were normal there are epileptic form of discharge he spikes from right occipital lobe usually he will be conscious and feel involuntary movements in left leg in severe case he will lose balance and fall down this will happen once in a week we consulted a neurologist and epileptologist here in my place they prescribed him topamac 50 my twice a day and lobazam 10 my for three months I am concerned about the long term usage of lobazam will it cause any serious side effect now with medication he is fine and attends kindergarten school please do reply about my concern,high severity,hi I read your query and understand your concerns first of all I want to tell you that there is no need to worry about lobazam because it is a very safe drug which can be used for a long time secondly I also want to know what was the reason for prescribing lobazam to your child if it was for seizures then it should have been continued until the seizures stop thirdly I want to know whether your child had febrile seizure before so that I can guide you further about the treatment of febrile seizures last but not least I want to know how many times your child lost consciousness due to seizures in a year because if it is less than five times per year then it is considered as benign epilepsy with febrile seizures and no need to worry about it and if it is more than five times per year then it is called febrile seizures and needs to be treated differently I hope this helps,3.0700770914554596,2.459742307662964,274,11.701795688338168,0.15865384615384615
my dentist suggested extraction or root canal treatment for my broken tooth is this necessary,"While we cannot provide a specific diagnosis for issues related to my dentist suggested extraction or root canal treatment for my broken tooth is this necessary, we highly recommend that you consult a qualified medical professional for a proper evaluation and personalized advice.",a small piece of my tooth broke off weeks ago and I feel pain since week pain is getting worse I went to a dentist today and he took a xray after looking at the xray for 30sec he said there are only options root canal treatment or extraction is this really necessary what is your opionion thank you soo much it is the tooth in the middle of the xray,medium severity,hello I have gone through your query and can understand your concern according to me if the tooth has been fractured completely then yes it needs to be extracted but if the tooth is just cracked and not broken into two pieces then it can be treated by root canal therapy and filling the gap between the teeth so please get back to me with more details about the tooth and its condition so that I can guide you better,3.0700770914554596,0.040071357041597366,46,1.0408850460199748,0.11382113821138212
why do I have nausea cramping in upper groin area and burping,hi complete blood count abc liver function test let upper gastrointestinal ugh endoscopies and amylase and lipase test dyspepsia impaired digestion take tablet pantocid der combination of pantoprazole sodium and domperidone one tablet once daily before food for a month tablet normaxin chlordiazepoxide and clidinium bromide one tablet twice daily after food for a month tablet rifagut rifaximin 200 my one tablet twice daily after food for 15 days avoid alcohol fasting and spicy food take small and frequent meals avoid cabbage cauliflower milk and tea revert back after the investigation to a medical gastroenterologist online,hello doctor I had nausea a year and a half ago at that time I could not eat and was given iv therapy along with antacid immediately felt better and I left the er I had a colonoscopy about a year ago and it was fine doctor did not do any other test and said I had gastritis from alcohol he gave me some nausea medicine recently I went to my doctor with symptoms of bloating gas belching lower abdominal cramping and nausea I had been drinking pretty heavily for the past five months I have not been vomiting nor had any blood in my stools it has been two weeks since I consulted him and I am still belching having cramps in upper groin area and burping my appetite is fine I have not drunk for17 days now I am taking zoloft what is your suggestion please help,medium severity,hi  you seem to be suffering from functional dyspepsia which is common in people who drink excessively this can cause stomach upset and indigestion as well as constipation if you stop drinking then these symptoms will subside but until then try to avoid spicy food and take bland diet like rice dal roti etc also start doing regular exercise and yoga to improve your digestive system and reduce stress you should continue on zoloft for further details consult a general practitioner online,3.0700770914554596,2.193826198577881,134,8.969466502755067,0.1348314606741573
my mom got pura and bleeding from nose while on att for to why,hello  according to your history it idiopathic thrombocytopenic pura might comes under suspicion but you are not having it as bone marrow is normal and megakaryocyte not showing any sign of it check hypersplenism by us ultrasound abdomen investigation second rule out dengue by ig dengue testing elisa or card test check your kidney profile investigation for serum urea creatinine etc blood infections has to be ruled out like septicemia by blood culture your bleeding and all other complaints are because of low platelets low platelets with bleeding need transfusion of platelet in form of sip or random donor platelet hence first rule out all the above cause if present and then if no cause found we have to strongly suspect autoimmune hemolytic anemia because of your abc report showing normoblast and high reticulocyte count and for that further investigation done with act direct combs test and other suitable workup steroid needed if act is positive and autoimmune hemolytic anemia if confirmed,hi doctor my mom is 57 years old she was diagnosed with to disease two months back through exclusion as her tests were negative but she had enlarged lymph nodes in the chest low fever night sweats etc biopsy showed negative for lymphoma and sarcoma she started att medicine and after 10 days she got rashes so the doctor stopped after 10 days she was restarted with att and suddenly she got pura and bleeding from nose and cough she was taken for tests where her platelets came as 100 it has been 12 days and she has been on steroids as sos rivolade past days but the platelets are still below 100 and rec and he are also dropping she is bleeding through urine and stool her other tests are normal including bone marrow biopsy attaching her latest report please advise,medium severity,hello I have gone through all the reports you have attached there seems to be some confusion regarding the dates of the investigations done by me will comment on the same once I see the reports again revert back with the reports to a hematologist online,3.0700770914554596,3.432039976119995,203,30.93969465387556,0.09615384615384615
after a brain infarct my dad is unable to open his eyelids on his own why,hello as you have described your father had brain infact after that he developed all symptoms related to eye right so let me explain you that in case of stroke or infact in the brain there will be involvement of cranial nerves also the cranial nerve which is responsible for elevation of eyelid will also get affected in such situations like stroke so the same thing has happened here in your father case so for treatment of his eyelids only surgery you can plan but you should consult oculoplastic surgeon for that he is the one who will measure all the parameters and depending on that he will tell you which surgery he should undergo so my advice is you should take your father to an oculoplastic surgeon for this problem I hope this helps,hello doctor my dad is 78 years old recently one month back he had acute left medullary infact with hyperacute infact of the midbrain after which he is unable to open both of his eyelids on his own but can see when we lift the eyelids also his voice was very low after a month now his speech has improved but the eyelids issue is still there can you please suggest any treatment for his eyelids to open,high severity,hi I have gone through all the details posted by you it seems like your father is suffering from hemiplegia due to stroke this condition occurs because of blockage of blood vessels supplying the brain leading to death of brain cells and resulting in paralysis of limbs and loss of vision in case of stroke early rehabilitation should be started as soon as possible so that recovery can take place if the stroke is caused due to blockage of arteries then angioplasty may be done to open up the blocked artery and restore blood flow to the brain if the stroke is caused due to bleeding inside the brain then surgery called craniotomy may be required to remove the clot and stop further bleeding if the stroke is caused due to rupture of small blood vessel within the brain then endovascular procedure such as stent implantation may be performed to prevent further damage to the brain tissue and reduce the risk of complications such as intracranial hemorrhage or cerebral edema,3.0700770914554596,2.248695135116577,148,9.475363696783177,0.13114754098360654
I experience heart pain after replacing azathioprine for hcwhy,hello  what treatment did you get during catastrophic antiphospholipid syndrome was your alla la test was positive azoran is an immunomodulatory drug and has some role in alla syndrome hcqs is a good drug for alla as it has an anti inflammatory plus anticoagulant effect but your symptoms started after three weeks of hcqs please try to consult your physician as he has examined you and he knows complete details so he can guide that azoran should be restarted or not according to my opinion in your case I think you should restart azoran and stop hcqs,hello doctor I have been diagnosed with catastrophic antiphospholipid syndrome before three years and had a brain stroke in the same month due to blood clots since then I have not encountered any blood clot and have been on acitrom my ecosprin 75 my and azathioprine 100 my three weeks back neurologist had replaced azathioprine with hcq 300 my ana test was done before changing ana result was negative now for the last two days I am experiencing pain near the heart line the pain lasts for around one minute pain is such that it starts from deep inside and it pulls the skin organs inwards I have experienced such pain three to four times since two days my query is this due to a change in medication whether hcq be stopped and azathioprine be restarted what is the use of azoran in as and are these both drugs somewhat similar kindly guide as I am worried should I continue with hcq and if not is azoran safe in the long run I am taking azoran for more than 5 years,medium severity,hi I can understand your concern according to your statement you were suffering from catastrophic antiphospholipid syndrome which is a type of autoimmune disorder where there is abnormality in the blood coagulation system leading to formation of blood clots and other complications like strokes etc so you were prescribed with antiplatelet agents like aspirin and anticoagulants like heparin and hydroxychloroquine also azithromycin is used for treating infections but in your case it seems to be some kind of side effect of hydroxychloroquine because hydroxychloroquine has many side effects including cardiac arrhythmia headache nausea vomiting diarrhea weight gain and fatigue etc so you need to stop hydroxychloroquine and start with aspirin alone and add clopidogrel 60 my once daily for five months and then reduce clopidogrel to 45 my twice daily for another six months and then reduce to 30 my thrice daily for another six months and finally discontinue all medications and take tablet atorvastatin 20 my once daily for life to prevent further risk of cardiovascular disease and stroke I hope this helps,3.0700770914554596,2.782349109649658,116,16.156930805452333,0.12546125461254612
why does my brain get numb during exams,hi I have read and completely understand your issue revert back with the answers to the above questions to a psychologist counsellor online,hi doctor I am 18 years old I am a student I do not understand my condition I have very important exams I used to get good marks constantly and then everything turned up against me now I prepare my best but I do very badly in my exams I am feeling hopeless even after studying hours daily I am getting very low marks I am completely puzzled why does my brain get numb during exam I have lost all my confidence please help,low severity,hello I can imagine how you must be upset about this situation it is quite common when students face such problems there are many reasons for poor performance in exams one of them is anxiety which is a normal reaction to stress another reason could be lack of proper preparation due to insufficient time management also some students tend to study too much at once leading to fatigue and confusion so what should you do first identify the cause of your problem by asking yourself questions like why did you perform poorly in previous exams was it because of inadequate preparation or was it because of anxiety if yes then try to find out the root cause of anxiety and work on it next start preparing for your exams in advance and manage your time wisely avoid cramming lastly take regular breaks while studying and eat healthy food to keep your mind fresh and alert hope this helps,3.0700770914554596,1.0329331159591675,26,2.8092937464122496,0.06629834254143646
why do I have to constrict my muscles to urinate,hi I would like to know few more details to help you in a better way revert back with the answers to an internal medicine physician online,hello doctor I am 53 years old with type insulin dependent diabetes for the past five years my urine stream has become slow as the stream is slow I cannot stand and urinate but I feel that the bladder is empty after urination in all scans the prostate is normal including the latest one it is embarrassing many times I may not find a western seat what do you suggest and what is your opinion about the same I have to constrict the muscles several times for the urine to come out till the bladder is empty I am just taking insulin for diabetes I am attaching my scan reports for your reference please help,low severity,hi I can understand your concern according to me there are two possibilities first possibility is due to urinary tract infection second possibility is due to neurogenic bladder this condition occurs when nerves supplying the bladder get damaged so that they fail to control the bladder contraction properly if you have any history of trauma to lower abdomen then it could be due to neurogenic bladder otherwise it is most probably due to urinary tract infection which needs treatment with antibiotics like ciprofloxacin 500 my twice daily for seven days and tablet levosulpiride 25 my thrice daily for three weeks also you should take plenty of fluids and avoid constipation because constipation increases pressure on the bladder and causes urinary retention you should drink at least eight glasses of water per day and try to pass stools every day if you have constipation then you need to use laxatives such as syearup bisacodyl 10 my once daily for three days or sachet dicyclomine hcl 40 my before breakfast for three weeks,3.0700770914554596,1.2755508422851562,28,3.580673253201632,0.0808080808080808
how to stop taking the drug suboxone,hi for further information consult a psychiatrist online,hi doctor I have had about a six years dependency on the drug suboxone I do not abuse it but I have tried several times to taper or wean I have a white collar high profile job and I really need to get this off to avoid problems in the future do you have any recommendations to get this off I would really appreciate any help you could mention thank you for your time in advance,high severity,hello  I understand your concern regarding the use of suboxone please note that suboxone contains buprenorphine which is a partial agonist at mu opioid receptors so if you take it regularly then there will be withdrawal symptoms when you suddenly discontinue it can cause severe side effects like seizures nausea vomiting etc so before stopping suboxone you should consult a psychiatrist who will prescribe you some anti anxiety drugs like clonazepam or diazepam these drugs will help you to control your anxiety and panic attacks while stopping suboxone also you should start exercise and meditation to reduce stress levels and improve your mood I hope this helps,3.3203251361846924,0.3004143536090851,9,1.35041824233858,0.05217391304347826
my ra positive mother has pain with nodules in hand please suggest medication,hi I have gone through your query but the report images could not reveal anything I would like to ask you a few more queries before suggesting the medicine as any new dmard disease modifying antirheumatic drug started has to be taken with caution you mentioned pain is it in the joints or the whole body is there dryness of eyes or mouth is the sleep normal or disturbed any forgetfulness irritability when is the pattern of pain more mornings after waking or constant throughout please message me the dose of folitrax as well which she is taking and the name of the pain killer do you have the last ear erythrocyte sedimentation rate and cop reactive protein is she taking calcium and vitamin supplement I understand she has an aggressive disease considering nodules deformities persisting but lot of times people with long standing arthritis develop secondary fibromyalgia and the management is very different we can only be 100 percent sure after clinical examination but will help you in the best possible way we can try to reattach the reports as well,hello doctor my mother is 65 years old she is ra positive for the last 25 years currently she takes hcqs methotrexate pain killer and rantac at present she has pain nodules in hand and turned feet please suggest proper medication her let and kit are normal,medium severity,hi I have gone through all the details you have mentioned it seems like she is having rheumatoid arthritis along with some other conditions as well there are many medications available which can be used for this condition but they should be decided after evaluating her symptoms and physical examination if she is having joint pains then we need to start on tablet diclofenac twice daily for five days followed by tablet celecoxib twice daily for five days and finally tablet paracetamol twice daily for five days this will help reduce the pain and inflammation of joints also she needs to take tablet hydroxychloroquine once weekly for three months and tablet rituxan once weekly for three months these two drugs are very important in controlling the disease progression and reducing the risk of complications in long term use so do not worry about the side effects of these drugs as they are safe and effective in treating rheumatoid arthritis also she needs to follow up with her rheumatologist regularly to check her blood tests and get evaluated for any new developments in the disease process and adjust the treatment accordingly I hope this helps,3.3203251361846924,3.1434147357940674,206,23.182895313720977,0.1595744680851064
how to stop heroin safely during pregnancy,hi for further information consult an obstetrician and gynaecologist online,hi doctor my niece is pregnant and taking subutex she just confided to me that she has also been using heroin along with subutex for the last one month she is afraid to ask her primary care doctor for advice her doctor told us in the beginning that it is more harmful to the fetus if the mother were to abruptly quit using opiates now my niece is afraid to stop the heroin use even though she also has the subutex which I thought is supposed to help with this type of situation how can she safely stop using heroin can she continue her regular dose of subutex daily and just cut out the heroin all together at once,high severity,hello  you have asked a very good question regarding stopping heroin while on suboxone detoxification process is always difficult but there are some steps that you need to follow first of all you should get yourself evaluated by a psychiatrist who will be able to assess whether she needs any medication to help her through the withdrawal symptoms secondly you should start on methadone maintenance therapy as soon as possible methadone is a long acting opioid agonist which helps in reducing cravings and withdrawal symptoms thirdly you should try to find a support group where you can share your experiences with other women going through similar situations they will understand what you are going through and will provide you emotional support and encouragement fourthly you should consider joining a drug free program where you can learn about healthy coping strategies and techniques to deal with stress and anxiety fifthly you should avoid alcohol and recreational drugs because these substances can increase the risk of relapse and overdose sixthly you should keep a detailed diary of your thoughts feelings and behaviors before and after each session of heroin use seventhly you should practice deep breathing exercises progressive muscle relaxation meditation yoga etc to reduce stress and anxiety eighthly you should engage in physical activities such as walking jogging swimming cycling etc to improve your mood and energy ninthly you should maintain a balanced diet and sleep well tenthly,3.3203251361846924,0.2754901051521301,16,1.3171760714774945,0.008097165991902834
habit and urge of anal masturbation is affecting my concentration in studies please help,hi  I have read your query but it is not very clear you have not mentioned how many times you masturbate or if it is causing problems other than psychological and the exact nature of these psychological issues however I will address the last part directly where you feel the urge or acting on the urge causes you to lose focus you can try the following divide your day into hours given over to all activities and then try to stay within the allotted time for each this includes meal times time allotted for bathroom breaks and masturbation along with different subjects do not forget to allot yourself free time to pursue whatever you want even if it 30 minutes per day if you feel the urge during a time allotted for another activity it means you have lost focus so shift to another activity and then get back to the remaining time for the former try to incorporate exercise in your schedule endorphins are released in both so that might distract you as well last but not least you do need therapy to figure out which issues bother you anal masturbation in any form excessive masturbation or your inability to concentrate this can be provided by a school or college counselor as a start if you cannot contact a psychiatrist or psychologist I hope this helps,hello doctor I have a problem with sex related to long anal masturbation and it is causing my life at risk I cannot concentrate properly on my studies I am feeling constantly with my anus please help,low severity,hi  you need to stop this habit as soon as possible because it will cause many problems like constipation diarrhea hemorrhoids etc also it can lead to sexual dysfunction if you do not control yourself then you may develop addiction to it so you should try some techniques to overcome this problem first you should start doing regular exercise like walking jogging cycling swimming etc which will improve your blood circulation and reduce the pain in your anus secondly you should take proper diet and avoid junk food thirdly you should drink plenty of water every day fourthly you should take tablet sachet of syearup gaviscon alginate twice daily after meals for five days fifthly you should apply local ointment locally over the anal area and wash it off after two hours and repeat it again after another two hours sixthly you should sit in a tub filled with warm water for ten minutes three times a week seventhly you should keep your anal area dry and clean all the time and change your underwear frequently eighthly you should avoid wearing tight clothes and undergarments ninthly you should avoid using any kind of lubricant while having sex tenthly you should consult a nearby urologist and get examined for further treatment and management of your condition hope this helps,3.3203251361846924,3.0706400871276855,234,21.555695783535217,0.14831460674157304
kindly explain about the mammogram results taken for red line on breast,hello this does not appear worrisome to me this appears like erythematous lesion due to inflammation this has probably occurred due to some trauma like due to pressure of folds in clothing or bed sheet or lying over the chest also rule out possibility of some bite or nail scratching if this is generalized and also present on the other body parts then may be related to some infection so usually such single visible vein is not significant it should settle in a day or two but if continues to persist or increase in number or any other symptoms like swelling pain fever appears then will need examination or investigations at present does not appear significant or serious issue hope this helps you and get back if you have any doubts,hello doctor I woke up this morning to see a small red line or vein on the top of my left breast I had a breast check up and mammogram months ago which was clear is this normal what is it,medium severity,hi  you have mentioned that you had a mammography done some time back and it was normal so there is no need to worry about it but if you feel any pain while doing the breast massage then please get it checked by a nearby physician as it may be due to some other reason too like cystic changes etc revert back after the investigation to an internal medicine physician online,3.3203251361846924,3.262425661087036,137,26.112801188648124,0.11881188118811882
I have alopecia in my beard will hair grow back in the patchy areas,hello I can understand your concern according to your statement you have alopecia on beard it has been there for the last few months and you are on medication like hydrocortisone for dermatitis you may be suffered from alopecia areata which is a peculiar form of hair loss that usually affects the scalp but can occur on any hair bearing skin like your beard for most patients the condition resolves without treatment within a year but the hair loss is sometimes permanent the cause of alopecia areata is probably an autoimmune reaction this means the body immune system incorrectly attacks the body own cells in case of alopecia areata the cells under attack are in the hair follicles structure that grow hair especially follicles within hair bearing skin alopecia areata can be resulted from autoimmune disorders such as atop allergy thyearoiditis vitiligo etc even some studies show that stress family history of alopecia vitamin deficiency like biotin vitamin a d etc nutritional deficiency like iron zinc protein etc can also cause alopecia areata for the treatment of alopecia areata you can use intralesional corticosteroids injections topical minoxidil anthralin cream or ointment and topical corticosteroids by using any of the above mentioned medication and taking vitamin and nutrition that are mentioned above you can get rid of alopecia areata within some months,hello doctor I have noticed some alopecia on my beard it has been there for the past few months I have never had any issues like this before and worried that the hair will not grow back is there anything I can do I am currently taking hydrocortisone for dermatitis in private area,low severity,hi  you need to start minoxidil 2% twice daily for two months then increase to 5% after two months if no improvement then add finasteride 1mg once daily for one month then stop both of them after three months if still no improvement then go for laser therapy,3.3203251361846924,2.1702680587768555,266,8.76063209034174,0.04460966542750929
what is causing raised blood pressure on going to hospital,hello I have gone through your query and can understand your concern I would like to know some more details about your present problem how many times have you checked your blood pressure in clinic and what was the range of be I mean how much it rises do you have any cardiac symptoms like chest pain breathing difficulty on exertion or walking palpitations fatigue giddiness family history of hypertension I would suggest you to get a digital be apparatus at home and monitor your be at home if it is high at home also then you may definitely have hypertension and will have to be treated decision to work in couid 19 pandemic depends on the place you stay the number of cases you have around the safety environment of your office and so on but definitely has to be very careful and follow all safety measures kindly get back with above details for further discussion and management,hi doctor I would like to consult regarding my situation my blood pressure is normal but everytime I go to clinic or hospital I feel nervous so my blood pressure becomes high any recommendations or medication on this is it safe to go back to work while the couid 19 pandemic is still on going,low severity,hello revert back with the answers to the above questions to a cardiologist online,3.3203251361846924,2.401076316833496,167,11.035047198173064,0.057803468208092484
is high eye pressure a typical sign of glaucoma,hello I reviewed your history the presence of elevated intraocular pressure is called as ocular hypertension if it is associated with visual field changes or optic disc changes it is called as glaucoma however ocular hypertension alone also requires treatment particularly in your case as intraocular pressure is high hence you need to consult glaucoma specialist for evaluation and advice accordingly increased intraocular pressure visual fields oct optic coherence tomography glaucoma antiglaucoma drugs once in six months,hello doctor I have high eye pressure of 30 and 24 visual field loss and at times I go completely blind in both eyes I have also gone blind in just one eye I just went back to the eye doctor when I had the pressure of 24 and 30 I have been there three times and each time I had a high eye pressure he at first told me everything looked good until I asked him what my pressure was again because he specifically said my pressure was good when I knew that it was high he told me that it was fairly high when I asked for it but he says I do not have any optic nerve damage and that it is highly unlikely that I have glaucoma because I am 23 years old but my research has told me differently that high eye pressure alone does not mean that you have glaucoma but if you have visual field loss or optic nerve damage with your high eye pressure then you do so I do not know what is going on can you please help me understand and is it possible that I do have glaucoma and should go to another doctor,medium severity,hi I read your query and understood your concern according to your statement you have high eye pressure which means increased fluid production inside the eye this may be due to some reason like diabetes hypertension etc as per your age and history I would suggest you to get following tests done to confirm the diagnosis of glaucoma and to rule out other causes of raised intraocular pressure gonioscopy fundus photography ophthalmoscopy tonometry mri brain and spine ultrasound abdomen and pelvis retinal thickness measurement macula thickness measurement and optical coherence tomography abc complete blood count serum glutamic pyearuvic transaminase serum calcium serum albumin serum creatinine serum sodium serum potassium serum chloride serum total protein serum globulin serum albumin urine routine and microscopy urine culture sensitivity test and renal function test and liver function test and thyearoid profile and vitamin levels revert back after the investigations to an internal medicine physician online,3.3203251361846924,2.37282395362854,93,10.727643918369843,0.13157894736842105
chronic atomic gastritis has caused osteoporosis and joint weakness please suggest supplements,hello after going through your query and detailed report I suggest to calm your gut first which in turn helps to increase absorption of vitamin and calcium and start with glutamine supplement og capsule daily preferably before going to bed or at least an hour before meals later you can opt for multivitamin supplements with good food intake along with that follow these tips increase high protein diet including almonds vegetables fish chicken and eggs do muscle strength exercises if allowed by ortho increase fluid intake do rest for 9 hours of sleep manage stress with meditation do breathing exercises manage to follow small frequent meals do take 2500 cal diet if required you need to add supplement whey protein glutamine,hello doctor I need a multivitamin supplement and digestive enzymes to regain bone ligaments and tendons weakened by digestive issues malabsorption of essential nutrients due to digestive conditions like chronic atomic gastritis resulted in bone loss osteoporosis low stomach acid and joint weakness like ligaments of knee etc I need supplements that do not depend on stomach acid,medium severity,hi  you have mentioned that you suffer from chronic atomic gastritis which can cause vitamin b12 deficiency this will lead to bone loss so you should take vitamin b12 tablets along with other vitamins and minerals as well as digestive enzyme capsules if required you may also require iron supplements to prevent anaemia and calcium supplements to strengthen bones and joints avoid spicy oily and junk foods drink plenty of water eat healthy food rich in fruits vegetables whole grains nuts seeds beans legumes pulses milk yogurt cheese eggs fish poultry meat and green leafy vegetables avoid smoking and alcohol consumption follow up after one month,3.3922875225543976,3.5301802158355713,133,34.130117848259154,0.10572687224669604
how to identify the cause of allergy,hi I have read your query in detail and do understand your concern it is very difficult to narrow down to one or more causative factors there are many tests available like patch testing or immunoassays to point out the allergy causing antigens but practically they are not much useful however if there is any family history of autoimmune disorders like thyearoid you may get a thyearoid profile done chronic idiopathic urticaria you can continue with cetirizine alternatively you may take loratadine 10 my or hydroxyzine 25 my at night the side effects are quite rare especially if the dose is taken after a variable gap of few days you may apply calamine lotion as a soothing agent for further information consult a dermatologist online,hi doctor I am getting allergy once in three to four days which causes rashes and swelling on the body I take cetirizine to control the allergy the allergy is mostly due to unknown factors although it could be because of cloth material I am wearing or bed sheets is there anything I can do to understand the cause of allergy to avoid its recurrence I have been taking cetirizine for years does that have any notable side effect,medium severity,hello  you need to get some blood tests done like serum egg electrocardiogram ear thyearoid profile abc complete blood count etc to find out if there is any underlying disease causing this allergy also try to keep yourself away from dust mites pollen and other allergens by keeping your room clean and free from dust and mold use air purifier at home wear cotton clothes instead of synthetic ones and wash them frequently also avoid using carpets and rugs in your house as they contain dust mites and molds which can trigger allergies,3.3922875225543976,2.2861156463623047,152,9.836654332237721,0.11009174311926605
are bulging discs the worst symptom of fibromyalgia,hi I have read through your query in detail please find my observations below fibromyalgia is still a less understood illness with pain and discomfort involving muscles and bones and the main feature includes that it is puzzling or difficult to identify it is elusive and is a diagnosis the diagnosis is made on the elimination of known conditions which might cause similar symptoms after using standard diagnostic tests and investigations therefore if a patient is known to have bulging discs then it has to differ from fibromyalgia in other words you might have had fibromyalgia if there is no particular finding in the mri magnetic resonance imaging scan therefore it is important to document mri scan findings and then the diagnosis of fibromyalgia might be set aside and changed to include degenerative disc disease following the proof of bulging discs the problem is that probably earlier investigations have led your employers to believe that you have fibromyalgia however a single incident has changed things for you and they refuse to accept it the best way out will be to have evidence based medical diagnosis and take suggested treatment I agree that there is a lot of miscommunication about fibromyalgia and people with real problems are often labeled wrongly considering an earlier diagnosis which was made months to years back in conclusion fibromyalgia is not concerned with bulging discs and if your mri scan shows bulging discs which might be related to your pain and discomfort symptoms then you have the option of making a point with the workman comp authority hope this answers your question,hello doctor I just want to confirm with you that fibromyalgia does not cause bulging discs my workman company blamed my fibromyalgia for disc bulging because in the past I have had headaches and neck pain with my fibre the bulging disc pain was within three hours numb hurting tingling arm all the way down after helping a coworker shovel and then running a big vibrating roller it was different than bursitis I have ever experienced I developed a headache after the pain in my arm calmed down the headache was in the front left of my forehead definitely not a tension fibre headache I also have occipital neuralgia that came with the fibre in the back of my scalp after hearing that it can happen while doing anything was when I came to the conclusion that is the only thing I did differently that day I feel like no matter what happens to me the fibromyalgia will get the blame after researching degenerative disc disease almost everyone has it I do not think this is a well known fact it happens as you age and can be as early as your teens and 20 people also want to blame things on that as a pre existing condition yet if they had an mri they would have it too otherwise my spine is beautiful according to my doctor I am 51 years old and was a heavy equipment operator and a pa for my aunt at the same time while having three teenagers at home the fibromyalgia and stress is really getting to me now though and I am having a tough time even working eight hours a week as a pa just so tired and fed up with misconceptions and lack of doctor and public awareness I hope this post and your answer will help other fibromyalgia patients because I know I am not the only one dealing with this,medium severity,hi I understand your concern first of all let me tell you that there is nothing wrong with your spine secondly yes fibromyalgia causes muscle spasm which leads to nerve compression leading to pain thirdly fibro pain is very difficult to treat but we need to start treatment right away and continue till the symptoms subside fourthly you should avoid any kind of physical activity until the pain subsides fifthly you should take tablet pregabalin 75 my twice daily for two weeks and see how much relief you get sixthly you should try some relaxation techniques such as deep breathing meditation yoga etc seventhly you should consult a neurologist and get yourself examined for possible nerve entrapment eighthly you should visit a physiotherapist and get yourself treated by him ninthly you should go for regular exercise such as brisk walking cycling swimming etc tenthly you should eat healthy food and drink plenty of water lastly you should keep yourself relaxed and calm and avoid stress and anxiety about everything and everybody you should learn to relax and enjoy life and do not worry about anything and everything you should follow these tips and you will surely get better soon I hope this helps,3.3922875225543976,2.791130781173706,299,16.29944048538731,0.13219616204690832
my month old baby though active is not sleeping throughout the night please guide me,hi do not worry it is a common problem among children aged between months to years baby is asking for the bottle because it pacifier him so to put him to sleep follow these steps wake him up at morning am do not allow the baby to take more than two naps per day each nap should be less than two hours avoid all screens and gadgets screen time should be less than half an hour give him a warm bath at night before going to bed rocking motion that is cradle helps to make baby sleep better put him in the cradle usually babies wake up at night due to short sleep you can make routine by putting him to sleep without picking him up you can give the bottle once or twice during nights engage the baby in physical activities in the morning like making baby crawl or creep light should be dim at night and you have to make him see early morning sunlight because it resets clock in the body first try all this if it does not help then I will prescribe a hormone behavioral,hi doctor my son is months old and weighs about 5 keg he has reached all his milestones in time but the problem is he does not sleep well at night maximum at a stretch it is only one hour he keeps walking up and only a bottle can soothe him during the day he is active but nights are really tough he does not wake up completely but will be crying in his sleep itself and can soothe only with a bottle please suggest something with regard to this,low severity,hello I have gone through your query and understand your concern first of all you need to know whether there is any cause for this behavior like fever or pain or any other illness if no then we need to find out why he is not able to fall asleep properly as per your description he seems to be having some behavioral issues which may be due to anxiety or stress so try to identify what causes these behaviors by observing carefully and trying to figure out what triggers them when they happen do not force him to go to bed early before bedtime give him a bath and let him take a warm milk or water drink before going to bed avoid giving him food after dinner and wait until morning before feeding him again if possible keep a small toy or blanket near his bed so that he can reach it easily and play with it while falling asleep if still unable to fall asleep give him a short walk outside the house or just sit quietly with him and talk to him softly and gently put him back in bed and repeat this process several times till he falls asleep if he wakes up during the night and cries do not disturb him and leave the room and come back after few minutes and check on him again and repeat this process if he is hungry feed him immediately and if he is tired enough give him a nap and rest for sometime,3.3922875225543976,3.1239893436431885,195,22.736904280732592,0.15246636771300448
why am I having toothache after biting ice,hello actually ice leads to transient sensitivity but actually has zero role upon your infection it might be a gum problem periodontitis let me know if you notice visible stain and tar on your tooth or it might be cares that leads to infection and sensitivity from the ice triggered the pain but infection was already there upload an image of the area for better perception applying clove is a good idea but chronic clove oil acts as irritant and lead to burning sensation ulceration it might add to the pain too if used for a long time please do not worry kindly answer my questions meanwhile as we all are in a lockdown state I can suggest you medication to ease your pain and manage the infection so do not worry betadine mouthwash gargle in lukewarm water 3 times a day capsule sporidex 500 my one capsule be for days tablet metrogyl 400 my tablet be for days tablet zerodol so tablet be for days capsule pan capsule be before meal for days these medication are the safest and will work like miracle but upload the image for confirming the diagnosis to prevent any future pain or discomfort cares or tar depending upon the image periodontitis irreversible pulpits cares avoid sweet or sticky or cold food items stop the application of clove maintain oral hygiene,hello doctor I crunched a hard piece of ice a week ago and those few teeth left corner teeth were a bit sore since but starting sunday the pain became increasingly intense I put a solid clove in my teeth for about 30 minutes and it helped the pain but as soon as I took the clove out the pain returned this has caused disturbance in my sleep for the past few days monday majority of the tooth pain went away a few teeth still slightly hurt but not bad at all but now my entire left side of the face is swollen and it became worse overnight under the eye nose and top lip something in my gum hurts but there is no pimple or bubble there I have a slight fever but it is not bad and my left ear hurts sometimes sounds like an infection but I do not know why I want to blame this on the ice but it is odd that the prominent pain started so long after the incident how long will this continue and what is the best at home treatment should I see a dentist I have been trying to avoid it because of couid 19 is this a serious issue or did crunching the hard ice just trigger an infection somehow,low severity,hi I can understand your concern you had a bite on some hard food which resulted in trauma to the gums and nerves around them causing inflammation and pain if you have any history of diabetes hypertension heart disease then they may be contributing to the condition also you need to take proper medication for the same please follow the advice below tablet serratiopeptidase 500 my twice daily before meals for five days capsule panthothenate 600 my once daily for five days tablet paracetamol sos for pain relief capsule gaviscon alginate gel three times daily for five days tablet cefuroxime 250 my twice daily for five days capsule betadine 400 my thrice daily for five days tablet pantaprazole 40 my once daily for five days drink plenty of water and warm fluids use cold compresses over the painful area for analgesic effect and swelling reduce spicy oily and fried foods avoid hot and cold drinks eat soft bland foods like porridge mashed potatoes etc maintain good oral hygiene by brushing twice daily and flossing regularly,3.3922875225543976,3.3063228130340576,256,27.28461016550601,0.1745635910224439
I have short penis and ed with history of masturbation please suggest medication,hello before jumping to any treatment follow the advice as given below you are indeed developing signs of ed erectile dysfunction you also seem to have exaggerated guilt of masturbation understand that 90 of males start masturbation by the age of 14 rest 9 start after 14 so virtually every man masturbates it is a normal male sexual behavior if done in moderation but excess of everything is bad we may need reports of the following tests to rule out the physical causes of erectile dysfunction abc complete blood count to ash thyearoid stimulating hormone hba1c glycated hemoglobin serum testosterone serum prolactin to rule out psychological causes please answer the following questions how is your mood how are your energy levels how is your appetite do you have any sleep disturbances or do you oversleep any past history of anxiety or depression any family members suffering from anxiety or depression please respond and send me the reports to make a complete assessment,hello doctor I am 25 years old unmarried I think my penis size is small because of masturbation I have a problem with ed I would like you to suggest medicine for these two problems,medium severity,hi I can understand your concern according to your statement you are having erectile dysfunction and also small sized penis due to masturbation so first of all we need to treat both these issues together as they are interrelated secondly you should avoid masturbation completely if possible thirdly you should start taking tablet sildenafil 50 my once daily before breakfast for three weeks this will help you to get erection and improve your sexual performance after three weeks you can take it again if required but do not take more than one tablet at a time and do not take it on empty stomach you should consult a urologist for examination and treatment of erectile dysfunction and penile length reduction surgery may be needed if necessary,3.3922875225543976,2.5224955081939697,181,12.459651060525973,0.14583333333333334
what is the treatment option for bartholin cyst,hi for further information consult an obstetrician and gynaecologist online,hi doctor my wife is suffering from bartholin cyst the problem is on the left side of her vagina for the last one month she does not experience any pain in the cyst currently the cyst is lengthy in shape and not circle we got married last month but before intercourse only she found that she had a cyst and since then we have not involved in sex her age is years and weight is 48 keg she has taken medicines for about two weeks but it does not help the cyst to sit completely now we have consulted three doctors and everyone is saying for a surgery I am afraid of some points will it affect our future sex life will there be complication at the time of pregnancy will it recur in future is it easy for her to recover from the surgery will it be painful for many years should we wait for some more time or go ahead with the surgery can you please advice for some medicines or home remedies for cure thank you doctor,medium severity,hello I understand your concern as per your history and pictures it seems like a simple bartholins cyst which needs no surgical intervention if it is causing discomfort then you may need to take tablet paracetamol twice daily for five days and apply warm water fomentation over the area for relief also do regular pelvic floor exercises and avoid constipation and straining during bowel movements,3.3922875225543976,0.12008801102638245,16,1.1275960881014162,0.05333333333333334
what causes loose stools with stomach grumbling and pain,hi occasional abdominal pain loose stool urges for toilet all suggest that you might have irritable bowel syndrome this is a chronic condition if you experience worsening of symptoms change in consistency of stool any episode of any amount of bleeding along with stool then you might need further evaluation in terms of colonoscopy or it scan of the abdomen primary treatment is medications which you suppose to take for a long time as prescribed by your doctor you also need to change some sort of life style modification in terms of avoiding food which worsen these symptoms and also suggest to take high fiber low gluten diet might require a colonoscopy indigestion inflammatory bowel disease,hello doctor I am 18 years old this all started two weeks ago I started to have some loose stools abdominal pain lasts about two seconds it comes and goes almost twice a day and grumbling in the stomach my doctor gave me a three day course of buscopan charcoal and apo ranitidine after which the loose motions and cramps have stopped but now the problem is that I have frequent toilet urges and feel that my bowel has not completely emptied I am also experiencing a lot of gas and grumbling in the stomach I have had gas problems from childhood but since these two weeks it has turned a little worse what am I suffering from and any treatment,low severity,hi I can understand how you must be feeling right now as you have been having diarrhea for last two weeks along with bloating and flatulence there are many reasons for such symptoms like food poisoning viral infection bacterial infection giardiasis amoebiasis colitis inflammatory bowel disease etc so first we need to rule out whether it is due to any one of those conditions if yes then we will treat them accordingly otherwise we may need to start on antibiotics for further evaluation I would suggest you to get following tests done stool for ova and parasites stool for culture sensitivity stool for faecal calprotectin stool for fecal fat content serum cop reactive protein abc complete blood count stool for occult blood test stool for miracidium eggs and sporozoites stool for hookworm eggs stool for whip worm eggs stool for spirochete bacteria stool for anaerobic bacteria stool for c difficile toxin antigen stool for giardiasis antigen stool for amoebiasis antigen stool for shigella antigen stool for salmonella antigen stool for campylobacter antigen stool for enterobius vermicularis antigen stool for toxoplasma antigen stool for tuberculosis antigen stool for hepatitis virus antigen stool for hiv antibody stool for helicobacter pyloric antigen stool for schistosomiasis,3.3922875225543976,3.036060094833374,125,20.82304060088777,0.09433962264150944
is this fetal ultrasound report of my wife a normal one,hi I read your query and understand your concern for further doubts consult a fetal medicine physician online,hello doctor my wife is 25 weeks pregnant she is 27 years old her weight is 64 keg and height is 2 this is our first pregnancy now doctor found one problem in level two ultrasound report fetal head mildly dilated lateral ventricle 6 my I consulted with doctors they are saying that it will be fine in the next four weeks automatically without any medicine but I am not satisfied please explain,high severity,hi I have gone through the reports attached kindly revert back with the answers to the above questions to an obstetrician and gynaecologist online,2.0052711963653564,0.9432100057601929,19,2.5682121767514974,0.1904761904761905
should I have ablation for atrial flutter,hi thanks for the detailed query and I have reviewed every aspect of it to come to a point of decision that may be better for you in the long run for further information consult a cardiologist online,hi doctor I have been diagnosed with atrial flutter I have been in this condition three times in the last two years this is flutter and not fibrillation two years ago I was stuck in atrial flutter for three weeks after being on an anticoagulant for three weeks I went through a successful electrical cardioversion and was free for two years I am 73 years old thin built and vegetarian for several years I walk miles a day no other heart or health issues other than some pvc which I have had since youth six weeks ago I had a flutter return for about minutes I went through a 24 hour monitor and was completely clear I can tell when I get into flutter it is clear and uncomfortable but tolerable then about a month ago it returned and this time for about hours during that time I had an ekg to confirm and my doctor transferred me to a cardiologist who can perform an ablation on the right atrium this new doctor was not too interested in details I felt and I am scheduled for this procedure in a few days I am very statistical I understand the flutter may return at any minute and it may not return ever or for years what is the subjective probability of returning flutter each year for my condition would you have a recommendation should I have this procedure I am currently taking my ace inhibitor and my be is good with this,medium severity,hello I read carefully your query and understand your concerns first of all I want to assure you that there is nothing to worry as far as your risk of recurrence is concerned if we look at the data from the literature the rate of recurrence of flutter is around 10 percent per year so yes you need to undergo ablation again but do not worry because the success rates of ablation are more than 95 percent so chances of recurrence are less than 5 percent also you will be under close follow up by your cardiologist so he will check your heart function regularly and if required he will repeat the procedure again hope this helps,2.0052711963653564,2.014084577560425,40,7.493864188884479,0.1161290322580645
I am in braces for bimaxillary protrusion but the space is not getting closed why,hello as per your description you are having bimaxillary protrusion case told by you needs extraction in the initial phase alignment of the teeth occurs wire will proceed only when correction happen with previous wire till then the only religation has to be done when there is bracket debonding or bracket broken in that case treatment gets delayed so for that purpose you have to take care not to break or debone the bracket to avoid bracket debonding you have to follow certain precautions in oral hygiene measure and while taking food I avoid sticky hard food etc space closure occurs on is stainless steel wire that is a stiff wire again I would like to see the images of your concerned area of the upper and lower arch for a detailed discussion of your problem,hello doctor it has been seven months since I got my braces on I got then to treat bimaxillary protrusion my dentist has placed thin wires and elastic and also extracted four teeth to make space the space has not yet completely closed and he has never changed the wires when I asked him when he would change the wires he replied that he would not be removing the wires for the monthly appointments only repairments of broken braces were done for a few appointments he did not even change the elastic should I continue with the same treatment or should I change to another orthodontist please reply as I am extremely worried about the situation,low severity,hi  you have mentioned that you had braces put on for bimaxillary protrusion now after seven months of wearing braces there is no need to worry because the wire will be changing every month so that we can adjust the bite and keep the alignment of the teeth proper if you do not want to go through this process then you can get yourself checked by an orthodontist who will check your progress and decide whether you require any more adjustments or not,2.0052711963653564,3.4622397422790527,146,31.888318205836732,0.1552511415525114
my bilirubin total bilirubin direct 5 sept 4548 got 4153,hi for further queries consult a gastroenterologist online,dear doctor here is my lab report bilirubin total bilirubin direct 5 sept 4548 got 4153 I have taken drip and injection for nausea now nausea has been cured I have only abdomen pain now and my fever has been cured before three days color of urine is yellow and color of stools is white also my constipation is still remaining what shall I do now please give your opinion,high severity,hi I can understand your concern according to your statement you had jaundice which was due to hepatitis viral infection it is important to know whether there is any history of alcohol intake if yes then we need to start treatment immediately as soon as possible because this condition may lead to liver cirrhosis and other complications so please get following tests done serum amylase and lipase complete blood count abc stool routine and culture stool for ova and parasites ultrasound abdomen and pelvis follow up after investigations,2.0052711963653564,1.2003636360168457,11,3.3213244563678472,0.04166666666666667
will hitting the head twice lead to concussion,hi I have carefully and thoroughly reviewed all the details related to your case and feel sorry for the health issues you have there is no major harm to the brain when hitting like this even twice in quick succession your concerns are notable but that worrisome situation is when someone gets an impact harder enough to cause some signs of real concussion like nausea vomiting getting unconscious severe headache vertigo etc you did not have that large impact in both cases and there is no need to go for immediate medical care you need to handle it at home take ibuprofen for pain and apply local painkiller and anesthetic ointment on the scalp if needed these are available over the counter at any pharmacy apply heat to the site of impact and take care of yourself remain vigilant on your moves and be safe,hello doctor I hit my head twice this week and wondering if I should see a doctor I am a 29 year old female the first hit was four days ago on the top right of my head when standing up underneath something metal it was a pretty hard hit it hurt on and off for a day just the spot itself on my scalp I did not have a headache or nausea or any other symptoms today I leaned forward quickly and bashed the front top of my head onto a wooden dresser it hurt pretty badly and I felt my teeth chatter I do not have a headache now other than the spot itself hurting I am not nauseous nor do I have any other symptoms of concussion I have read that if you hit your head twice two concussions within days you should go to a doctor but I am not even sure these are concussions I am not sure when a simple bump actually is a concussion or really how to tell do you have any advice,high severity,hi I can understand your concern as per your history there is no need to visit a doctor at present as you had a mild trauma to the head which may cause some kind of injury to brain but it will take few more days to show its effect so wait for a couple of days and check yourself if you feel dizziness vomiting or weakness then visit a nearby emergency room for further evaluation and treatment,2.0052711963653564,3.0448784828186035,155,21.00747827822193,0.17117117117117117
I have a bump on the left side of the nose for a long time should I be concerned,"While we cannot provide a specific diagnosis for issues related to i have a bump on the left side of the nose for a long time should i be concerned, we highly recommend that you consult a qualified medical professional for a proper evaluation and personalized advice.",bump on the left side of the nose feels like cartilage or bone always been there since I can remember the right side of my nose does not have a bump whatsoever I have always experienced breathing problems don know if I should be concerned or that it is just something that will always be there,low severity,hi  you seem to be worried about the bump on the left side of your nose well this could be due to many reasons such as nasal polyps which are small growths inside the nose they cause blockage of airways leading to difficulty in breathing sinusitis which is inflammation of sinuses causing similar symptoms allergic rhinitis where allergy causes inflammation of mucosa lining of nose and sinuses asthma which is chronic inflammatory disease of lungs and airways all these conditions may present with similar symptoms so do get examined by an ent specialist who would examine your nose and ask some questions regarding your history and then decide what treatment course is best for you also check your ear throat and chest for any other issues related to them,2.0052711963653564,0.02287585660815239,50,1.0231395156529857,0.13636363636363635
I am allergic to almost all foods with swelling in the back of the mouth and throat please help,hello I have gone through your query and can understand your concern as you rightly said there might be an allergy for a particular type of food you eat you may have allergy probably to one particular type of food you need to observe keenly over getting symptoms after eating a particular type of food you have been eating potatoes for a month and then getting symptoms is little unlikely if at all it is because of potatoes you should get it immediately after eating and not after eating for a month most of the people will have an allergy to milk and milk products or lactulose intolerance most common food products that cause allergy are milk and milk products eggs fish nuts like almonds cashews peanuts walnuts soy or wheat as seen in patients with celiac disease or non celiac gluten sensitivity have you been evaluated for other gastric disorders by a gastroenterologist it would be better if I could see all your reports and treatment given so far by your doctor you need to observe keenly about the food type that is causing the allergy avoiding the food that is responsible is the best way to avoid allergic reactions make sure you have always with you all emergency medications needed to be taken in an emergency as anaphylaxis and other allergic reactions can be dangerous at times kindly get back with the above details your further queries and reports if available for further discussion and management,hello doctor I am having severe allergic symptoms to almost every single food I eat and not really sure what to do for the last year I have been developing what seems like ice type allergic reactions to literally every single food I eat it is getting really bad these potatoes I have been eating for the past month now cause swelling in the back of my mouth and throat that makes me choke so I had to stop eating them other foods cause different types of reactions like frank diarrhea please help ice egg and ga antibodies normal ice skin prick testing normal ca inhibitor slightly low cortisol low acth stim test not performed fasting hypoglycemia testing for insulinoma negative so far and I have mild heart dysfunction diastolic,high severity,hi  you seem to be suffering from oral allergy syndrome which is common in people who suffer from pollen allergies as well as those who suffer from food allergies this can happen when there is cross reaction between pollen and certain foods which causes similar symptoms in both cases if you are allergic to pollen then you should avoid grasses trees and weeds which produce pollen and also take precautions while going out during pollen season if you are allergic to food then you need to avoid the same food and also try to find out any other food which may cause similar symptoms by doing patch tests or blood tests meanwhile you can continue taking antihistaminic drugs like fexofenadine or montelukast along with cetirizine etc to relieve the symptoms,2.0052711963653564,2.688992738723755,262,14.716844744442295,0.13227513227513227
will biting the teeth at night affect overall health,hello  I understand your concern unfortunately yes this is harmful to your dental and overall health bruxism teeth grinding or night grinding is not a condition but one of the main symptoms of taj disorder this could be a temporomandibular joint taj issue temporomandibular joint is the jaw joint between the upper jaw and lower jaw and involves multiple and complex structures like a disc between two jaws chewing muscles and the joining bone structure a complete taj and dental evaluation should be done to determine what is causing your bruxism it could be because of tensed chewing muscles disparity in the disc changes in jaw bone structure other than taj issues psychological stress malaligned teeth multiple dental treatments and recent dental injury or infection could also cause this jaw condition visit a taj specialist to identify the cause initially a splint similar to a nightguard called deprogrammed appliance will be suggested as a diagnostic appliance to identify the cause once the cause is determined the treatment depends on it untreated bruxism may lead to multiple enamel chip outs weak teeth and gums and generalized tooth sensitivity so please visit your dentist as soon as possible and get it treated I hope this helps,hello doctor I have been biting the teeth at night for about five years is this harmful to my health,low severity,hi  it is called bruxism which means grinding of teeth during sleep if you do not have any other symptoms like headache jaw pain etc then there is no need to worry but if you have these symptoms then you should consult a dentist as soon as possible because it can cause damage to tooth enamel and gums and also lead to problems such as temporomandibular joint disorder taj which is a condition where the jaw joints become inflamed and painful so please visit a dentist and get checked for taj if you have any other questions then feel free to ask me,2.0052711963653564,2.5904054641723633,231,13.335177443869952,0.1498371335504886
I am taking trepiline and eltroxin for depression shall I replace it with st john wort,hello see just because prozac did not work for you does not mean that you will not respond to other medicines there are at least 15 20 types of antidepressants depression and anxiety are very common and a lot of people have it basically happens when some neurotransmitters such as serotonin reduce in your brain leading to a problem with handling the day to day stresses of life medicines are usually given for two to four months and then tapered off slowly and stopped things like it johns wort eltroxin etc will only add to the effect of the primary antidepressant it will never be a substitute for the medicines still if you wish to try these you can take it johns wort twice a day and also take theanine 200 my once or twice a day theanine is also an over the counter dietary supplement which shows good results for anxiety if you have sleeping issues you can take melatonin my over the counter supplement at night yes taking a probiotic compound along with vitamin will also help also take it once a day,hi doctor I have been having terrible problems with anxiety and depression I was on trepiline and eltroxin for depression when I was younger and I mainly want to know if I can substitute it john wort for 25 my trepiline these episodes definitely worsen around my period so might a vitamin supplement help I am 35 years old so far I have been managing this with breathing techniques mindfulness etc but I really cannot carry on like this anymore please help,low severity,hello I understand your concern you are suffering from major depressive disorder which needs proper treatment as early as possible there are many options available for treating such disorders one of them is sari selective serotonin reuptake inhibitors class of drugs which includes sertraline and fluoxetine another option is sari class of drugs which include venlafaxine duloxetine and bupropion also tricyclic antidepressants class of drugs including nortriptyline desvenlafaxine and amitriptyline are used in case of severe symptoms and low mood for further information consult a psychiatrist online,3.253162533044815,2.4916820526123047,207,12.08158089351177,0.10294117647058824
how to manage unilateral paralysis of the diaphragm,hi traumatic or some cancer causing nerve compression mri scan and spirometry unilateral diaphragmatic paralysis for further information consult a pulmonologist online,hi doctor what health implications have been observed with a unilateral paralysis of the diaphragm I have had a plication performed but it failed and is back to the original issue currently I am suffering from shortness of breath chest pain with dizzy spells and increased heart rate I am on propranolol for the heart rate issue please help,medium severity,hello  I can understand your concern as you mentioned that there was a previous surgery done which has failed now so this means that the muscle structure around the diaphragm needs to be modified again to improve its function if we look at the anatomy of the diaphragm then it is basically a dome shaped muscle which separates the thoracic cavity from abdominal cavity when contracted it helps in breathing process by moving air into and out of lungs also it plays a role in digestion by pushing food towards stomach during swallowing process and also helps in circulation of blood through liver kidneys etc so the muscles surrounding the diaphragm need to be modified to increase its strength and elasticity so that it can perform all these functions well the procedure called as myotomy is used to modify the muscles surrounding the diaphragm and thereby improving its function the procedure involves cutting the muscle fibers and reattaching them in another position where they should be so that the muscle will contract properly and move the diaphragm correctly the procedure is usually done under general anesthesia and requires hospitalization for five days after the operation the recovery period is about two weeks and patients can resume their daily activities within three weeks however some people may experience side effects such as nausea vomiting dizziness headache and fatigue after the procedure I hope this helps,3.253162533044815,2.6994099617004395,30,14.870954702912169,0.015625000000000003
I am 16 years old with hypermobile painful knees please suggest treatment,hi your knee pain could be due to certain reasons but common ones are chondromalacia pain due to knee instability inflammation etc if there is no history of any injury and no inflammation or infection like swelling skin redness or local warmth on touching then I will like to advise you for conservative management initially in form of intensive physical therapy with a focus on strengthening of quadriceps and stretching of other groups of muscles gentle anti inflammatory medications like tablet etoshine or paracetamol can be taken in small doses for five to seven days adequate calcium and vitamin supplementation as per the requirement ice packs at home three to four times a day see how it goes for around two weeks time if your condition does not improve then we will have to get certain investigations done including rays of the knee and a few blood tests,hi doctor I am 16 years old I am hypermobile especially in my knees and almost every day especially nowadays I get horrible pains in my whole knee deeper than the surface my knees are bent inward so like the opposite of being bow legged and I was just wondering if these were just growing pains or anything more,medium severity,hello I have gone through all the details you have mentioned it seems to be genu varum which is a normal condition in children but as they grow their bones change and become straightened out this is called as genu valgus and can cause pain in the knee joint however there are many other causes for knee pain such as ligament sprain meniscus tear cartilage injury etc I would advise you to visit a nearby orthopedic surgeon and he will examine you and may order some tests such as mri magnetic resonance imaging and ray to confirm the diagnosis and then start on proper treatment I hope this helps,3.253162533044815,2.591106414794922,160,13.344528021564937,0.1245136186770428
what are the ways to manage hemoglobin and sugar level in a diabetic patient,hello I have seen the medicine list being taken by her of those drugs roxcef is an antibiotic to be given for a very limited period may be days or so bio strong is also not needed on continuous basis unless she has any specific neuropathy problems or any such complaints is there a to speak to you so that I can clarify a few things in one go for her diabetes I feel glycomet go once a day instead of voglibose containing tablet once a day with dynaglipt is enough rest of the medicines are to be continued,hello doctor I am opening up a new subscription under you so that I can chat more easily I request you to follow our discussions from previous records to remind again this query is for my mother age 47 she is on her regular medicines for above mentioned conditions however recently her hemoglobin levels fell to 8 after consulting a doctor in my local area she is taking iron pills the problem is with her fluctuations in diabetes readings and haemoglobin levels I am attaching the recent conducted reports below blood sugar level he abc lipid profile urine culture thyearoid panel my query is to what can be done to improve her diabetes readings and hemoglobin levels it will be highly helpful if you elaborate the necessary steps to be taken including types of medicines that are to be taken,medium severity,hi revert back with the answers to the above questions to an internal medicine physician online,3.253162533044815,4.041483402252197,109,56.91070168397679,0.06956521739130436
how to remove the black patches and pores on cheek,hello I have read your query postinflammatory uv rays sun damage start applying anti pigmentary medications like koji acid kojivit or hydroquinine h lite in the night only to the black patches for two weeks along with a sunscreen of spy 26 and above in the morning to your full face three to four times like at am am and am sunscreen can be continued for a long duration for further information consult a dermatologist online,hi doctor my age is 35 I have black patches on my face and pores on the cheek black patches first occurred years ago for the first time how to remove them and get a fair skin please suggest,low severity,hello revert back after three months to a dermatologist online,3.253162533044815,3.8119728565216064,88,45.23960212833118,0.1395348837209302
why do I experience burning and itching sensation while urinating and ejaculation,hello burning sensation in the urinary tract or urethra can most commonly be due to either infection of bladder or urethra or any stone problem which has either passed in the bladder kidney system causing infection thus burning it can also be due to unprotected sexual intercourse which leads to the infection of the urethra the diagnosis of this condition is important before the treatment is started urine microscope and sonography of abdomen and pelvis are initial urine and scanning modalities which are required for diagnosis physical examination by a urologist is also of paramount importance as something it is the best morality to detect the diagnosis so I would advise you for now you take plenty of fluids as repeated urination can wash out the infection but the above mentioned test and physical examination are mandatory in your case as you have pain in passing semen also it can be a prostate infection which again requires a per rectal examination by a urologist to see for prostate status,hello doctor I am 43 years old I have been experiencing a burning and itching sensation while urinating for about three weeks now I now have the same sensation when I ejaculate after sex also when I squeeze my penis there is pain along the lower part which feels like the pain is along the tract where urine and semen pass through please comment on what can I do about this I think it must be due to unprotected sexual intercourse that I had a couple of times some weeks ago after which I stopped,medium severity,hi I understand your concern you need to get yourself examined by a urologist as soon as possible he will examine you and may order some tests if required he will prescribe you some medicines for further information consult a urologist online,3.253162533044815,2.8222460746765137,187,16.814575081647156,0.11374407582938388
my wife has raynaud with pale violet and gangrene fingers please help,hello you are right in saying that she has the symptoms of raynaud with digital gangrene which is on going with arthritis there are 50 variants of it and it is very important to distinguish which one she has it as the management will differ for every arthritis I would like to ask a few more queries any history of oral ulcers hairfall any history of fever which joints are affected swelling in the joints any deformity any changes in skin color or skin becoming tightened any history of dry eyes or dry mouth any muscle weakness which you have observed with the start of raynaud it seems like a systemic involvement more something like lupus but we need to rule it out kindly let me know these queries and I am advising a few tests if they have been done please attach the reports as well abc complete blood count ear erythrocyte sedimentation rate cop reactive protein rheumatoid factor anti cop antibody a na by immunofloroscence serum creatinine urine routine connective tissue disease,hello doctor my wife has arthritis and has become very weak over the last few months now she has a condition that is more or less like raynaud phenomenon her fingers are turning pale violet and one of the fingers had gangrene like occurrence not only hands but even the toes are experiencing the same please help,medium severity,hi I have gone through all the details you have mentioned it seems that your wife is suffering from raynaud phenomenon which is a vasospasm disease where there is spasm of small blood vessels leading to decreased blood flow to the affected area this can be due to many reasons such as anxiety stress hormonal changes etc however if we look at the symptoms then it looks like she is having primary generalized raynaud phenomenon which means it is not related to any other underlying cause and is just a manifestation of some other problem so what needs to be done first is to rule out any other causes for the symptoms by doing some investigations like complete hemogram ear echocardiography chest ray egg electrocardiogram etc meanwhile try to control the symptoms by taking tablet calcium channel blockers like nimodipine 10 my twice daily before meals and nifedipine 5 my once daily after meals also take tablet paracetamol whenever pain occurs avoid cold exposure do regular exercise and yoga to improve the overall health and immunity hope this helps,3.253162533044815,2.789058208465576,198,16.26569369329975,0.13031161473087818
I have sticky saliva with acidic feel in throat is this a symptom of couid 19,hello do you have a history of anxiety or acid reflux disease what have you tried so far to make yourself feel better,hello doctor I am a 45 year old female I feel nervous sometimes that I cannot sleep and have sticky saliva in the throat that feels like acidic stock in my throat every time I feel worried about the covid19 situation I am having had time to relax myself and these symptoms start to happen again I take some probiotics and moringa capsule,medium severity,hi you seem to be suffering from anxiety related issues as per your history it seems that you are experiencing stress due to the current pandemic which has caused panic among people around the world so please do not worry too much about the virus itself but rather focus on yourself and try to keep calm and relaxed by doing regular exercise and meditation also avoid going out unnecessarily if you need to go outside then wear a mask and maintain social distancing at all times also drink plenty of water and eat healthy food regularly,3.253162533044815,2.2787046432495117,24,9.76402431940863,0.08403361344537814
I have redness in eyes for the past few months with headache and eye floaters please help,hi here your symptoms look more in favor of allergic conjunctivitis this may occur due to allergy to dust grass pollen cosmetics soap etc allergic conjunctivitis may be seasonal type try to avoid the above allergens to get rid away from allergy you may have frequent itching in your eyes please keep in mind not to rub your eyes by any means rubbing eye frequently may provoke developing allergic conjunctivitis which was once healed up dust grass pollen cosmetics and soap allergic conjunctivitis olopatadine eye drops once a day preferably at night loteprednol 5 eye drops three times a day put ice packs on closed lids which may give you instant relief use it minimum for 15 days keep in mind you may get symptomatically relieved very soon but allergic conjunctivitis needs time to recover from the roots stay away from the above mentioned allergens try cooling goggles while going out avoid rubbing eyes after 15 days,hello doctor I have some problems with my eye and need some assistance I have red eyes from a few months now and have tried some drops and it has reduced but still I have some redness in the eye adding to it I have some headaches and can see a lot of eye floaters from a week now please help,medium severity,hi  you seem to be suffering from dry eye syndrome this condition occurs when there is a deficiency of tears which lubricate the eye surface and keep it moist as a result of this the cornea becomes dry and irritated leading to pain burning sensation and tearing along with other symptoms like blurred vision sensitivity to light etc if left untreated this condition may lead to permanent damage to the cornea and even blindness so do get checked by an ophthalmologist for a complete evaluation and treatment plan he will prescribe you some medications and also suggest lifestyle modifications to prevent further complications,3.3289126455783844,2.831334114074707,189,16.96808308931498,0.1076923076923077
can urethroplasty be done in the distal penile urethra using era technique,hi I am a urologist and I have performed urethroplasties but excision and primary anastomosis is the procedure of choice only in short segment urethral strictures and they occur in the majority of traumatic urethral strictures that occur in the proximal urethra such a structure in distal urethra is rare however I had to do excision and primary anastomosis in an iatrogenic distal penile urethral injury wherein the surgeon had badly damaged distal penile urethra during an attempt to dilate the distal urethra I was called intraoperative the urethral plate was badly damaged in that case for only am I did excise that part and anastomosed end to end and the result was excellent and there was no postoperative chordee bending other than this case I have not done any era in distal urethra,hello doctor may I know if you have done urethroplasty in the distal penile urethra using the excision and primary anastomosis epa technique are you personally familiar with any such case if so was the surgery successful did the surgery cause penile curvature if so how many degrees did it had what was the structure length thanks,high severity,hi  yes we can do urethroplasty at the distal end of the penis but this procedure has some complications like difficulty in urination after surgery and also there is a risk of developing fistula between the penis and scrotum which is called as penoscrotal fistula due to improper closure of the wound during surgery and also there is a possibility of developing urinary tract infection postoperatively due to improper healing of the wound and also there is a chance of developing scar formation over the wound site which will lead to difficulty in urinating again so these are the possible complications of this procedure but still it is better to go for this procedure than having a simple urethral stricture because in urethral stricture the urine flow gets blocked completely and cannot pass through the urethra while in urethroplasty the urine flow is just reduced and can pass through the urethra but it depends on the surgeon skill and experience whether he can perform the surgery successfully or not and also the success rate of the surgery depends upon the type of stricture and its location and size and also the age of the patient and his overall health condition so in short urethroplasty is a good option for treating urethral stricture but it is not always successful and sometimes,3.3289126455783844,2.2387852668762207,190,9.381927824269738,0.1581920903954802
what does cardiomegaly with no evidence of focal infiltrate suggest,hi enlarged heart only on chest ray is not reliable ray is just like a shadow the farther you stand from the wall the larger will be your shadow in the same way if you stand away from ray film even a few centimeters it will give an enlarged shadow of heart on the film best way to assess the size of the heart is via echocardiography is indicated if you have symptoms of shortness of breath not explained from other causes if you have such symptoms have echocardiography and egg done I hope these will be normal,hello doctor I am a 26 year old female I recently found out via online test results that I have an enlarged heart but no reason was given for why it is enlarged or how enlarged it is the impression is cardiomegaly with no evidence of focal infiltrate I am currently obese but in good health with the exception of this enlarged heart and insulin resistance not diabetic or insulin dependent is it too late to reverse this heart enlargement with diet weight loss and lifestyle changes I am currently on metformin xanax and proverb,medium severity,hi I can understand your concern according to your statement you have been diagnosed with cardiomegaly which means enlarged heart however there is no mention about any cause for this condition so we need to find out what causes it first before we start treatment if you do not know then please get some investigations done like abc complete blood count ear echocardiography etc meanwhile try to control your weight by doing regular exercise and healthy food intake avoid smoking and alcohol consumption also take tablet aspirin once daily after meals for five days,3.3289126455783844,2.784376382827759,107,16.189718541534265,0.11458333333333333
I get recurrent pain in wrist after some small movement why,hi the wrist pain that you are experiencing could be due to the following reasons tfcc triangular fibrocartilage complex injury drug distal radioulnar joint instability carpal tunnel syndrome osseous bone injury cartilage injury if you are having a history of trauma there are high chances of osseous or ligamentous injury in and around the wrist joint I would like to suggest you to get an mri of the wrist joint to get a detailed understanding of the intraarticular and extraarticular pathology causing the wrist pain wearing a brace would definitely help you when the pathology is acute but since you are experiencing this pain for the past three years and it is not subsiding I recommend further investigations,hello doctor I have a wrist pain on the top of it usually when I use it in daily life it is all nice but as soon as I even swing a tennis racquet soon afterward pain develops the pain is on the top and prevents my wrist from pronating whenever I play tennis it is usually only for five minutes the pain goes away in a few days but recurs as soon as I even swing a racquet what is the problem,low severity,hi  you seem to be suffering from lateral epicondylitis which is inflammation of tendons at the outer side of elbow joint this condition can occur due to repetitive strain injury like playing tennis swinging golf club etc if you do not take proper precautions then it may recur again so please follow these tips to avoid recurrence of the condition apply ice packs over the affected area twice a day for 15 minutes every time wear soft gloves while doing work keep your hand elevated above heart level during rest avoid using the arm for heavy lifting or carrying heavy objects maintain good posture while working or sleeping avoid wearing tight fitting clothes or shoes that restricts the range of motion of the wrist and elbow joint,3.3289126455783844,2.2949893474578857,141,9.924330292375862,0.13877551020408163
what can I do to relieve knee pain,hi your knee pain could be due to many reasons but common ones are chondromalacia pain due to knee instability inflammation due to an underlying pathology or just degenerative joint disease etc what was the cause of onset of pain in your knees and what has been the total duration of your symptoms apart from pain do you also have any associated swelling skin redness or any other local inflammation like skin warmth etc as well what management and investigations have been done until now by you for the existing problem if there is no history of any injury and no inflammation or infection like swelling skin redness or local warmth on touching then I will like to advise you for conservative management initially in form of intensive physical therapy with a focus on strengthening of quadriceps and stretching of other groups of muscles gentle anti inflammatory medications like etoshine or paracetamol for five to seven days usually helps in such cases take according to your body suitability adequate calcium and vitamin supplementation as per requirement ice packs at home three to four times a day and see how it goes for around two weeks time if your condition does not improve then we will have to get certain investigations done,hello doctor I am having knee pain how will I manage it,low severity,hi  you have mentioned that you have knee pain which has been there since two months now what kind of pain are you experiencing any swelling on the knee joint any redness or warmth around the knee joint any difficulty while walking or running any history of trauma or injury to the knee joint any family history of similar problems if yes then we need to look into some other causes like arthritis or ligament tear etc but before jumping to those possibilities I would suggest you to get some tests done first so that we can rule out any serious cause for your knee pain and start treatment accordingly meanwhile try these measures to reduce the pain and inflammation of the knee joint avoid weight bearing activities such as running jumping squatting bending kneeling lifting heavy weights or carrying heavy objects wear comfortable soft sole shoes when going outside apply ice packs over the affected area for five minutes every four hours take tablet diclofenac 50 my twice daily after food for three days take tablet paracetamol 650 my sos for pain relief follow up after three days to discuss about further management,3.3289126455783844,2.7567193508148193,225,15.748094137625818,0.16296296296296298
I am having excruciating pain and swelling post wisdom tooth extraction why,hello let me explain a few things first wisdom tooth first of all can be fully erupted partially erupted or totally unerupted sometimes lying deep within the bone the swelling of the extraction site depends on the amount of bone removal to take the tooth out it is not that easy job it occasionally happens that a nerve lying close to the tooth gets lacerated giving rise to prolonged numbness another thing a chance of fracture is there when the tooth lies too close to the angle of the jaw bone I would advise you to take an op orthopantomogram first make sure you gargle with chlorhexidine mouthwash and apply ice packs at least five times daily it will help reduce swelling greatly there is nothing to worry though keep your mind at ease just visit your dentist soon and determine the cause first I hope this helps,hello doctor I had all four impacted wisdom teeth out a week ago the pain has been absolutely horrible which I knew it would be however my left side has healed very well is no longer swollen with minimal sensitivity now my right side is still as swollen as day two or three it is hard sensitive and the constant dull throbbing pain is still waking me up at night and literally bringing me to tears it is not even the incision site that hurts it is my entire jawline from my eye all the way down into my lip my surgeon said this was normal and stuck some medicated gauze there and called it a day that in which did not help the pain actually only made it worse I cannot open my mouth wide enough to even fit a spoon should not this be improving by now after seven days should I be concerned about the bone fragments or possibly a fractured jaw bone I am really stressed and my surgeon has provided zero help I understood that it is four days of recovery time and not seven days of the same miserable swelling and pain with no improvement I am currently taking penicillin and ibuprofen,medium severity,hi  you have given good details regarding your problem but I need more information before coming to any conclusion first of all do you have any fever if yes how much secondly what kind of medication you are taking thirdly when exactly you started feeling pain fourthly how many times you took pain killers fifthly how long you were able to eat sixthly how much food you could take seventhly how much water you drink eighthly how much sleep you got ninthly how much exercise you do tenthly how much weight gain you have done lastly please send me pictures of your face and jaw area so that I can see the condition of your jaw bone and check whether there is any fracture or not also kindly attach the prescription you received from your dentist because we will need to know what medications he prescribed and how much dose you are taking,3.3289126455783844,2.8463642597198486,162,17.22504207762807,0.11295681063122924
my braces are not activated by power chains and creating gaps please help,hello there are different types of power chains that are available for the treatment depending on the interlink space short connects every alternate bracket long connects every third bracket closed connects each bracket so depending on the stage of your treatment either of the types can be used which may or may not connect individual brackets also we would require the history of the type of malocclusion you had in the first place as the duration of the treatment varies with the complexity of the malocclusion complex malocclusion which require a lot of rotations and closure of gaps may take longer than usual also the density of your alveolar bone and your body bone remodeling rate affects the duration of final results so in order to give a definitive diagnosis we would require your treatment history which includes preoperative and post operative clinic photographs intraoral and extraoral both preoperative dental rays op and lateral cephalogram treatment history including the types of malocclusion brackets used wires used and the movements caused oral hygiene maintenance routine that you follow during the braces treatment waiting for your reply brush twice daily with fluoride containing paste use of salt water gargles everyday especially after meals tongue cleaning on regular basis a periodic check up with your dentist once every months a visit to the dentist for oral prophylaxis teeth cleaning and polishing once every six months after providing the required information,hello doctor why my ortho does not put brackets in power chains while missing one or two spots I have straight teeth and I am in the sixth year with braces I think instead of closing gaps this is creating gaps please help,low severity,hi  you can get it done by yourself just take a small piece of wire and bend it into a shape which will fit between the teeth and then use it as a bracket and attach it to the tooth with the help of ligature and then go to your orthodontist and ask him to fix it if he does not do it himself then you can also try to find someone who has fixed it themselves and learn from them and then you can do it yourself,3.3289126455783844,2.9391796588897705,258,18.900335228949825,0.09230769230769231
what is the reason for new wound during chemotherapy,hi for further information consult a surgical oncologist online,hi doctor my father had a surgery for cancer and subsequent chemoradiation on cheeks after that he developed a wound on right cheek which developed into a big hollow wound please help us,high severity,hello I have gone through all the details you have provided it seems like there was some trauma before the operation as well as post operative complications due to radiation therapy this can cause skin breakdown and ulcer formation if any infection has occurred then it will be more painful and slow healing process of wound also depends upon the nutritional status of the body and immune system so do check his hemoglobin levels and vitamin levels along with blood sugar levels and electrolytes levels meanwhile start him on tablet cefuroxime 500 my twice daily for five days and tablet pantholac pantothenate 10 my thrice daily for five days and tablet amoxicillin clavulanic acid 625 my once daily for five days meanwhile apply ointment over the wound and cover it with sterile dressing and change it every day kindly get back with the reports and pictures of the wound for better management,3.3289126455783844,0.6816624999046326,11,1.9771620330905122,0.012422360248447206
there are mucus and blood in stools why,hello I can understand how frustrating you are regarding your problem I have reviewed your complete history and understand that you have ongoing infection within the lower part of your large bowel which is called as rectum medically it is termed as proctitis I inflammation of rectum the blood and mucus which you describe a whitish layer is common among patients suffering with proctitis I have seen you have taken some antibiotics however it seems the duration of antibiotics was not okay and ciprofloxacin that you have been prescribed is no more effective in your case other acid suppressant medications would not help you much in problem relating to rectum so I want you to start a week course of antibiotic which is very safe and does not have significant side effects except in some patient it could cause mild diarrhea it is very safe tablet rifxamin 200 my thrice daily for weeks avoid any other medications you come back to me in next to week I hope that your symptoms by then would go away in case if that does not happen then I would ask you to get some stool and blood tests done and would further modify your treatment,hello doctor there is white mucus layer on stool actually I am suffering since last month there were two drops of blood after stool had passed and after days at night I had stool with mucus and the next day I went to washroom four times with mild pain in abdominal and I went to the doctor he prescribed me ciplox tz and vyzilock and one medicine for acidity and after two days because of mild pain I went to meet a specialist he also prescribed one pro biotic capsule of do ready one tablet for acidity and shine 10 and after 15 days I was again suffering with diarrhea went to washroom 15 times and recovered myself and again after a few days I was again suffering with severe colon infection I had recovered from infection but not 100 and now there is white layer mucus on my stool and there is very light blood spot like lace on inch with blood dot on stool is there I have no symptoms of anus infection or itching or pain in rectum,medium severity,hi I can understand your concern according to your statement you have been suffering from chronic diarrhea for more than three months it may be due to any cause such as bacterial infection viral infection parasitic infection inflammatory bowel disease ulcerative colitis crohn disease etc if you have fever weight loss weakness fatigue and constipation then it may be due to inflammatory bowel disease if you have loose stools without fever weight loss weakness fatigue and constipation then it may be due to bacterial infection if you have loose stools with fever weight loss weakness fatigue and constipation then it may be due to viral infection if you have loose stools with bloody mucus pus and tenesmus then it may be due to parasitic infection if you have loose stools with watery consistency and no blood then it may be due to antibiotic induced diarrhea if you have loose stools with greenish color and no blood then it may be due to lactose intolerance if you have loose stools with yellowish color and no blood then it may be due to bile salt malabsorption disorder if you have loose stools with normal consistency and no blood then it may be due to non inflammatory bowel disease if you have loose stools with normal consistency and no blood then it may be due to non inflammatory bowel disease if you have loose stools with normal consistency and no blood then,3.3898150622844696,2.610938310623169,223,13.611816974067633,0.14965986394557823
what is the recommended healthy diet for men,hello men can take berries which are good to heart steak prepared with lean meat to give full of protein especially for active men dark leafy greens to get fiber and folic acid for proper functioning of metabolism eggs to provide lutein for boosting brain function plus preventing a cardiovascular accident in the future bananas provide full of minerals especially potassium broccoli will protect from prostate cancer water to keep well hydrated especially active men olive oil to prevent cardiovascular events and stabilizing blood lipid levels for breakfast whole grain toast with two boiled eggs with a glass of water for snack take one banana for lunch broccoli carrot and salt with olive oil lean meat soup for an evening snack berries smoothie for dinner yogurt with dark leafy greens and olive oil salad this is what I recommend to my patients normally to change every day not the same menu,hello doctor what are all the foods men should eat every day kindly name them why they should eat it why men specifically should be eating those foods daily due to unique and common health issues the gender faces I men tend to be low on fiber and this packs grams of fiber per serving an example of how the reader could eat the food every day add to smoothies toss in a salad afternoon snack etc please comment on why men should eat it,low severity,hi  you have asked some very good questions regarding dietary intake for men as well as women but before we start discussing about the same let me tell you one thing which is very important if you want to maintain a healthy lifestyle then you need to understand the importance of proper nutrition and also the role of each nutrient in maintaining our body functions properly so first of all we need to know the basic nutritional requirements of human body and then we can discuss about the specific nutrients required by men and women respectively now coming to the basic nutritional requirement of human body there are six major macronutrients carbohydrates proteins fats vitamins minerals water these six components are needed by us for various physiological activities like growth development maintenance of body weight energy production repair and renewal of tissues etc now coming to the specific nutrients required by men and women respectively here are my suggestions for both men and women carbohydrates fruits vegetables whole grains legumes nuts seeds beans cereals pulses wheat oats barley corn rice potatoes sweet potatoes bananas strawberries cherries dates figs grapes honey melons peaches pears plums prunes raspberries strawberries tangerines oranges grapefruit lemons limes mangoes pineapples watermelon cantaloupe honeydew melon kiwi papaya persimmon strawberry blackberry blueberry cranberry raspberry cherry date fig goose,3.3898150622844696,3.739030599594116,159,42.057200130376444,0.1078167115902965
root canal treated tooth has broken please advise the treatment,hello  I have gone through your query and understood your concern when a tooth decays and when the nerve layer of the tooth is affected it starts to give out pain and it loses its vitality becoming more brittle hence it could have fractured also to save such tooth root canal treatment will be performed mild pain discomfort after act is quite normal for the next to days for which you would have been put under pain killers this period is for tooth healing and it is essential that you do not disturb or bite food on that tooth once it completely heals crown procedure is generally performed placing a crown over the root canal treated tooth is mandatory to protect the tooth and to prevent further fracture of the tooth do visit your dentist for the crown procedure and till that do not eat hard chewy foods and avoid chewing food on the involved side,hello doctor I did not use left side for eating prior to act little pain was there but not sensitivity after one corner broke then I went to the doctor and they suggested me for act as it happened because of cavity one of my tooth second last from the end of lower jaw one day it broke down and I went to doctor then they said you should go for act and I took act treatment prior to this I did not use that side for chewing as sometimes it hurts suddenly so before act one of the corner was broken down already after act again one corner broke down again and now when I close my jaws it hurts also when I rub my finger slightly it hurts sometimes a little pain no sensitivity is there with cold water but hurts little when I close my jaws or I rub my fingers on it,medium severity,hi  I have gone through all the details you have mentioned here the image attached shows the area where the root canal treatment had been done and the area which got fractured the fracture line seems to be near the neck of the tooth and the pulp chamber looks intact the tooth is still viable and can be saved if proper treatment is given the best option would be to do a root canal retreatment followed by filling the gap with composite resin and crown restoration the other options include pulpectomy followed by filling with amalgam or composite resin and crown restoration or extraction of the tooth and replacement with implant or bridge depending upon the condition of the adjacent teeth and bone support for the tooth,3.3898150622844696,2.638805866241455,160,13.99647995536645,0.2049469964664311
will positive toxoplasma egg result in miscarriage,hello we consider toxoplasmosis when i'm are positive it meas the person has an active infection when egg are positive it means you are protected from future infection your wife is in her first week of pregnancy so spotting is a common finding due to implantation vomiting is also common until 12 weeks she does not have to worry about it she can try small frequent meals baked bread etc I recommend an ultrasound at five or six weeks to evaluate the well being of pregnancy the symptoms that you prescribe does not mean that it will be a future miscarriage it is common in every pregnancy if this pregnancy terminate spontaneously then after that you have to perform several examinations but I recommend you to be positive ultrasound scan,hello doctor my wife has a history of two earlier miscarriages which occurred during the first trimester in the first month we consulted a local gynecologist and the problem turned up to be high toxoplasmic infection reading was egg 82 she received rovamycin forte for three months along with other supplements like folinext and ecospirin for six months now my wife is pregnant again we visited the doctor and she advised to perform toxoplasma egg which again came back positive with egg 78 her first day of the last menses was 27th feburary she has been receiving rovamycin forte once again and duphaston folxt ecospirin and doxinate but now the problem is she is unwell and been vomiting nearly every day during evening hours there is a little brown discharge seen in this situation I am very much concerned about what will happen next will it be a miscarriage for the third time please help,high severity,hi I have gone through all the details you have mentioned regarding your wife and also attached reports as per the reports toxoplasma infection can cause miscarriage if untreated so you should start treatment immediately to prevent further complications and to save your pregnancy toxoplasma infection can be treated by taking tablet rifxamin 100 my twice daily after food for five days then continue tablet azithromycin 500 my twice daily for seven days then take tablet levofloxacin 500 my twice daily for five days then stop these medicines and repeat toxoplasma test after one week and follow up with me for further doubts,3.3898150622844696,3.1245827674865723,140,22.750400906071082,0.11111111111111112
what causes numbness in hands,hello the sensation in your hand can be because of compression of the nerve at elbow while typing but it is unlikely to spread to your legs stress anxiety can cause such symptoms tinnitus at night when it is very quiet outside is common and normal phenomenon but when it is present when you are in a noisy environment that is abnormal dizziness and tiredness may be a part of your stress slightly high blood pressure will require regular blood pressure checks and there is nothing to worry about on that front drug effect does not last for years if you have taken it for a very long time the it can cause psychiatric problems but I do not think your problems are related to that I would suggest you take a psychiatric consultation because I do not feel it is a neurological problem and there is nothing to worry about,hi doctor I have been experiencing some very unusual problems at the moment and I am getting a bit concerned about them I have not gone to my doctor about it yet it is hard to explain but I will try it is as if the connections between my hands and my brain become muddled and I have trouble telling which part of my fingers or hands is being stimulated it all kind of blurs into one numb sensation my hands feel heavy and become harder to move as if I am trying to move them through a viscous fluid this weird experience has been happening mainly when I am at work and when I am stressed but I am noticing it now slightly as well while typing this it is a really bizarre feeling and it can extend through my arms and my legs when it gets really bad I also have a constant tinnitus but I only notice it at night when trying to sleep or if I am in silence I also feel that my heartbeat has started to become irregular and I always feel tired and dizzy at the moment I went to my doctor about the dizziness about months ago and got a blood test done and that was fine but he said my blood pressure was slightly high for my age two years ago I very stupidly took a legal high bk 2cb and I had a full blown visual and auditory trip that lasted about 18 hours once it wore off I was fine but then about weeks later I started to have visual problems I had really bad after images and reality just looked very strange to me especially when looking at other people these visual symptoms seemed to have faded now but I still have brain fog and after images I am just messaging because I am concerned about the problems I am having with my sense of my hands in particular and I am wondering if it has anything to do with the stupid mistake I made years ago when taking that drug,medium severity,hello I understand your concern you mentioned that you were diagnosed with hypertension and you did not take any medication for it so I would like to know what medications you are on right now regarding the numbness in your hand there are many reasons for it such as vitamin deficiency diabetes mellitus hypocalcemia thiamine deficiency etc but since you have already taken a blood test for thiamine levels and they came out normal I would suggest you to get a complete hemogram done including serum electrolytes and calcium levels meanwhile please start tablet levosulpiride 50 my twice daily for five days and tablet gabapentin 75 my thrice daily for five days both should help with the numbness in your hand however if the numbness persists for more than three weeks then we need to investigate further and may require neurosurgical consultation,3.3898150622844696,2.653190851211548,155,14.199274208330522,0.14334470989761094
my foot is swollen and I think my uric acid is up again please suggest some medication,hello firstly the photo uploaded is not informative as the extent of redness or inflammation is not well demarcated secondly do you have any past history of gout if yes how many acute flares did you have in the past how severe only foot single joint or multiple joints any triggers like boozing food intake rich in rate any history oh physical exertion well management of gout includes three steps acute flare management acute flare prevention to clearthe uric acid stores and ti decrease deposition in joints for now management of pain is crucial naproxen 750 my stat and then naproxen 250 my thrice for 7 days with meals panto 40 my in the morning before breakfast rest avoid urine rich diet no to alcohol beverages get the uric acid levels checked revert to me with uric acid levels good photograph with proper focus on the affected area along with normal leg for reference detailed past history diet and drug history that includes both medicines and else as well very important is to follow proper diet veto diet no00 loose weight finally the urge to treat without a proven diagnosis is always resisted hence diagnosis is mandatory for best management as we practice evidence based medicine get well soon regards do geeta,hello doctor my foot is swollen right now and I am sure that my uric acid went up again it happens in the past and I need some medication for the pain and the inflammation my height is 6 it and my weight is 95kg,medium severity,hi I have gone through all the details you have mentioned as per your history I would like to know if there was any trauma to the area of swelling did you get any blood tests done before this episode do you have diabetes mellitus or hypertension or kidney disease or heart disease any family history of these diseases what kind of medications were you taking previously for the same condition how much time has passed since last attack of similar symptoms,3.3898150622844696,3.974940299987793,245,53.246937967998576,0.10204081632653061
my months old daughter did not roll since yesterday is it normal,hi for further information consult a paediatrician online,hi doctor my daughter is months old she started rolling at her fifth month birthday she rolled for two or three days but she did not roll since yesterday is this normal,low severity,hello I have gone through your query and can understand your concern according to your statement your child is months old and has been able to roll over for two to three days now you need to know what is the cause of regression if there was any trauma during the time when she rolled then it may be due to injury which needs immediate attention otherwise if no history of trauma then it could be because of some other reason like developmental delay or neurological disorder so please get back to me with the following details whether there was any trauma during the time when she rolled or not how many times she rolled before the incident do you see any abnormality in her head posture or neck movement is she having difficulty in sitting up or crawling or walking also revert back with these details to an internal medicine physician online,3.3898150622844696,0.2872931659221649,11,1.3328148921129677,0.024844720496894408
I have stomach irritation and cramps with the feel of going to toilet what could be my problem,hello you have two problems h pyloric associated dyspepsia for which you received treatment and hope that it will improve you have postprandial defecation and going to toilet which is more suggestive of irritable bowel I will advise to continue your pantoprazole probiotics as per the prescription of your go and take the following medications in addition it will help improve your bowels and subsequently your weakness in two weeks time dyspepsia irritable bowel tablet mebeverine 135 my one tablet three times daily before meals for two weeks,hello doctor it has been more than a month the problem started with gastric issues in my stomach then it started with some stomach irritation and cramps and then gradually I felt like whenever I ate something I feel like going to toilet I reported it to my go and she said to take pantaprazole which I took for two weeks but then the situation was not improving and I insisted then she wrote a stool test for me and in the report helicobacter antigen bacteria was detected she then prescribed medicine amoxicillin 100 my pantoprazole 40 my clarithromycin 500 my which I took for one week on the fifth day I felt like my body has no energy at all anyhow I took the entire days dose now it has been close to two weeks after completing the antibiotics but even today I feel unbearable weakness in the morning after toilet the weakness is so much that I lie down and the body starts shaking for medicines as of now I am only taking probiotics and multivitamin though the frequency of the days when I feel the weakness is reduced but yes once or twice in a week I have it and also when I am having food I feel like going toilet please suggest the best I can do in such situation,medium severity,hi I understand your concern according to your statement you had gastritis and now you have diarrhea this may happen due to antibiotic induced diarrhea or helicobacter pyloric infection again if you did not get tested for h pylori earlier then it is better to repeat the same test and start treatment accordingly if you have any other symptoms like weight loss abdominal pain bloating etc then we need to investigate further and treat accordingly I hope this helps,3.3898150622844696,2.346318006515503,114,10.447032914998251,0.11976047904191615
I had mucoram pill along with rhinocort spray do they interact,hi I read your question and I understand your concern allergies recent sore throat cold flu and seasonal variation pulmonary functions test allergen immunotherapy allergen sensitivity test peak flow meter fev1 forced expiratory volume in the first second allergic bronchitis sinusitis laryngitis pharyngitis asthma sinusitis decongestant mucolytics and home remedies avoid allergens pollen use humidifier and avoid beverages cold drinks and spices for further information consult a neurologist online,hi doctor I took a mucoram pill along with rhinocort spray then I had hyperventilating difficulty I could not swallow and I cannot balance myself and felt more tired and weak I feel that my brain became numb for a month after a month I am good now but still I feel some pressure and continuous pulse in my head all day my blood tests are all normal please help,medium severity,hello  you have taken mucoram which contains levocetirizine hydrochloride and montelukast as well as rhinocort nasal spray containing fluticasone furoate and mometasone furoate these two medications can cause dizziness nausea vomiting headache blurred vision etc if you take them together it may increase the risk of side effects so you should avoid taking both medicines at the same time also you need to be careful while driving or operating machinery because of the dizziness you might fall due to sudden movements of head when you turn left right up down etc you should wait for five minutes before getting out of bed and moving around if you get dizzy you should sit on the edge of the bed and slowly move your arms legs and head from one position to another this will prevent falls and injuries you should drink plenty of water during the day and night to stay hydrated and avoid dehydration you should eat healthy food like fruits vegetables whole grains nuts legumes beans dairy products fish poultry eggs meat and low fat milk you should avoid eating too much oily fatty spicy and sugary foods you should exercise regularly for at least 30 minutes daily you should sleep for eight hours every night and wake up early to give yourself enough time to relax and rest you should keep your room cool,3.333707422018051,2.9200236797332764,96,18.541726517686882,0.06779661016949153
why do periods get delayed following an I pill,hello for further information consult an obstetrician and gynaecologist online,hi doctor we had sex on her fourth day of the period she took an I pill within two hours she got bleeding after five days today is the 27th day after sex she got some nausea at noon but no other symptoms she got an I pill previous month is it the temporary hormonal problem or she might be pregnant can she use pregnancy kit now please help,low severity,hello revert back with the answers to the above questions to an obstetrician and gynaecologist online,3.333707422018051,0.24051687121391296,16,1.2719063922530025,0.4615384615384615
is it possible to have a safe pregnancy with a fibroid uterus,hello there are two things one is to have a pregnancy and the second is the growth of the pregnancy both are different and require different approaches in the treatment point of view as you said there were and positive if it was egg immunoglobulin positive then you need not worry it suggests the past infection but as you have taken tablets and completed the course no need to worry you said that you have a fibroid around 2 am intramural it is true that fibroid can increase the chance of abortion but it is also true many pregnancies with fibroid goes up to the term without any complications and have delivered the baby normally so continue the treatment prescribed by your doctor take maximum rest avoid heavy weight lifting intercourse jerky work and work while bending and hopefully you will have a normal pregnancy,hello doctor I am married for ten months I had a miscarriage of 10 weeks baby now again I expect five weeks of pregnancy at my first miscarriage checkup the doctor said that I have a fibroid of 2 am within the uterus at the intermural side also at that time my torch test was positive and were positive and I took medicines will I have a safe pregnancy this time what can I do please suggest,medium severity,hi I understand your concern as you mentioned that you had a previous history of miscarriage due to high risk factors like abnormal uterine cavity and elevated serum beta hug levels so if you repeat the same tests then there is no need to worry about the current pregnancy but still we should be cautious regarding the treatment of the current pregnancy because the size of the uterus has increased by 35 weeks which is more than normal size of the uterus during pregnancy and the presence of fibroid may cause problems such as bleeding and pain during delivery so before starting any medication for the current pregnancy you must consult your gynecologist and get some investigations done like ultrasound abdomen pelvis and chest ray to rule out any other problem in the fetus and to see whether the fibroid is causing any problem during labor and delivery if everything is fine then you can start the medications for the current pregnancy otherwise you should terminate the pregnancy and wait for another six months to try for pregnancy again,3.333707422018051,2.9539711475372314,155,19.18197713950972,0.16666666666666666
what could result in missing periods,hello revert back with the reports to an obstetrician and gynaecologist online,hi doctor I am 37 years old five months back I missed my period and then got bleeding for two days in the following month now again for the past two months I did not get my periods sometimes I feel tired am I pregnant,low severity,hello  you have missed your periods for three cycles now it is very important to rule out pregnancy first if there is no chance of pregnancy then we need to look at other causes for delayed menses like hormonal imbalance thyroid issues polycystic ovary syndrome etc so please do serum fish follicle stimulating hormone oh leutinizing hormone free testosterone prolactin levels ash thyearoid stimulating hormone ultrasound pelvis and also revert back with the reports to an obstetrician and gynaecologist online,3.333707422018051,0.38939452171325684,18,1.4760867847608778,0.2608695652173913
how to treat red circular lesions on lower extremities,hi kindly revert back with the pictures and answers to a dermatologist online,hi doctor I have red circular lesions on lower extremities currently I am taking amlodipine 10 my qd benazepril 20 my and clonidine 2 my I have not yet taken any tests kindly suggest what can it be,medium severity,hello revert back after the investigations to a dermatologist online,3.333707422018051,1.5077437162399292,15,4.516528718853493,0.608695652173913
should I be worried about my heart stopping for seconds during vasovagal syncope,"While we cannot provide a specific diagnosis for issues related to should i be worried about my heart stopping for seconds during vasovagal syncope, we highly recommend that you consult a qualified medical professional for a proper evaluation and personalized advice.",i am a 21 year old male and take no medications years ago I started having vasovagal syncope episodes that have increased in frequency over the years and I have now passed out from it around 10 times my triggers for it are blood needles and damage to the wrists my clinic reccomended that I wear a heart monitor for 30 days and when I passed out it showed that my heart stopped for seconds and I was told to visit the r I went to the nearest one and the cardiologist there informed me that my heart stopping that long was dangerous so they wanted to put a pacemaker in my the following morning I refused and went to another hospital and they did a cardio ultrasound told me my heart was fine and then their cardiologist said that my heart stopping for that long was normal with vasovagal syncope and that I would be fine and let me go home those are very different opinions and I wanted another should I be worried about my heart stopping for that long and is there any risk in it,high severity,hi I understand you must be very concerned about this but do not worry as far as I can see you are perfectly healthy and nothing to worry about regarding your heart stopping for few seconds while passing out it is called vasovagal syncope which happens due to some trigger like anxiety stress heat cold etc if you are able to pass out without triggering factors then you need not worry otherwise you may consider wearing a cardiac event recorder at all times and get back to me after three months if you still experience similar symptoms,3.333707422018051,0.030804608017206192,47,1.0312839795774535,0.18840579710144925
I get frequent urination and increased thirst only during night is this diabetes,hello I can understand your concern according to your history you have been suffering from frequent urination and feeling extremely thirsty especially during night after dinner and before bed you have a family history of do and you have a history of acid reflux and asthma according to your description your present sufferings can occur in some situations like di diabetes insipidus nephrogenic diabetes ti urinary tract infection kidney stones cystitis hypercalcemia etc you should undergo fasting blood sugar test 2habf 2hrs after breakfast hba1c test us of a urine routine serum electrolytes serum calcium water deprivation test etc at first we should find out the causes which are responsible for your present sufferings and then treat them accordingly,hi doctor I am having frequent urination and feeling extremely thirsty especially during the night after dinner and before bed while I am sleeping I get up just once to urinate sometimes not at all do you think I have diabetes I got my blood sugar checked and it came out as perfectly normal 91 normal range is 80 100 for fasting I think it is highly unlikely I am going to get diabetes in less than two years after the last checkup but I wanted to confirm since my family has a history of this illness and that is scaring me a bit I am a 28 year old male with asthma and acid reflux I am currently on montelukast advair and omeprazole,medium severity,hello  I can understand your concern according to your statement you are suffering from frequent urination and excessive thirst which may be due to diabetes mellitus or some other cause like urinary tract infection etc so we need to rule out these causes first if there is no significant difference between your fasting and post prandial blood sugars then it is unlikely to be diabetic however if you have any symptoms like blurred vision weight loss fatigue weakness etc then it is more likely to be diabetic so please repeat your blood sugars again and also get urine routine examination done meanwhile try to control your diet avoid high calorie foods drink plenty of water take small meals frequently instead of three large meals per day exercise regularly and maintain a healthy lifestyle,3.333707422018051,2.432884931564331,140,11.39169899196135,0.23015873015873017
how long should I avoid pregnancy after rubella vaccination,hello for further information consult an obstetrician and gynaecologist online,hi doctor I am a 30 year old female and planning for a first pregnancy thereby across I came to know about rubella test I have gone through this test recently and it came out to be non reactive egg less than iu my and i'm is less than 10 iu my should I go for its vaccination if yes then how long should I avoid conceiving,low severity,hello revert back with the answers to the above questions to an internal medicine physician online,3.333707422018051,0.2587353587150574,16,1.2952909719989847,0.23076923076923075
why do I get blood in semen after sex and masturbation,hello the condition you described is known as hematospermia which means blood in semen although it is considered a benign symptom in men but if for any person above 40 years of age the possibility of carcinoma should be ruled out in two third of the cases no cause is found and treatment is not indicated in many of the cases there is no intervention required but with increasing age chance of prostate tumor are high I request you to visit a urologist as soon as possible the purpose of visiting urologist is to rule out the possibility of prostate malignancy the other common cause of this condition is a sexually transmitted disease you did not describe anything else in association with blood in semen so the possibility is very low in case if you have any sexual exposure to some unknown or commercial sex worker in the recent past or you are having other symptoms of sexually transmitted disease it is wise to get physician consultation I hope this helps,hello doctor I am a 53 year old male with no previous medical history for the past two years I observed my semen to be slightly pinkish in color now I realized it was due to traces of blood but I did not pay much attention since the last two to three months I have been seeing blood in my ejaculate specifically if I have sex or masturbate on consecutive days the second day the amount of blood and redness is much more if I give a gap of 15 20 days then on the first day I do not see any blood but on the second day it is quite distinct I do not feel any sort of pain during or after sex or while masturbation I do not pass blood in the urine I do not feel any burning or itching sensation while ejaculating or urinating I have had no injury in my pelvic area or to my testicles I do not suffer from diabetes or hypertension I have been having sex and masturbation two to three times a month recently I took levofloxin 500 od for six days thinking if it was due to a urinary infection the antibiotic might help but it has not helped so far I have not consulted any clinician on the subject,high severity,hi I can understand your concern you mentioned that you have noticed blood in your semen this could be due to many reasons such as inflammation of prostate gland which is called prostatitis or some other causes like sexually transmitted disease or even benign prostatic hyperplasia bph which is enlargement of prostate gland these conditions may cause bleeding into semen also there are certain medications which may cause similar symptoms like blood in semen please share me all details about your sexual partner if she is married then kindly ask her to undergo pap smear test and vaginal swab test both these tests will rule out sexually transmitted diseases like chlamydia gonorrhea etc if you are sexually active then kindly ask your partner to undergo hiv testing too if you are not sexually active then kindly tell me about your sexual practices and frequency of intercourse if you are using condom then please let me know how often you use them and what type of condoms you are using if you are not using condom then kindly inform me about the duration of intercourse and position used if you are taking any medication then kindly mention the name of the medicine and dose taken if you are taking any herbal supplements then kindly inform me about the dosage and duration of usage if you are taking any prescription medicines then kindly send me the prescription along with the reports and investigations done till,3.3204345405101776,2.3924498558044434,184,10.94026320655426,0.13526570048309178
I have back pain in la s1 region which aggravates on sitting please interpret my mri findings,hello I have gone through your mri pictures and to me it looks quite pristine can you kindly tell me your age and a brief description of your symptoms the intensity of back pain on a scale of 10 is there any associated leg pain numbness weakness in your lower limbs paresthesias burning or electrical shock like sensations in limbs etc if you have already consulted a doctor who might have prescribed you this scan please send me his prescription paper so that I can see your exact neurology and other clinical findings I need all this information because normally we have to correlate the mri magnetic resonance imaging scans with patient clinical findings so that a diagnosis can be arrived at so if you can send me all these details I should be able to see them and advise you accordingly if you just want information on how these scans look like they appear fine to me with good disc heights and no obvious foramen compression of any nerve roots,hello doctor I have my mri pictures for back pain could you comment by looking at the pictures,medium severity,hi  from the picture it seems like there is some disc bulge at l5s1 level this can be confirmed by checking sagittal view of mri also if possible send me the ray of spine as well so that we can see the exact location of the problem and confirm the diagnosis,3.3204345405101776,2.5946669578552246,182,13.392126476092969,0.13513513513513511
how to get rid of pubic lice,hi we are here to help you revert back after seven days to an internal medicine physician online,hello doctor I am facing problem of pubic lice please provide effective cream and lotion for it thank you,low severity,hi  yes there are many creams available but they do not work very well if you have any doubt then consult a dermatologist online,3.3204345405101776,0.792924702167511,19,2.2098501375510433,0.1904761904761905
my swollen right inner cheek interferes talking and eating please help,hi I have read through your complaint and the relevant details the swelling should be the reason for any tooth infection associated with the right lower back tooth region in the least case if that is ruled out during a dental consultation then it could be the infection in the salivary gland I say this because you have mentioned a history of swelling interferes with eating and talking usually salivary gland swellings affect both the sides of the cheek region and also below the tongue with or without pain you also got to check if you have dry mouth or dry eyes because salivary gland infections go in hand with these two symptoms in most of the cases mouth ulcer ointments might not work for this kind of pain hence I request you to visit your nearby dentist to get a complete oral check up done during your consultation if tooth infection is ruled out then the suspicion would be over the salivary glands also if you got any fever history please get that to the dentist attention meanwhile for pain relief please take tablet flexor ibuprofen and paracetamol thrice daily after meals for two days if you got any gastric irritation with this tablet please take capsule omen omeprazole delayed release 20 my half an hour before food along with the after food tablet bacterial or viral infections blood check to rule out viral origin ultrasound or computed tomography it scan to visualize salivary gland stones,hello doctor my right inner cheek is swollen this happened for the second time this month the swollen cheek falls between the teeth while talking or eating I am having pain too,medium severity,hi  it looks like you have a gum infection which has caused swelling of the gums around the tooth on the right side of your mouth if there is any food lodged inside the gums then it can cause more pain and swelling also do you have any other symptoms such as bad breath fever nausea vomiting etc if yes then we need to treat them accordingly otherwise just take some anti inflammatory medications like paracetamol twice daily after meals for five days and apply warm salt water gargles three times daily for two weeks,3.3204345405101776,2.7960240840911865,276,16.37939404402193,0.15789473684210525
I have pain redness and swelling in eyes for the past one week please help,hello thank you for sending the image so that I can get an idea about it for me it is looking like an infection I can prescribe you medicine so that you can get rid of these symptoms but in the first image there is something whitish area on your cornea so I just want to know that it is really there or its reflection which is visible in the photo just answer me one question because treatment is different for both conditions so I should confirm it from you and then I will give you a prescription of drops that you have to use and you will be completely all right,hello doctor my eye is paining since sunday my eye is red now it is paining while moving also when the light comes I am felling a little swelling as well,medium severity,hi  you seem to be suffering from acute conjunctivitis this condition can occur due to infection of the eye by bacteria viruses or fungi if there is any history of trauma like injury or foreign body entry into the eye then it may cause this condition so do follow up after two weeks to get treated properly,3.3204345405101776,2.8175675868988037,115,16.736092031789692,0.14201183431952663
what can cause sudden ankle swelling and pain,hi I guess you are talking about your father here in this query to arrive at a provisional diagnosis kindly answer these questions follow up with answers to the above questions for better evaluation of his condition to an orthopaedician and traumatologist online,hello doctor patient left leg is swollen at ankle with severe pain at the joint for the past 10 days he is unable to walk regularly as before he has taken antibiotic and still the pain remains the same patient has done ray and blood test and everything seems to be fine there is no accident or any hit there he used to go for evening walk daily for around to am these symptoms started 10 days ago patient is 61 years old having gastric issue and has undergone stomach surgery twice please advise me how to deal with his health issue,medium severity,hi I have gone through all the details you have mentioned it looks like a soft tissue injury of the ankle joint this could be due to trauma but since you have already ruled out trauma by doing ray and blood tests so we need to look for other causes such as infection or deep vein thrombosis if the pain is more on walking then it may be related to deep vein thrombosis which needs to be evaluated by doppler ultrasound and also complete blood count abc will help us to rule out infection meanwhile you should take tablet paracetamol sos for pain relief and anti inflammatory tablets like diclofenac sos for pain relief and ibuprofen sos for pain relief and inflammation along with proper rest and elevation of the limb avoid putting weight over the affected area until the pain subsides,3.3204345405101776,2.244049072265625,48,9.43144267044293,0.10810810810810811
I have infection with pus and redness in the genital area with positive hav please help,hi first understand the situation i'm indicates recent infection and egg indicate chronic infection since you have both the i'm negative it means that there is no recent infection secondly about 70 80 of us population is hav herpes simplex virus positive it means they are infected once in a life time and antibodies will remain for throughout life but it does not mean that 80 of us population should start taking acyclovir there are no guidelines for taking acyclovir until you are symptomatic so do not think too much about this figure if you had any other problems you can revert back to me,hello doctor I am a 35 year old male no episodes of helps except chickenpox in childhood no infection of hiv clinically tested every six months for the last seven years my partner and I both are not having hiv clinically tested I had a bacterial or fungal infection with pus and redness in the genital area so I have done the blood test hiv is negative hsv egg 5 positive hsv i'm 29 negative hsv egg 45 negative hsv i'm 69 negative as hsv is mostly non genital infection I did not have any episodes of hsv type helps in my life I never had hsv type herpes anywhere in the body I am straight and have a relationship only with my spouse how can blood show hsv egg positive without any symptoms dermatologist says it is due to past infection and not about present infection doctor told I should take antiviral dose acyclovir for 20 days for hsv egg past infection is it useful to take antiviral dose for the past hsv type infection will it reduces egg level in the blood is hsv egg is false positive,high severity,hi I understand your concern according to your statement you do not have any history of aids but you have been tested for aids antibodies at least once yearly since then you also have been tested for hsv egg for the past two years and all results were negative this means you do not have active infection with either aids or hsv egg however if you have ever had unprotected sex with someone who has aids or hsv egg then there is a possibility of developing aids later on even though you do not have aids now it is important to know whether you have developed aids antibodies or not because if you have developed aids antibodies then you need to be treated accordingly if you have not developed aids antibodies then you do not need to worry about aids at this moment but still you need to get tested regularly for aids antibodies and other sexually transmitted diseases like hepatitis virus etc meanwhile you can use condoms during sexual intercourse to prevent further infections,3.3204345405101776,2.849501132965088,122,17.279159686933554,0.1702127659574468
I have chronic kidney disease with a history of ti please suggest treatment,hello have you done any kit kidney function test before from the reports and diagnosis it seems you have underlying kidney disease which got aggravated by urinary tract infection you have received appropriate antibiotics and hopefully it will improve regarding dialysis you would need to continue it and monitor kidney function tests also you have anemia for which you are getting injection anfoe which should help you would need to make av arteriovenous fistula at earliest also tell me what was your serial kidney function tests for the last six months,hello doctor I have chronic kidney disease and wanted to know about the treatment before they consulted doctors for nearly six months for prostate that is urine infection they were told it is urine infection and were under medication and taking painkillers more but recently they come across these kidney problems which is serious,high severity,hi  you need to get some tests done first to confirm the diagnosis of chronic kidney disease if there is any urinary tract infection then you can start on antibiotics as advised by your nephrologist meanwhile you should avoid alcohol smoking caffeine and other substances that may cause irritation to kidneys also try to control blood pressure and sugar levels maintain good hygiene and follow up with reports,3.3204345405101776,3.3463635444641113,100,28.399272949339952,0.20125786163522016
will thalassemia minor cause any major problem in pregnancy and delivery,hello thalassemia minor female can get pregnant and can have a child with normal genome without thalassemia or there can be thalassemia minor in children thalassemia minor is not a major health disease and do not worry about that even though it is present in your future child but you need to rule out thalassemia minor in your husband if your husband is thalassemia minor then the child can have 25 percentage chance of acquiring thalassemia major which is dangerous so kindly rule out thalassemia status of your husband and let me know about that kindly upload your report to guide you further,hello doctor I am a 30 year old female I have thalassemia minor is there any problem in the future relating to pregnancy and delivery or is it fine to be pregnant at this age with thalassemia minor please reply I dont have any problem now my hemoglobin level keeps between 10 to g do,medium severity,hi thalassemia minor can cause problems during pregnancy but if you follow proper management then no problem will occur regarding your query yes it is safe to get pregnant as long as you are taking iron supplements regularly and also avoid high risk activities like unprotected sex during menses etc thalassemia minor is usually diagnosed by blood tests so you need not worry about it,3.1823402047157288,2.000340461730957,138,7.391572218057063,0.15476190476190477
does high ash value affect weight,hi for further information consult an internal medicine physician online,hi doctor my weight is keep on increasing in spite of diet and regular exercise I got my thyearoid test done and it showed high ash of 7 with normal to and to I am getting regular cold what to do,high severity,hello revert back after the tests to an endocrinologist online,3.1823402047157288,0.24514402449131012,11,1.277805335216128,0.20000000000000004
I have pain in my lower left back tooth and medicines are not helping me why,hello I have gone through your query and understood your concern unfortunately taking medicines is not a permanent solution to dental pain there are several factors that cause dental pain and associated headache the most common cause is tooth decay however a clear clinical picture or an ray will help determine what is causing your pain when decay reaches the nerve of the tooth it starts to give out symptoms the nerve which supplies the tooth also supplies that side of the face hence the referred associated pain taking painkillers will help control the pain to some extent but it does nothing to cure the decay it can only be manually treated by removing them you may require an ray procedure to determine the extent of the decay and if the nerve of the tooth is involved a root canal treatment is generally done to remove infections and decay since it is the time of the pandemic dentists are providing emergency care only and some dentists prefer telephonic consultation prior to dental visit and treatment if the pain is unbearable even after taking medicines it is best to call up a dentist providing emergency care and get it treated I hope this helps,hello doctor I have a problem with the second last toothache of left side lower jaw and also headache what can be the problem and the medicine used by me does not give me any relief mom 500 limcee oxalgin twice daily for three days then the other dentists suggested me these medicine ordent seradic pan dsr but also no permanent relief from toothache and headaches what can be the problem and solution,low severity,hi I understand your concern first of all you need to get it checked by a dentist as there could be many reasons for this kind of symptoms like infection in the tooth itself which needs root canal treatment if it is due to gum disease then scaling and polishing will help if it is due to some nerve problems then nerve block may help you do not worry about the medications they are just temporary and will not solve the problem permanently so please visit a dentist and get it checked and treated accordingly,3.1823402047157288,2.394347906112671,210,10.961048095648165,0.1879194630872483
can slight bleeding be a side effect of I pill after unprotected sex,hello for further information consult an obstetrician and gynaecologist online,hello doctor I had unprotected sex with my husband 17 days back I took I pill within three to four hours two days later I again took I pill my last period was 23 days ago now since two days I am having slight bleeding of brownish red color and cramps too I usually have cramps during my periods is it implantation bleeding or side effect of I pill,low severity,hi you should wait for another week before taking any medicine if there is no blood flow then do not worry because this can be due to withdrawal bleed which occurs when you miss your next cycle and start your next one so just wait for another week and see what happens if still no bleeding then go for urine pregnancy test if positive then you need to take medicines like mifeprofen tablet twice daily for five days and progesterone tablets twice daily for five days also you may require emergency contraception pills if you want to avoid pregnancy,3.1823402047157288,0.26326242089271545,16,1.301168127855035,0.03669724770642203
I had a hard stool four days back and since then I have pain while passing stools please help,dear  you developed acute anal fissure due to hard stools which are now causing pain to you there are ways of sorting it out you have to use local cream to relieve pain and made the anal sphincter relax you have to take medications to make your stools soft I am prescribing following medications it will help out try to drink plenty of water and avoid hard stools thanks hard stools acute anal fissure gun cream mix this cream with ano metrygl cream in equal quantity and apply it times daily locally,hi I had hard stool days back since then I facing enormous pain while passing stool each day I visited doc and he has prescribed me ano metrogyl cream to be used 4 times a day but it ist helping also I drink softovac powder once at night situation is not getting better though,medium severity,hello I can understand you must be very upset about this problem as you said you passed hard stool after four days of taking ano metrogyl cream which is good medicine for constipation now coming to the cause of constipation there are many causes like dietary habits lack of exercise stress anxiety etc so first we need to find out what is causing your constipation if you do not know then get yourself examined by a doctor and get some tests done like abc complete blood count serum electrolytes us ultrasound abdomen and pelvis colonoscopy etc these investigations will tell us the exact cause of your constipation and treatment will depend on the cause so if you want to know more about the investigation then let me know and I will explain you further regarding the treatment of constipation I would suggest you to take tablet bisoprolol my twice daily before breakfast and dinner for five days and increase the dose to two tablets per day after breakfast and dinner for another five days and then reduce the dose to one tablet per day before breakfast and dinner for next five days and finally stop the drug if you are having any other symptoms like abdominal pain bloating nausea vomiting diarrhea weight loss excessive thirst frequent urination etc then you should consult a doctor and get investigated accordingly,3.1823402047157288,3.1930928230285645,101,24.36366353680688,0.13125
why has my abdomen pain not reduced even after taking antibiotics,hi contrast enhances it scan of liver triphasic if abscess is present then aspirate the abscess follow up after it scan to a general surgeon online,hello doctor I am a 52 year old female two weeks back I had severe abdomen pain and got a sonography done I have been diagnosed with amoebic liver abscess it was identified 13 days back and I was admitted in hospital for three days and was given saline and metronidazole dosages but still not recovered doctor told it will take 15 20 days to recover but even after 10 days there has been no change my main symptoms are pain near abdomen frequent fever loss of appetite feeling weak and dizzy I am attaching the sonography details and prescription details kindly check and let me know your view on this thank you,medium severity,hi I can understand your concern according to your statement you were suffering from abdominal pain which was due to amoebic colitis and you were treated by metronidazole and other medications now you are having fever and weakness as these are the common side effects of metronidazole so do not worry about those things because they are temporary and will be relieved soon also you should continue the treatment for amoebic colitis for further doubts consult an internal medicine physician online,3.1823402047157288,3.4612374305725098,32,31.856372183807476,0.07476635514018692
my son finger are swollen with psoriasis history without pain what could this be,hello I have gone through the history and the pictures along with the reports I would like to ask you a few more questions to conclude the diagnosis and how to proceed further with it does he complain of early morning stiffness that he has to move his hands to open it anyone in the family has any degenerative arthritis like osteoarthritis any complaints of backache or neck pains as of the reports your rheumatologist are right it is not inflammatory arthritis we are looking at some metabolic causes of these swellings or some other genetic ones,hello doctor I would like an opinion as to why the ring finger on my sons left hand is swollen the middle finger is a little swollen and possibly some fingers on his right hand are too but less so they are not painful this started about a year ago a rheumatologist saw him then and thought that it was not arthritis rays are taken last year were normal this is what the ray report says technique pa lateral and oblique views of the bilateral hands were obtained findings the alignment and joint spaces are normal there is no fracture osseous lesion or dislocation the soft tissues are normal impression no osseous or soft tissue lesion noted mri may be of value blood work taken a year ago was normal images attached,low severity,hi  I have seen the reports you have sent well from the radiological reports it seems that he has got mild osteoarthritis of the joints of the hands which can cause swelling and stiffness of the joints if any other symptoms such as morning stiffness etc are present then it will need treatment otherwise it is nothing serious and can be treated conservatively by simple measures such as taking tablet paracetamol twice daily for three days along with anti inflammatory drugs like diclofenac or etoricoxib for two weeks and avoid weight bearing activities for at least six months do regular exercises for strengthening of the muscles around the affected joints and take proper rest during the day time and night time,3.1823402047157288,2.648890972137451,106,14.13835012326256,0.18348623853211007
what is non alcoholic fatty liver disease,hi I have gone through your reports and your complaints revert back after 15 days to a general practitioner online,hi doctor I am a 30 year old male my weight is 85 keg and my height is 174 am I am non smoker and I do not drink alcohol my problems are gas formation uneasy feeling after meals and lack of energy my bowel does not get cleared properly and I feel too much tired after hard work my heart beat become too fast during this time I also have breathing problems after running I have attached my recent blood test report for your reference please check and help me with your suggestion,medium severity,hello revert back with the reports to a general medicine physician online,3.1823402047157288,1.199900507926941,23,3.319786613852936,0.37499999999999994
I have some sort of allergy on penis head what is it,hi I have read your question and I have also reviewed the images these are most likely warts or condyloma acuminata which is an infection caused by human papilloma virus hav the infection is usually acquired by sexual contact with an infected sexual partner are you sexually active hav infection human papilloma virus genital warts electrocautery or radiofrequency ablation revert back with the detailed history to a dermatologist online,hello doctor I am 31 years old I have two small affected areas on my penis head and it is not going away they get dry as they regrow and sometimes I peel off the dry part using a nail cutter I am really concerned about this it is not smooth as it used to be I am going to attach photos for your reference,medium severity,hi revert back after the investigations to an internal medicine physician online,3.354234516620636,2.077826976776123,86,7.9870939024400345,0.14814814814814817
what does high level of act and cortisol indicate,hi  I have gone through your lab reports I need to know what was the reason and why these tests were done in the first place what were your symptoms and complaints and also why nova ring was started kindly get back with the answers so that I can make the best possible diagnosis for you,hello doctor my act level is 43 and my cortisol level is 23 I am 25 years old and my weight is 237 labs with a height of 4 what could be the problem I am currently under nova ring 3 my and vitamin 50 units once a week,medium severity,hi revert back after the investigations to an endocrinologist online,3.354234516620636,1.961871862411499,58,7.112628473956548,0.09090909090909091
will diabetes during pregnancy affect the baby,hi we are here to help you for further doubts consult an internal medicine physician online,hi doctor my sister is 21 years old with type diabetes when she was 35 weeks pregnant she had a cesarean section delivery the baby heartbeat stopped and they could not get it started the doctors are blaming it to be due to diabetes they said that the baby blood acid was 25 which is five times higher than normal her blood sugar was 25 at the time of delivery because they gave her a glass of orange juice this does not sound right please explain her condition to me,high severity,hello I have gone through all the details you have provided regarding your sister pregnancy history as per the reports there were two major issues one was fetal distress and secondly high maternal blood sugars both these factors can lead to poor outcomes in pregnancy but fortunately in this case the baby survived so we need to focus on what caused the fetal distress first let us discuss about fetal distress if the fetus is having difficulty in breathing then it will cause fetal distress and the most common reason for fetal distress is low oxygen levels in the amniotic fluid and also low oxygen levels in the umbilical cord so in your sister case the problem was with the umbilical cord and not with the amniotic fluid so the cord was compressed leading to reduced flow of oxygen to the fetus and hence fetal distress now coming to the management of fetal distress once the cause has been identified then treatment can be given accordingly in your sister case the doctors did not give any medication to correct the issue they just gave some fluids to increase the blood pressure and keep the mother safe but unfortunately this did not work and the baby died so in summary the cause of fetal distress was compression of the umbilical cord leading to reduced oxygen supply to the fetus and the solution was to avoid further compression of the cord by doing regular monitoring of the,3.354234516620636,0.575854480266571,17,1.7786496988391896,0.030651340996168588
I have back pain tiredness feeling sleepy and foot inflammation what could have caused all these,hi I can understand your concern according to your statement you have been suffering from back pain tiredness more sleepy feeling and inflammation on foot I have gone through your investigations result and found that your vitamin do level is below normal get gamma glutamyl transferase level slightly high hel high dentist lipoprotein level below normal to thyearoglobulin and vldl very density lipoprotein level significantly high ash thyearoid stimulating hormone level normal at the upper limit total leukocyte count with lymphocytes count slightly high eosinophil count are significantly high so your back pain tiredness more sleepy feeling with inflammation of foot may result from vitamin do deficiency clinical features of vitamin do deficiency are repeated infections tiredness back pain depression bone pain muscle pain fatigue delayed wound healing feeling sleepy etc again high to levels may cause abdominal pain loss of appetite nausea or vomiting tiredness fatigue etc your high eosinophil count indicates that you may suffer from allergies as your ash level is normal at a higher limit so you should repeat the thyearoid function test within three months for your vitamin do deficiency you should need more exposure to sunlight for vitamin do synthesis as well as take vitamin do enriched foods and supplements for your high to level you should continue fenofibrate along with omega fatty acid for low hel level and repeat your lipid profile test after three months for your low back pain you can take naproxen with esmoprazole combination with baclofen and calcium supplements,hello doctor I have back pain tiredness more sleepy feeling and inflammation on the foot,medium severity,hi  you seem to be suffering from vitamin b12 deficiency which can cause fatigue weakness numbness tingling and muscle pains it also causes memory loss and forgetfulness so please get yourself checked for vitamin b12 levels if they are low then you will need supplements to correct this meanwhile try to eat foods rich in vitamin b12 like liver fish meat poultry eggs milk cheese etc avoid alcohol smoking and caffeine intake as much as possible take plenty of green leafy vegetables fruits whole grains nuts seeds beans legumes etc do regular exercise like walking jogging cycling swimming brisk walking etc maintain proper posture while sitting standing sleeping lying etc use pillows under head knees and legs when sleeping avoid prolonged sitting in one position for long hours,3.354234516620636,2.5961546897888184,287,13.412065198369495,0.12169312169312171
my creatinine level is 1 what medicine should I take to lower it,hello I have seen the reports sent by you your creatinine is 1 which is not very high also your other blood reports are fairly fine but your hba1c glycated hemoglobin is high it should be below your diabetes is not under adequate control other parameters like calcium sodium and potassium are fine you are presently suffering from diabetes and hypertension related chronic kidney disease your treatment should include adequate control of diabetes and hypertension proper exercise and lifestyle changes no smoking and alcohol fluid intake should be 500 my more than the total urine output diabetic renal diet is very important can consult a dietician for proper diabetic renal diet other antihypertensives lasik and insulin to be continued as it is cremaffin will not help in reducing creatinine as it is chronic kidney disease it is irreversible and your goal should be only to prevent progression by strict diet and medicines,hi doctor I have hypertension and diabetes for 25 years I am taking 250 units of insulin for six years gor 20 creatinine is 1 should I take cremaffin to reduce the creatinine I am taking ten 100 telmisartan 80 benina 8mg I had edema in legs and started lasik 120 my and pyloric 500 my weight had gone up suddenly by 10 keg I weigh about 100 keg I had a kidney stone of 15 my six years back and now it is my suddenly my weight increased and so the be I was taking amlodipine but now changed to benina my,medium severity,hello I can understand your concern according to your statement you are having hypertension and diabetes mellitus since two decades and on regular medications also you are having edema which may be due to fluid retention as well as protein loss from kidneys this edema could be due to any cause like heart failure liver disease etc if there is no history of recent infection or fever then we need to rule out renal causes for edema first thing is to check serum urea and electrolytes levels and urine routine and culture sensitivity test these tests will help us to find out the cause for edema secondly we need to do ultrasound abdomen and pelvis to look for any stones or other abnormalities thirdly we need to do blood investigations like complete hemogram cop reactive protein abc fasting lipid profile and hba1c glycated hemoglobin levels to see if there is any abnormality in blood sugar levels lastly we need to get your creatinine levels done again after three months time to see whether there is any improvement in your condition or not regarding your creatinine level of 1 it is within normal limits and nothing to worry about it cremaffin is a diuretic drug which helps to decrease the edema but it has some side effects like dizziness headache nausea vomiting etc so you can use it under,3.354234516620636,2.6956586837768555,175,14.815274120796895,0.15263157894736842
I get white discharge in both nipples with small blisters and they are sore to touch,hi I see that you are worried about discharge from both your breasts and you are telling it has blister like appearance white discharge with blister like appearance and sore to touch generally points towards an infection but an infection occurring simultaneously in both breasts at the same time is very rare another possibility is that milk secretion from both breasts which you might think as white discharge do not doubt there are certain conditions where there can be milk secretion even without pregnancy and birth which occurs due to hormone disturbances need some more information too do you have a fever how are your menstrual cycles is it regular is the flow high do you feel any small lump behind the nipples do you take medicines for any other problem do not mistake me but your problem needs a direct clinical examination to visualize the breast discharge and to see if there are any lumps behind the nipples you would not be comfortable to post pictures of your discharge and blisters so I would recommend you to visit a doctor in person and have yourself examined meanwhile do the investigations I have advised and try the medicines given below hypothyearoidism hyperprolactinemia breast infection galactorrhea tablet amoxicillin clavulanic acid 625 my twice daily after food for five days tablet aceclofenac serratiopeptidase two tablets twice daily after food for three days avoid wearing tight vests and too much sweating,hello doctor I am 17 years old and have a little bit of white nipple discharge in both breasts but one has it a little worse and the skin on my nipple appears to be white and has little blisters on it does not really itch or anything but it is sore to the touch,medium severity,hi I can understand your concern according to your statement you have some nipple discharge which is white in color and there are blisters over the breast area this type of discharge may occur due to infection or inflammation of the mammary glands also known as mastitis if you do not have any fever then it is probably due to bacterial infection and will require antibiotics treatment however if you have fever along with other symptoms like chills nausea vomiting etc then it could be due to fungal infection and will need antifungal medication meanwhile please take tablet augmenting 625 twice daily after food for five days and tablet cefuroxime twice daily after food for five days avoid wearing tight fitting clothes and bras during the day time drink plenty of water and eat healthy foods like fruits and vegetables try to reduce dairy products from diet because they contain lactose which can cause allergic reactions in some people,3.354234516620636,2.479050874710083,268,11.929936038672542,0.23173803526448364
my estradiol level is low will taking dea help in increasing the same,hello  I saw your concern the normal levels of estradiol in early pregnancy can vary from 188 to 2400 pmol similarly progesterone can vary from 12 to 90 nmol hug human chorionic gonadotropin has doubled which happens only in a healthy growing fetus with good trophoblastic activity do not worry much about estradiol it has no big significance in treating previous early miscarriages everything looks normal continue progesterone for gluteal support and prenatal vitamins as prescribed above all stay positive and confident,hello doctor I had a miscarriage two months ago resulting in a dand at 10 weeks I am now pregnant weeks and days and taking 400 my progesterone suppositories once per day due to low progesterone levels both in the last pregnancy and in the weeks leading up to the confirmation of this pregnancy however my doctor has told me that my estradiol is very low and that is concerning me my results so far 14 do hug 69 l progesterone nmol estradiol 20 pmol two days later 16dpo yesterday hug 129 l progesterone 75 nmol estradiol 239 pmol is my pregnancy doomed because of my very low estradiol I was hoping my doctor would prescribe estrogen medication but he does not seem to think that would be an option why would he decide that do you think estrogen supplementation would help instead he is having me take 25 my daily of dhea do you think this will help and is it safe to take in pregnancy will eating foods high in phytoestrogens g soy help increase my estradiol also do you think my low hug levels are a bad sign at 12dpo they were 15u so they increased rapidly to 69u on day 14 but then slowed a bit to get to 129u on day 16 I am due for another blood test tomorrow I really do not want to lose this pregnancy but these low numbers are making me worry,medium severity,hi I have gone through all the details posted by you as you mentioned that you had a previous miscarriage and current pregnancy is going well there is no need to panic about the present pregnancy if your serum beta hug human chorionic gonadotropin levels are rising steadily and showing good growth pattern then there is nothing to worry about the pregnancy first thing is to check your thyearoid profile and vitamin levels secondly you can start taking tablet medroxyprogesterone acetate 10mg twice daily after food for five days to support the pregnancy thirdly you should continue with the progesterone supplements which are already prescribed by your doctor and fourthly you should avoid any stressful situation during the pregnancy and try to relax yourself as much as possible I hope this helps,3.354234516620636,2.858558177947998,116,17.436368663216225,0.14018691588785046
I weigh around 130 keg with liver enlargement kindly suggest solution,hello I can imagine how upset you must be about your overweight and liver issues well I assume you now have a thorough idea of how this weight bears an impact on your liver and with such amount of weight it is not uncommon to have a fatty liver disease with enlargement of liver size the normal liver size should be no more than 13 am despite the fact you have severe morbid obesity thankfully you deserve a vote of appreciation for struggling so high to reduce your weight by 15 keg this is a good sign by the way I would urge you to continue this in future whatever you were doing for the weight reduction since you did not mention whether you still having alcohol and smoking it is important to know that fatty liver plus alcohol can both damage the liver and the impact is much higher if both risk factors are combined I should strongly recommend you to reduce the alcohol intake if still taking or completely stop it your liver may not be able to tolerate more insult because of alcohol now coming to the numbers which you have shared the spa value more than 12 is suggestive of the development of fibrosis which is not a good sign however this value is often erratic or falsely high if someone has obesity or fat within the liver as may be in your case to confirm whether you have that degree of fibrosis you have to get a liver biopsy which can tell the exact grade of fibrosis and can differentiate whether the insult to your liver is because of alcohol you had in past or because of fat due to obesity the cap value of 353 is suggestive of the amount of fat you have in the liver this can however indirectly confirm the damage to your liver is rather secondary to fat and not due to alcohol but again this has to be confirmed on liver biopsy if you are not inclined to liver biopsy I suggest you to continue with the weight reduction strategy completely avoid alcohol intake and keep monitoring your liver function tests and fibroscan every six months alcohol related liver disease plus obesity and fat induced liver disease complete blood count liver function test hbsag anti hav antibody serum ferritin serum iron total iron binding capacity transferring saturation ash ft3 ft4 serum carbohydrate deficient transferin cdt levels serum albumin total protein and ag ratio serum creatinine bun electrolytes alpha fetoprotein app weight reduction alcohol abstinance follow up after investigation to propose plan of action follow up to provide more information and after investigations or earlier if required,hello doctor I am fat my weight was 130 keg and I reduced 15 keg in five months I was having alcohol and smoking for almost 10 years I had an ultrasound where liver is enlarged more than 20 am and I had a fibroscan as well 353 and 18 median kpa kindly suggest,medium severity,hi I have gone through all the reports you have attached it seems like you have fatty liver disease which can be treated by lifestyle modifications such as avoiding alcohol quitting smoking eating healthy food reducing salt intake regular exercise avoid obesity if any please revert back after three months to a general medicine physician online,3.354234516620636,2.653879165649414,384,14.20905113819032,0.07157057654075547
can a flu shot be given to year old kid as a preventive act from coronavirus,hello I understand your concern yes definitely you should give a shot of flu vaccine which will protect from getting infected it gives protection for a year regarding meeting someone having a fever with international travel history my opinion is you should avoid the meeting and wait at least weeks till no fever and other symptoms,hello doctor I am asking question on behalf of my niece my niece is 8 years old considering the present situation regarding corona virus can we give a flu shot to her irrespective from her normal vaccination schedule also I want to ask you for a suggestion regarding a travel to do and also meeting a person who came from us one of her aunt came from us recently so my sister and my niece were actually planned to meet her but we came to know that she got fever and voting after she came to india but she told that she is doing fine now but we were in dilemma to send my sister and niece to her in this little confusion kind of period where we do not know what decision to make so please suggest which you feel good option,medium severity,hi I understand your concern according to me it would be better if you take some precautionary measures before sending them to their home country first of all wash hands frequently with soap and water especially after using the toilet and before eating food secondly avoid touching eyes nose mouth with unwashed hands thirdly maintain social distancing by keeping at least six feet distance between yourself and others fourthly wear mask when going out fifthly keep hand sanitizer handy sixthly use alcohol based rubs on your skin and wipe down surfaces daily seventhly avoid close contact with people who are sick eighthly stay away from large crowds ninthly avoid touching eyes nose and mouth with unwashed hands tenthly cover coughs and sneezes with flexed elbow and cloth and lastly isolate yourself if you have any symptoms like coughing runny nose sore throat etc I hope this helps,2.1957369446754456,2.885338544845581,57,17.909629782150166,0.13793103448275862
how does epsom salt bath and foam rolling help in relieving muscle soreness,hello muscle soreness or does delayed onset muscle soreness generally occurs if someone does strenuous physical activity in any form strenuous physical activity means when one body is unable to do more physical work but that person pushes his body to do that it can occur within 24 to 72 hours it occurs due to small scale damage in the muscle fibers the best way to get rid of it is to increase any physical activity gradually because it will help in increasing the strength and stamina epsom salt bath massage or sauna etc are helpful in muscle soreness because first they relax the muscles and second they increase the blood flow the clear role of cryotherapy is still not understood I hope this helps,hello doctor how to relieve muscle soreness what works on epsom salt baths foam rolling using a theragun or a similar tool hydrating eating foods that are high in antioxidants sleeping a lot eating foods high in antioxidants cryotherapy active recovery lacrosse ball facial work stretch for each reason can I ask you to explain how exactly that helps the sore muscles what are the signs that your sore muscles are something more serious than just sore muscles anything else you would like to say about doms,low severity,hi  it is good to know that you have asked this question as there are many ways of treating muscle soreness but one thing which we all need to understand is that if you do not take proper rest after doing any exercise then it will lead to further injury and pain so before starting any treatment you should first relax yourself by taking a warm water bath and then start with some light exercises such as walking jogging etc and then apply ice packs over the affected area for five minutes every two hours for three days and then continue with foam rolling and stretching exercises and finally you can use epsom salts in lukewarm water and soak for 15 minutes and repeat this process twice daily for seven days and see the results,2.1957369446754456,2.6312832832336426,137,13.891585307093077,0.12307692307692307
is there any medicine to improve comprehension and memory power,hi I read your query and understand your concerns for further doubts consult a psychiatrist online,hello doctor my doubt is about brain power do people in engineering and other professions require a lot of brain power use mind altering drugs to enable them to compete better are people in these professions just naturally gifted I am talking about the people who build automobile factories aircraft space shuttle and the international space station do such drugs exist to improve comprehension and memory please explain,low severity,hi  you have asked some very good questions regarding the brain power and its enhancement it is true that certain professions like engineers scientists etc need more brainpower but this is because they are required to think logically and solve problems on their own without much help from others so if someone has a natural talent for solving complex problems then he can definitely excel in his profession and be successful in life as well but we cannot say that anyone can become an engineer scientist by using drugs which will enhance his brainpower and logical thinking capabilities drugs may increase one’s performance but it will not change the fact that one needs to work hard and put in efforts to achieve success in life and career also remember that no drug can give you superhuman powers and abilities you can always find ways to improve yourself through proper education and training,2.1957369446754456,0.8007228970527649,17,2.2271503471223872,0.03550295857988166
my doctor advised stopping radiotherapy until the coronavirus pandemic is over what should I do,dear I am sorry for your predicament it is indeed difficult time due to pandemic ideally there should not be any gaps in treatment since gap result in increased chances of disease recurrence I would advise to continue treatment however considering the pandemic the decision to continue radiation is associated with accepting the risk of developing infection with you having do and hen you are at a higher risk from getting infected please discuss this with your treating radiation oncologist every hospital has some policies example in my hospital we are continuing the existing patients but not starting any new patient I hope I am helpful kindly revert in case of any further queries regards,hi doctor good evening I had tumor in uterus was admitted in hospital last month and successfully uterus fallopian tube lymph nodes all were removed biopsy report came after a week it says tumor involving more than 50 of thickness of the myometrium lymphovascular space invasion present fig stage I doctor advised for imrt and we completed 12 days but now due to pandemic situation doc advised her not to come hospital doc advised we can finish the next 13 days sitting once this pandemic is over I am worried if we stop inbetween will it impact in later stage because I am diabetic and having be can you please give me the clear direction should I continue the imrt or considering the current situation should I stop for a while,high severity,hello I understand your concern as per your history you have been diagnosed with uterine cancer and underwent surgery and chemotherapy also there is no evidence of recurrence so far however during the pandemic doctors advise people to stay at home and avoid going out which is very difficult for patients who need regular follow up and treatment so yes you can wait till the pandemic ends and then start again if you want to stop the treatment right away then you can go ahead with the remaining sessions of radiation therapy and then get back to us after the pandemic ends and then complete the remaining sessions of radiation therapy meanwhile you can take tablet goserelin depot every three months for one year to prevent any future recurrence of the disease,2.1957369446754456,3.022515296936035,119,20.542898243082977,0.16194331983805668
why do I get pain during sex,hi how are you doing hope you and your dear ones are safe and healthy from your history I gather that you have two problems delayed period and lower abdominal pain and cramps for the delayed period I see your body weight could be a reason with a height of 152 am your expected weight is 52 keg the extra fat cholesterol can get converted into hormones and cause an imbalance of hormones needed for normal ovulation thus due to impaired ovulation period will be delayed on and off at present to have period take any of the birth control pills packet of 21 pills ones used for contraception twice daily for 10 days no matter what the reason is you will have periods within 10 days after the last pill through good dieting not fasting and proper work out reduce your weight loss of just keg is enough to correct hormone imbalance about pain in the lower abdominal area and during sex there could be two reasons a pelvic infection in and around the uterus infections enter with semen symptoms are vaginal dryness during sex burning sensation in vagina after sex pain throughout which increases around the time of ejaculation following day excessive vaginal discharge with or without itching and foul smell similar discharge just before period blood is darker thicker and stickier mild feverish feel before period cramping pains just before period if this is the case avoid sex meet your doctor at leisure both you and your partner should have a good course of antibiotics it will get fully resolved endometriosis due to blood causing adhesive areas around uterus increasing over the months and years but I do not think you could be having this both these need medical help you can solve the issue of period with the pills I hope this helps,hello doctor I have not had my period for days I have taken four tests and all negative and I am currently not taking any contraceptives my last period was 12th before two months and since having my daughter I have experienced really bad pain during intercourse to the point I have had to tell my husband we have to stop because I start crying I get random cramping pains in my pelvis area and back pain both really sharp I have also got pain in my upper butt area that makes it painful to walk or sit down,medium severity,hi I can understand how you must be upset about this problem as you said you have been experiencing severe pain while having sex and even after stopping using contraception there has been no change in your symptoms so what I would like to know from you is whether you have been tested for sexually transmitted diseases if yes then please send me the reports of those tests and if not then kindly test yourself for chlamydia gonorrhea herpes human papillomavirus hepatitis virus hiv and viral hepatitis if these tests are positive then you need treatment for further details consult an obstetrician and gynaecologist online,2.1957369446754456,3.246173143386841,332,25.691832591249764,0.10679611650485438
I have crohn disease for a long period will it cause ed and pe,hello you have mentioned ed erectile dysfunction and pe premature ejaculation no details of medications tried so far can you elaborate on this testosterone only indicates sexual drive which you have not mentioned as a problem so that being normal rules out nothing there are no tests for ed and pe specifically history is key better to discuss in person immunosuppressive medications do not generally cause ed or pe you have not mentioned any reason or symptoms for checking semen culture in the absence of any such factors these semen tests can simply be a contaminant even if you have prostatitis it is not likely to cause ed or pe no need to treat semen culture unless you are symptomatic or in other words it will not help have you checked fasting glucose lipids and thyearoid function in the absence of any such symptoms this is likely to be psychogenic especially because of age please check the blood tests as above reassurance correct the factors if abnormal in the mentioned tests need a face to face audio conversation to understand the issues in more detail,hello doctor I am a 29 year old male and I am diagnosed with crohn disease before years and was taking immuran 150 my day and diagnosed with streptococcus after semen culture at the beginning of this year my main concern is ed and pe but the testosterone level is within the normal range I want to know whether my problem is urology or neurology,medium severity,hi I can understand your concern according to your statement you had been suffering from crohn disease since many years now and also you were having streptococcus infection which has been treated by antibiotics so there is no need to worry about these two things as they are not related to each other regarding ed and pe ed stands for erectile dysfunction while pe stands for premature ejaculation both of them are common problems in men who suffer from crohn disease however if you do not have any symptoms then there is nothing to worry about otherwise please consult a nearby urologist for further evaluation and treatment,2.1957369446754456,3.139061450958252,198,23.082192919239823,0.1643835616438356
accidentally I ate a small piece of paper what to do now,hi I can realize the sensitivity of the issues you have right now but do not worry as there is nothing that cannot be managed for further information consult an internal medicine physician online,hi doctor I accidentally ate a small piece of paper last night I drank plenty of water and also ate normal food but still I can feel it what to do,low severity,hello  you have eaten a small piece of paper which has gone down into your stomach this will pass out within two to three days without any treatment if there is no pain or vomiting then nothing needs to be done otherwise please visit a nearby doctor and get examined he may prescribe some medicines for constipation and pain if needed,2.1957369446754456,2.0162243843078613,35,7.509916778635061,0.1473684210526316
ultrasound report of an 82 year old woman suggest gallbladder extension what should be done,hi I have read through your query in detail please find my observations below the gall bladder is a bag like organ adjacent to the liver where bile gets collected when we eat food at that time the bile is released from the gall bladder into the small intestine the patient has the formation of sludge within the gall bladder this happens when the person does not have food on time and does regular fasting it might also happen in those who take a lot of oily food what happens is that the bile acids cannot get expelled because the person does not eat food regularly if the bile stays in the gall bladder for longer periods then there is sedimentation and the bile solidifies into a semisolid consistency called gallbladder sludge after a few weeks and if not treated then the sludge will transform into stone pantodac is a medicine to reduce acid formation in the stomach and treat gastritis ulysses 150 is ursodeoxycholic acid and is given to dissolve the gall bladder sludge and prevent stone formation please get liver function test repeated every two months if she is given this medicine for a longer duration please continue giving the medicines as recommended by your doctor most important is to make her eat in small amounts of food at regular intervals since she is elderly therefore the food should be prepared with less oil and made easily digestible also give her adequate amounts of water and fresh juices,hello doctor patient is an 82 year old female ultrasound report says sludge with the distended gall bladder ongoing medicines pantodac ulysses 150 what to do,medium severity,hi I have gone through the reports you have attached it seems like there is some stones in her gall bladder which needs to be removed by surgery called cholecystectomy if she has any symptoms such as pain bloating nausea vomiting then she can go for laparoscopic cholecystectomy but if no symptoms then she can wait for years and get treated with medicine however if she gets symptoms then she will need surgery because stones in gall bladder can cause pancreatitis which is inflammation of pancreas and can lead to serious complications including death so please let me know about her symptoms and whether she wants to undergo surgery or not,2.1957369446754456,2.248795986175537,276,9.476319345434307,0.14404432132963987
what is the best treatment for psoriasis,hello I saw your photograph you are having psoriasis and I would like to tell you about your disease psoriasis is a relapsing condition and usually exacerbates in winters it will not spread to other people by touching it will not affect your internal organs it is treatable but not curable it will get cleared but can reappear nothing to worry about it as it is in limited area only application of topical steroids will suffice but if there is more body involvement then we will start oral medicines presently I am prescribing your treatment and you can review in 20 days papulosquamous inflammatory disorder liver function test and complete blood count chronic plaque psoriasis topical clobetasol propionate ointment for local application in evening tablet levocetirizine my evening conut oil for local application in evening and morning use oil or moisturizer keep skin supple review after 20 days,hello doctor I am suffering with psoriasis please suggest treatment,medium severity,hi  psoriasis can be treated by topical creams oral medications light therapy and biologic agents you need to consult a dermatologist for proper evaluation and treatment plan he will prescribe the right medication based on the severity of disease and body parts affected if it is mild then topical steroids and moisturizers will be sufficient but if it is severe then oral medications like methotrexate or biologics will be required also you should avoid stress and take healthy diet and regular exercise to improve your immunity and skin condition,3.305427670478821,2.5011067390441895,179,12.195984266172285,0.1772151898734177
I had a scab fall off from hair transplanted site is this due to hair transplant failure,hi hair transplant failure or success is evident within four weeks the follicles which have been implanted into our skin of the scalp would die initially within two weeks or they lead to the growth of the good hair after that you massage it or do anything it will not have any effect on the hair transplant because the hair follicle by that time would have established at that place as the original ones so the effect of rubbing friction or any disease will be the same whether transplanted or not so I do not think you need to worry about that but what you should worry is that there is not any other infection like fungus on this lesion which I can see on your head if there is anything itch or burning and the lesion is expanding kindly tell me with a clear photograph of the skin of the forehead regarding hair transplant it is successful you need not worry about it I hope this helps,hello doctor I underwent a hair transplant before three months I might not be sure but I may have roughly massaged my head or while wearing shirts a scab fells off will this result in failed hair transplant,low severity,hi  it is unlikely to be a failure of the procedure as you did not mention any other symptoms like patchy hair loss etc if there was a problem then it would have been noticed by you during the post operative period so no need to worry about it just wait for some time and see how things go hope this helps,3.305427670478821,2.983171224594116,173,19.75035023473335,0.19999999999999998
I am suffering from sore throat tonsil pain and postnatal drip for three weeks please help,hello I am enabling you a free query so that you can reply back to us,for consecutive three weeks I have been suffering from acute sore throat and swelling and ear heaviness in the first week I took cefixime for six days then I took pulmocef 500 my for with winolap tab and tab dolonex it for days in this week sore throat tonsil pain swelling in throat stiffness of walls of throat post nasal drip I am taking cepodem up with montair fix now for the last three days still I am seeing thick mucus in back of throat as frequent post nasal drip even full swing fan is causing sinus problem now please guide uric acid 81 male 47 years hba1c 3 no diabetes no hen so far,medium severity,hello I can understand you must be very upset about your symptoms but do not worry there are many things which can cause these symptoms like common cold flu allergic rhinitis etc if you will tell me more details about your symptoms like when did they start how long were you feeling feverish any cough any difficulty while breathing any headache any nose block any sneezing any watering eyes any redness in eyes any itching in eyes any vomiting any diarrhea any abdominal pain any nausea any loss of weight any other symptoms like chest pain shortness of breath etc we can find out what is the actual cause of your symptoms and treat them accordingly I hope this helps,3.305427670478821,3.6962034702301025,17,40.294036092818054,0.07352941176470587
will penis extended cause shortening of size instead of enlarging,hello I want to know the reason for which you are using a penile extender do you have a very decent size why you want to increase it further it is like your height is feet but you want it to be 3 everything you do has got side effects if not done properly can lead to trauma and hence shortening are you diabetic or hypertensive any other chronic illness,hi doctor I have been using high quality highly rated penis extended for two days for hours a day and no for the past three weeks now do these things really work is it possible to experience penis shortening instead of enlarging a month ago I was but now I am almost at,high severity,hello  you can use this product as per instructions if you want to increase your erection duration then you should take tablet before sex for five consecutive days and stop after five days otherwise there will be no effect on your erection duration also you need to maintain good sexual hygiene by washing hands properly before touching any part of body during intercourse and avoid masturbation for one week before having sex because it may affect the performance of penis so please follow all above mentioned points and let me know if you still face problem with erections,3.305427670478821,2.637712001800537,76,13.981178074262838,0.16666666666666666
what is the possible treatment options for acid reflux,hello  the common causes of peptic ulcer disease are pyloric infection non asteroidal antiinflammatory drugs nsaids drugs other than nsaids such as tetracycline iron tablets potassium supplements and bisphosphonates zollinger ellison syndrome and carcinoid tumors the treatment is according to the cause for pyloric the treatment is combination antibiotic therapies including amoxicillin clarithromycin levofloxacin and metronidazole adopted in different first and second line therapy the world common treatment is clarithromycin based triple regimen including amoxicillin go twice daily for 14 days plus clarithromycin 500 my twice daily for 14 days plus any acid suppressant such as omeprazole 40 my once daily for six weeks this is the first line therapy there is a long list of second and third line rescue therapies for pyloric infection treatment for nsaids is simply stopping the medicine and due course of omeprazole for weeks the treatment of the rest of the above condition is variable which could not fit in this single page answer I hope this helps,hi doctor I want to inquire what are the causes and possible treatment for acid reflux,medium severity,hello  I have gone through your query and understand your concerns revert back after three weeks to an internal medicine physician online,3.305427670478821,2.342416524887085,225,10.406353414770741,0.043010752688172046
my diabetic father had mild stroke with be reading of 140 80 mhg does emergency treatment needed,hello regarding your concern I would like to explain that his blood pressure values are normal I would like to know his symptoms did he perform a brain it scan as he suffers from diabetes the most probable cause would be an ischemic stroke blood clot for this reason besides antihypertensive drugs antidiabetic drugs it is necessary taking baby aspirin 80 100mg daily in order to help prevent a future stroke I hope this helps,hi doctor my father is 63 years old he suffered from a mild stroke yesterday and we would like to seek the second opinion on the proper treatment for his case he was given catapres to lower his blood pressure and was asked to continue taking his maintenance medicines for hypertension losartan his latest be taken just a while ago is 140 80 mhg we would also like to ask for guidance whether this warrants a trip to the er since the hospitals are now full of confirmed and suspected couid patients we are concerned that going to the hospital may be more detrimental to his health please help,medium severity,hello I have gone through all the details you have provided it seems that your father has been diagnosed with diabetes mellitus type 2 and hypertension as well he has been prescribed some medications for these conditions however there are certain things which need to be clarified before coming to any conclusion about further management of his condition first of all let me tell you that if he has already undergone a stroke then he needs to be evaluated by a neurologist who will decide what kind of follow up therapy he requires next step is to evaluate him for heart disease too because both these conditions can lead to strokes so get an egg electrocardiogram done along with echocardiography and chest ray to rule out any cardiac cause for the stroke if everything is fine then he should be started on antihypertensive drugs such as losartan and calcium channel blockers like felodipine or nifedipine to control his blood pressure and avoid further strokes meanwhile he should take tablet metoprolol 5 my once daily at bedtime for six months and add telmisartan 40 my twice daily after breakfast and dinner for life he should also start on statin drugs such as rosuvastatin 10 my once daily for life to prevent future strokes and coronary artery disease he should,3.305427670478821,2.412292003631592,90,11.159509491711058,0.13651877133105803
lost weight with some muscle mass but chest ray and us are normal am I having cancer,hello  how much weight exactly did you lose since when you are having symptoms if we consider there is significant weight loss then other specific symptoms are expected with malignancies like constipation or diarrhea malena or symptoms pertaining to other systems if we consider issues elsewhere in the body also ultrasound would have shown some mass although ultrasound may miss the tumor in early stages since you are having significant weight loss and long duration of symptoms tumor would be beyond the early stage and the probability of malignancy is less at this age group but we are not comfortable unless we find some alternative causes like gastric issues like chronic gastritis diet changes frequent indigestion or any other changes or factors which could explain weight loss if it is significant if there is any addiction like smoking alcohol or drugs it should be reduced you may have antacids like capsule cyeara or pan der pantoprazole for a few days if you have any gastric symptoms like bloating burping upper abdominal pain or heartburn I guess the doctor must have examined you for lymph nodes in the neck and femoral region I hope this helps,hello doctor I lost a lot of weight fat and a bit of muscle loss with abdominal pain and bluntness I also am stressed and anxious about it I had blood work done with ultrasound and chest ray also I had urine examined for blood and everything came back great no problems in those areas because of the coronavirus colonoscopies and gastroenterology are not available if I had colon cancer or tumor or something serious will the blood and ultrasound show that something is not right I am currently on cirpaex 10 my,medium severity,hi I have gone through all the details you have mentioned as per your history there seems to be a possibility of malnutrition due to stress and anxiety which can lead to weight loss and fatigue however we need to rule out other causes like chronic disease malignancy etc so please get following investigations done abc complete blood count serum electrolytes ash thyearoid stimulating hormone fasting lipid profile liver function test renal function test cop reactive protein hba1c glycated hemoglobin stool examination for ova and parasites stool for occult blood endoscopy colonoscopy follow up after investigation,3.305427670478821,3.054023504257202,215,21.200473243961785,0.09621993127147765
please evaluate my prostate spa biomarker test for any abnormality,hi let me tell you your reports are absolutely fine this ratio has got significance only when your total spa prostate specific antigen level is out of normal range you can repeat this test annually no intervention is required right now some of my questions are why did you get spa done as it is not indicated at 31 years of age do you have any urinary complaints frequency urgency poor stream nocturia dribbling etc do you have any previous episodes of ti urinary tract infection are you diabetic or hypertensive or on any medications,hello doctor I need a urologist to look at my labs I also have prostate spa biomarkers like total spa free spa and prostate specific antigen free ratio,medium severity,hi  you can send me all reports so that I can see them and tell you what they mean,3.305427670478821,2.5502004623413086,101,12.809671382017578,0.08771929824561403
I have tinnitus small bursts of light and burning at the back of throat are these signs of brain tumor,hi so the problem here is right ear tinnitus regarding this I need to know is there hearing difficulty in the right ear what type of tinnitus swishing or continuous how long it lasts is there any vertigo associated with tinnitus is there any discharge or fullness of the right ear regarding bursts of light which eye single eye or both eyes at the same time of tinnitus or at a different time are flashes colored or black or white is burning on the back of tongue one sided or both sided is there any redness on the tongue is there coarseness of voice or throat pain please answer all these questions,hello doctor I am a 30 year old healthy woman I am diagnosed with anxiety disorder 10 years ago for the past year I have been experiencing crippling health anxiety I have experienced a number of frightening symptoms including brain zaps weakness in legs body twitching dizziness etc last year I had a it scan and mri of the head and neck I consulted with a family doctor and neurologist terrified of is all scans came back clear my doctor said this was all a result of my anxiety and also said he thought I was suffering from herd or acid reflux I felt better for some time but for the past two weeks I started experiencing very strange symptoms that I have never before felt in my life I get on and off tinnitus in my right ear seeing small bursts of light once or twice a day and feeling of spice burning in the back of my tongue while eating bland nonspicy food I have called my optometrist who did a full workup less than a year ago I have 20 vision and no eye conditions I explained the small bursts of light and he was not too worried and simply told me to keep track and let him know if they are increasing so far they are not but these small bursts of light coupled with the tinnitus and also the tongue burning sensation has absolutely terrified me I am terrified I have a tumor or brain cancer this fear is crippling me and I can hardly think straight should I be concerned I am on the verge of running to the er every night and begging for a it scan please help,high severity,hi I understand how you must feel about your condition as you mentioned you were previously diagnosed with anxiety and now you are having new symptoms which are causing panic attack I would like to assure you that there is nothing to worry about your symptoms are due to anxiety and stress related issues and not because of any physical problem regarding tinnitus it is usually caused by high blood pressure and stress related problems regarding burning sensation in the tongue it could be due to dry mouth or dehydration regarding the small bursts of light it may be due to migraine headaches or other neurological disorders however I want to tell you that we need to rule out any serious cause first before concluding that it is just due to anxiety and stress related issues I recommend you to undergo following investigations to rule out any serious cause for your symptoms it will take few days to complete the investigation and then we will discuss further regarding treatment plan for your symptoms,3.3519481420516968,2.6277353763580322,123,13.842386583921009,0.11929824561403507
what is the right dose of pregabalin in fibromyalgia,hi for further clarification consult a rheumatologist online,hello doctor my sister takes 25 my pregabalin for fibromyalgia at am but it is not giving any relief from pain she has severe back pain we tried another 150 my at 10 am and the pain reduced fairly what is the right dose and at what time it should be given I am attaching her medicine list for your reference her vitamin is no my please guide,low severity,hi I have gone through all the details you have mentioned regarding your sister and also attached medicines list as well so first of all let me tell you that there is no specific dose of pregabalin which can be prescribed for fibromyalgia patients however if you are taking 25 my then it will be sufficient for her since she is already on other medications like tramadol and paracetamol so do not increase the dose further now coming to when to take pregabalin this drug is usually taken once daily after meals and before sleeping hours so you can take it at bedtime or just before going to bed if you want to avoid drowsiness during daytime then you can take it in morning or afternoon however if you need to continue pregabalin throughout the day then you can take it in the evening or night time so that you can get adequate sleep and rest during the day time if you are having trouble falling asleep due to pregabalin then you can try reducing its dosage by half and see how much effect it gives you hope this helps,3.3519481420516968,1.0867749452590942,11,2.964697326929672,0.030303030303030304
I am getting periods only with medication why,hello revert back with the detailed history to an obstetrician and gynaecologist online,hi doctor I am a 23 year old girl I am suffering from irregular periods for the last two years with medication period occurs but the problem persists when the medicine is discontinued I had my last periods two months back tests done for ash and pelvic ultrasound done please guide,medium severity,hello  you have been having irregular cycles since two years now it can be due to hormonal imbalance which needs to be treated properly if there is any other reason like uterine polyps fibroid etc then need to be ruled out by doing some investigations meanwhile try to take tablet ovral once daily before morning for seven days this will help to regulate your cycle and also reduce acne and hair growth if you do not want to use oral contraceptive pills then you can go for injection medroxyprogesterone acetate 500 my every month for three consecutive months this will help to regulate your cycle and also reduce acne and hair growth if you do not want to inject then you can go for medicines like tranexamic acid 100 my twice daily for five days and ethinyl estradiol 10 my twice daily for five days this will help to regulate your cycle and also reduce acne and hair growth if you do not want to take these medicines then you can go for tablets like goserelin depot 60 my every three months for six months this will help to regulate your cycle and also reduce acne and hair growth if you do not want to take these medicines then you can go for medicines like clomifene citrate 50 my twice,3.3519481420516968,0.5706146359443665,19,1.7693542259968416,0.02575107296137339
my wife has chest infection along with fever cough and vomiting please help,hello I can understand your concern according to your statement your wife has been suffering from chest infection fever and cough with vomiting does she have a history of repeated chest infections you have not mentioned the duration here please provide the history of allergy previous disease medications environment family childhood acid reflux etc she may be suffering from chronic cough followed by vomiting so she have to undergo car chest ray abc complete blood count ear erythrocyte sedimentation rate he circulating eosinophil skin prick test last test reversibility test etc reversibility test is done to determine the presence of asthma she can take broad spectrum anbiotic like azithromycin nebulization with salbutamol inhaler fexofenadine montelukast and antiemetic medications,hello doctor my wife is suffering from chest infection she is also having cough vomiting and fever every time after getting diagnosed with chest infection please suggest,medium severity,hi I have gone through her reports it seems like she has bronchitis with mild pneumonia as per her symptoms and investigations she needs to be treated with antibiotics and antiallergics if there is any allergy to any of these medications then we need to change them accordingly you can give her tablet azithromycin 500 my twice daily for five days and levocetirizine 10 my once daily for three days this will help to reduce the symptoms and get better soon hope this helps bronchitis with mild pneumonia,3.3519481420516968,2.6728737354278564,148,14.481525526204258,0.10679611650485436
does painless pea size lymph nodes under jawline points hiv inspire of negative hiv tests,hi I have gone through the details and reports the chances of transmission of hiv by unprotected intercourse with an hiv positive person is very low 200 to 100 if protected it is nil chances of transmission by oral sex are almost nil unless there are bleeding wounds in both the risk is nil if hiv antibodies tests are negative after three months and are repeatedly negative until nine months it is conclusive that you are free from hiv you can allay fears of hiv totally there is no need for further hiv tests other studs too are negative the symptoms are nonspecific and do not suggest hiv the lymph nodes swellings may be due to simple respiratory infection or tonsillitis antibodies are formed by two to six weeks latest by three months in the very rarest of rare cases who has immunosuppressive disease it may be positive by six months they have severe symptoms and signs of immunosuppression since childhood you need not worry about such issues forget the episode and lead a normal life,hello doctor I had oral sex before months I did the following tests hiv combo ith generation mia during and ord ith and ith month after exposure all results are negative hiv combo ith generation and elisa during ith month all results are negative hiv test from ictc center in general medical college hospital in the ninth month with a negative result sad tests are also done hav on ninth month by elisa method now months have passed and I have lymph node under the jawline on both sides both lymph nodes are equal in size as that of green peas it is moving but I do not have any pain is it lymph node do in normal body is there such type of lymph nodes present or is this symptom of hiv is this a serious condition I am 32 years old with good health I have attached all my reports please provide information on what is my status should I need to test more or not what is the size of the lymph node in the normal body under the jaw line some say that hiv test may take nine months in some cases what are they sometimes I feel muscle pain and some mouth infection is ti sign of hiv as per naco there may be very rare chance of some persons to show positive after nine months who are they,medium severity,hi I can understand your concern according to your statement you were exposed to hiv through oral sex and tested negative at different times so you are safe from hiv infection if you are worried about other infections like hepatitis virus then you can get tested for them meanwhile you can follow these precautions to avoid further infection use condoms while having sexual intercourse maintain proper hygiene of hands and utensils drink plenty of water eat healthy food and exercise regularly if you still have doubts consult a nearby hiv aids specialist online,3.3519481420516968,2.7541098594665527,202,15.707053193505134,0.15613382899628253
please give a second opinion regarding my knee surgery,hello revert back with reports and more detailed history to an orthopaedician and traumatologist online,hi doctor I am a 31 year old female when I met with an accident before six years my left leg below knee got injured and the doctors has done wrong surgery please help me,medium severity,hello revert back after the reports to an orthopaedician and traumatologist online,3.3519481420516968,0.9940656423568726,20,2.702198341695905,0.7407407407407408
will protein in urine lead to pain in pubic area,hello well the presence of proteins in urine is not a good sign let me explain to you in simple words that why it is not a good sign the whole of the blood in our body flows through both the kidneys in our body and kidney functions as a filter the harmful substances and toxic molecules are taken up by the kidneys and are excreted out of the body via urine proteins are very essential for our body and proteins are big molecules in size so they do not pass through the small filtering mechanism of the kidneys so the filtering mechanism of the kidneys is such that it allows toxic molecules to pass through the filter but does not allow substances to filter out which are essential for our body but when the filtering mechanism of kidneys is damaged due to some underlying disease then the proteins also start leaking out so if there are proteins present in the urine that means that the kidneys are not functioning normally so I would advise you to get the following tests done so that I can do a detailed evaluation of your reports to make a precise diagnosis and find out the reason which is damaging your kidneys so please get these tests done complete hemogram let liver function tests kit kidney function tests blood sugar fasting and postprandial ultrasound rub kidney ureter and bladder region get your blood pressure checked once you get these tests done kindly send me a scanned copy of your reports for evaluation and please do not get panic everything shall be fine,hello doctor I have pain in the pubic area urine test revealed protein in the urine but there is no pain while urinating but I get pain only when I touch the area I am just getting sick and wondering what it might be,medium severity,hi  you need to do some investigations before coming to any conclusion about your problem if you can upload the reports of your previous tests then it would be better for me to guide you further regarding your symptoms the most common cause of proteinuria is urinary tract infection which may present as burning micturation frequency urgency etc so please get yourself examined by a urologist and get your urine routine examination ultrasound abdomen and pelvis done meanwhile take tablet augmenting 625 my twice daily after food for five days and tablet ciprofloxacin 500 my once daily before meals for five days drink plenty of water avoid spicy foods and alcohol,3.3519481420516968,2.2193350791931152,276,9.201210754933694,0.10554089709762533
my ray shows discontinuity in medial tubercle of talus please suggest treatment options,hello looking into your ray pictures and reading your problem I got to know about linear undisplaced fracture of the talus we need to understand the function of the talus bone and its role in the movement of ankle and foot it is between the leg and the foot so that bodyweight may be transferred from the ankle to the leg helping to walk while maintaining balance the bone also helps in the movements of the ankle and together with the calcaneus facilitates the movements of the foot it has already been I think more than 15 days have to outcast or do immobilization of foot it is needed to immobilize the foot and take some medicine if you have swelling of moderate type then put splint for 10 14 days and convert to cast then we need to do check an ray around in four weeks and then in six weeks and see the final callus formation and healing,hello doctor I am 24 years old last month I had a motorcycle accident I did an ray and it is written in the result as there are bone discontinuity seen in the medial tubercle of the talus of the calcaneus such can represent an incomplete linear fracture no osseous reaction or radiopaque foreign body noted in the projection taken boehler angle 42 what are the best over the counter medicines for my fracture,medium severity,hi I have gone through your query and reviewed the attached images you have mentioned that you have undergone a trauma due to which you have got a fracture at the medial part of talus so first of all we need to know whether this is a simple fracture or comminuted fracture if it is a simple then you will be treated by closed reduction followed by plaster fixation but if it is comminuted then open surgery may be required to fix the fracture and remove any fragments that cannot be reduced by closed methods also you should get some blood tests done like abc complete blood count serum calcium vitamin b12 levels serum ferritin level etc to rule out any coagulation disorder or nutritional deficiency which could cause delayed healing of the fracture now coming to the medications for further information consult an orthopaedician and traumatologist online,3.3519481420516968,3.0702123641967773,178,21.546477889649747,0.15584415584415584
do you think that rib or shoulder trauma could be the cause of my nerve problems,"While we cannot provide a specific diagnosis for issues related to do you think that rib or shoulder trauma could be the cause of my nerve problems, we highly recommend that you consult a qualified medical professional for a proper evaluation and personalized advice.",i have had nerve issues for a couple of months such as random stabbing pains loss of sensation heavy limbs and a constant mild pressure in my head with occasional increased pain weeks ago I had shortness of breath a tight chest constant burning sensation in my chest with sharp pains into my back when inhaling deeply the doctor put this down to pleurisy after listening to me breath through a stethoscope but as I had no cough or virus leading up to this it seemed odd the burning sensation and pain when inhaling deeply went after a course of antibiotics but I am still left with nerve issues headache and muscular pain I have recently noticed one of my shoulder blades is far higher than the other in a relaxed standing position and from the front my left rib appears to be further outwards and I would say an inch or so lower do you think it is possible that some sort of rib shoulder trauma could be the culprit of the pleuritic symptoms and nerve problems and what can I do about it if so,medium severity,"While we cannot provide a specific diagnosis for issues related to do you think that rib or shoulder trauma could be the cause of my nerve problems, we highly recommend that you consult a qualified medical professional for a proper evaluation and personalized advice.",1.7639328241348267,0.02469872683286667,47,1.025006267117717,1.0
my year old kid got her nose stitched after an injury what should be done to remove the marks,hi sorry to hear about the injury to your child these injuries lead to permanent scarring if not properly stitched at the initial kindly attach the photo because I have to see whether the bone part is deformed or the cartilage the front part is deformed if deformity is permanent it can be later mended by a plastic surgeon so for that you have to consult a plastic surgeon later on for darkening or minors scar marks I will advise you to use sunscreen like calamine lotion during the daytime vaniza gel polysiloxane and silicone dioxide twice daily over the lesions darkening do recover with time and scars also recover with time but if there is disfiguration of the bone of the cartilage they cannot be cured without intervention by a plastic surgeon I hope this helps,hello doctor my 5 years old child fell down in a deep pit last week and her nose skin is badly injured and cut with bleeding unfortunately due to the recent coronavirus crisis we were unable to find any nose specialist and went to a local hospital where a general practitioner stitches her nose now after a week wounds are almost normal and nose stitches are going to be removed tomorrow but there are dark stitch marks on her nose skin which has totally changed the face shape of our child now how can stick marks permanently be removed from her nose to restore actual previous shape what is the treatment name of this case which doctor or specialist should we consult for the said treatment please guide,low severity,hi I have gone through all the details you have mentioned it seems like she had a nasal fracture and was treated by a general surgeon who did a simple incision and suture procedure if the wound healing is good then no need to worry about the scar formation as they will heal over time and become less visible also do not worry about the color change of the skin as it is just temporary and will fade away within two months so no need to panic about it you can use some topical steroid cream locally twice daily for five days and apply moisturizer over the area to prevent dryness and itching,1.7639328241348267,3.235067367553711,154,25.40808340161703,0.14400000000000002
I am hypochondriac about tourette syndrome how likely will I get it,hello tics are quite common and experienced by many people tics happen more prominently when you are worried and stressed you have been reporting anxiety and particularly worried about tourette's syndrome tourette's syndrome is a severe form of tic disorder where a person has both motor and vocal tics present consistently for more than a year from your description you do not appear to have tourette's syndrome I can understand you are excessively worried about possible tics which is making your anxiety worse it will be helpful to try relaxation strategies to manage anxiety deep breathing techniques and jacobson progressive muscle relaxation exercises will help tics become less when you are less worried if anxiety is getting worse consult a doctor or psychologist for professional support I hope this helps,hello doctor I am a female who is turning 20 years old in two months I was recently diagnosed with high functioning autism after suspecting for two years that I could have that condition I have never had any kind of ticks or repetitive and involuntary movements or sounds when I was 15 I started to become really hypochondriac since I have had anxiety since and tourette syndrome was my nightmare every year I would suspect without symptoms that I was starting to develop it recently I started to get spasm face and legs before falling asleep and those spasms are now in my eyebrows and eyelids as well including during the day my eyes feel like blinking normally once every 10 15 seconds without me controlling it is it possible that I am developing tourette,low severity,hi I can understand you must be very upset about this but there is no need to worry at all tourette syndrome is a rare disorder which occurs due to genetic factors so if you have one parent having tourette then there is a chance of another child also getting it from him or her if both parents have tourette then there is a higher chance of their children also getting it so do not panic just go through some tests and see what is going on with you and take treatment accordingly if you want to know more consult a neurologist online,1.7639328241348267,2.596470355987549,144,13.416299602301724,0.15254237288135591
what are the recommended options for av fistula placement,hi there are three main types of auf arteriovenous fistula the radiocephalic fistula is a forearm fistula created by anastomosing the side of a radial artery to the end of a cephalic vein it is also referred to as the brescia cimino fistula the brachiocephalic fistula is an upper arm fistula created by connecting the side of a brachial artery to the end of a cephalic vein or slightly central to the level of the elbow finally the brachial arterytotransposed basilica vein btb fistula is another upper arm fistula this fistula is created by anastomosing the side of a brachial artery to the end of a basilica vein that has been transposed laterally and elevated superficially to make it amenable to dialysis cannulation other sites could be leg also I advise you to discuss it with your doctor the patient requires dialysis for sure or you can put a central line and replace it every 15 to 20 days but av fistula is the best option,hello doctor this query is for my father in law aged he is 58 years old and is diabetic and currently under medication for be also he has a history of two major heart attacks in the last five years he did not have any major heart issues recently due to extensive amount of medications taken for a long time he started showing signs of high amount of creatinine currently 9 we did a few dialyses now doctors have advised doing an av fistula on his left hand his left hand is partially amputated from a previous septic shock treatment about four years back his right hand is fine but an av fistula there might terribly limit his movements and self care we wanted a medical opinion about where the fistula can be placed or can it be near to chest area as an alternate option,medium severity,hi I understand your concern for further doubts consult a nephrologist online,1.7639328241348267,2.2048795223236084,223,9.069158870847348,0.056179775280898875
for a month I have earache and headache on the same side what to do,hi I hope your doing well I understood your concern regarding headaches I learn that you are having a headache and earache on same side also it is more when you wash your face I like to know the nature of pain whether its electric shock like whether its comes and go or it is dull boring continuous in nature this type of pain mostly due to inflammation in ear or trigeminal nerve pain trigeminal neuralgia if it is associated with light and sound sensitivity it could be due to migraines sometimes ear wax can harden and block the ear canal causing discomfort and itching earache I like to suggest simple antiinflammatory to try first such as paracetamol or ibuprofen you should take them after food further plan if no benefit we should evaluate for trigeminal neuralgia depends upon your symptoms if it is trigeminal neuralgia pregabalin 75 my is or caobamazepin 100 my at night time initially then gradually increasing to times a days both this medication has significant side effects like dizziness and allergic skin rash so it needs to take with a doctor prescription hope this will be helpful regards,ear ache pressure headache on same side pain when I wash that side of my face near my ear for almost a month,medium severity,hello  it seems like you have some infection in the middle ear which can be due to colds or sinusitis if there is no fever then you need not worry about it but if there is fever then you should take antibiotics along with antiallergics also you may require an ear examination by an ent specialist as well as an ultrasound of the ear to confirm the diagnosis and rule out any other cause such as otitis media or cholesteatoma etc please get back after the investigations to let me know the findings and treatment plan will depend upon the investigation results,1.7639328241348267,2.797290802001953,229,16.400155262352474,0.14237288135593218
is it safe to plan for a baby during the ongoing couid 19 pandemic,dear good afternoon coronavirus dont have any known impact on people planning pregnancy however infertility treatment can be deferred for your family I would advice that corona may continue for few more months as claimed by many studies so you may have difficulty in visiting hospital for routine visits if you can wait for more time it will be ideal there are many tests and medical conditions or factors which are required to be paid attention to for planning family you can contact me subsequently for detailed family planning advice plus let me know if I can be of any further help best wishes after days,we are couple married recently we want to plan a baby however due to ongoing couid 19 pandemic can we plan it now is it safe,low severity,hi I understand you have been worried about the current situation of couid 19 but do not worry there are many ways to avoid getting infected by this virus if you follow some precautions like wearing mask covering nose and mouth while going out washing hands frequently before touching any object after using toilet etc then you will be fine as long as you take proper precautionary measures you should also get yourself tested for couid 19 antibodies if you have already had couid 19 infection and if they are positive then you can go ahead with pregnancy planning otherwise you need to wait for another six months until the immunity develops in your body so that you can safely plan for pregnancy,1.7639328241348267,3.416240692138672,109,30.454710917950578,0.13100436681222707
why is there delayed menstruation,hello  the irregular bleeding is also associated with acne and hair growth there are symtomps of hyperandrogenism have you performed a hormonal examination,hi doctor I am 30 years old I am facing delayed menstruation cycles it has been 15 years at the beginning I consulted gynecologists they did ultrasound and there was no cyst doctors said it was because of hormones they prescribed progesterone tablets for days my periods are not regular it varies from 30 45 days sometimes days in last 15 years around 5 times it occurs after 60 days this time it skipped two cycles sometimes I feel pain in legs or back vaginal secretion without any odor it has been 20 days or so that my face is full of pimples even my face is not oily there is no extra hair growth on my face I am sexually inactive,medium severity,hello  you have mentioned that your periods were irregular since five years now but what about your age when do you get periods normally if you are having periods regularly then you should be fine otherwise you need to consult a gynaecologist again and get yourself examined for further evaluation and management,1.7639328241348267,3.3177812099456787,30,27.599046083828146,0.18666666666666668
I behave like a 10 year old kid do I have dyspraxia,hi as discussed earlier there is no doubt about the diagnosis of motor coordination disorder or dyspraxia many of your problems can be explained on the basis of dyspraxia itself and I feel you are right in saying that you have dyspraxia however your current post does not contain any file or attachment for view I request you to attach the file in proper format or possible way so I can see whether there is any structural abnormality I hope this helps,hello doctor I am a 24 year old male my main issue is people say that I behave like a 10 year old boy I think I have dyspraxia I lack gross motor skills I cannot play any sports I cannot drive a car properly people get averted due to my behavior I have bad handwriting and I attempt things in a clumsy way I have an unusual gait so basically I have learning disabilities in everything I have a migraine and bipolar depression too people often tell me that there must be definitely some maturity problem with my brain as I behave very oddly please look for any developmental anomalies in my brain mri or any abnormalities I have attached the file currently I am using htp anti depressant for my mood enhancement,medium severity,hi I can understand how you feel about yourself it is difficult to accept when someone says they act immaturely but we need to remember that everyone has their own unique personality traits which help them to function well in society if you are feeling down sometimes then you should talk to someone close to you who will listen to you and support you kindly share more details about your symptoms such as what kind of activities you find hard to perform and why do you think this happens and whether you have had similar problems before if possible attach all the reports and files you have done so far so that I can see what exactly is wrong with you and guide you accordingly,1.7639328241348267,2.4485087394714355,93,11.571078354185477,0.1642512077294686
I get pain in my right shoulder during sports and weight training will it and rehab help,hi I reviewed your mri report there is a partial thickness tear involving the anterior and mid fibers of the distal supraspinatus tendon over the humerus head and can be seen to be prominent along the burial surface of the tendon there is kicking of the middle glenohumeral ligament and injury of the subscapularis muscle tendon other than the arthrogram contrast there is likely joint effusion and fluid in the axillary recess and superior subscapularis recess I do not find any significant labrum injury there is no significant bone injury please do let me know your doctor suggestion after reviewing the images and their findings,hello doctor I am having pain in my right shoulder probably because of my sporting activities or weight training the doctor ordered an mri and I got it done I want to check if there are any findings,low severity,hi  you have mentioned that you had mri report which shows some findings but as we do not see the actual image so I cannot comment on those findings however from what you have said it seems like you have rotator cuff tear along with bicipital tendonitis and also some degenerative changes in the shoulder joint this all can be treated by conservative management including physical therapy exercises and medications however if these measures fail then surgical intervention may be required please revert back after the reports to an orthopaedician and traumatologist online,3.3790974617004395,2.9021530151367188,130,18.213316732657876,0.1414141414141414
how to cure spinal deformity,hi for further information consult a general practitioner online,hi doctor I would like to know which avenue to go down to treat my issues I believe I have something wrong with my legs which cause my body to strain the first memory I can remember was having very excruciating pain in my legs at night when I was a young teenager as I got older my knees started to ache regularly the impact of walking and running has been very painful I cannot walk up a steep hill or even jog downhill or run without getting shin splints I am getting severe shin and ankle pain for many days even if it is only five minutes of jogging downhill the impact is severe I have tried exercise such as running on a treadmill and then my ankles became very red itchy and visibly swollen I have never had visible calf muscles and I am a thin build I have been active most of my life although I have never been able to build natural muscle in the bottom half of my legs most season of the year I get cold my ankles and feet will stay cold and no blankets or socks can warm them up as the cold feeling is internal in winter it becomes very painful and I become immobile because of the feeling my ankles and feet feel like a bag of ice I have had other problems like pinched nerves in my neck and severe tension headaches after seeing a chiropractor it was visible that my spine has become out of alignment in my neck and in my lower back a bone now protrudes on the left side of my buttocks and has been painful to sit on these problems have existed for a long time and progressed to further issues mentioned no doctor has been able to give me solid advice as there are many factors the doctors have not been patient enough to listen to my issues thank you if you can help me in any way possible,high severity,hello  I understand your concern and I appreciate your efforts to find answers to your queries I have gone through all the details you have provided and I must say that what you are describing seems to be due to some kind of nerve compression this could be due to either disc bulge or spondylolisthesis but before coming to that conclusion I need to know about your age and height so that I can estimate the size of the disc and its pressure on the nerve root I also need to know whether you have any history of smoking or alcohol intake please answer the following questions do you smoke or drink alcohol how tall are you how much weight did you gain during pregnancy if yes how many times were you pregnant how many children did you have if yes how old are they how many children did you have if no how many children did you have if no how many pregnancies did you have if no how many deliveries did you have if no how many births per delivery if no how many deliveries per birth if no how many years since last delivery if no how many months since last delivery if no how many weeks since last delivery if no how many days since last delivery if no how many hours since last delivery if no how many minutes since last delivery if no how many seconds since last delivery if no how many,3.3790974617004395,0.8384208679199219,10,2.312712013972853,0.0
which oil is safe to use,hi for further doubts consult a nutritionist online,hello doctor which oil is safe to use there are many theories and so I am confused some chocolates and snacks have trans fat content as 01 or 02 or oz are they safe to eat do you have any suggestions for chocolates and snacks brands which are healthy without toxic chemicals which is the good time to drink tender conut water without disturbing digestion milk sometimes gives me bloated feel and also triggers bowel movement what is the good alternative to get equivalent calcium I am trying to drink cumin water daily for good digestion is it better to heat it directly in water or powder it and then heat in water latter has any better advantage in terms of nutrition when is it good to drink it,low severity,hi I understand your concern about the oils first let me tell you that all the oils available in the market are made from seeds like sunflower soybean mustard etc these seeds contain high amount of omega fatty acids which are very important for our health but if we consume them raw they can cause problems such as heart diseases cancer and diabetes so we need to process these seeds by pressing them into oil this process removes most of the harmful components and leaves us with a healthier product however there are certain oils which are considered unhealthy because they contain more than one type of fats called saturated fats which are known to increase cholesterol levels and raise blood pressure so the best option here would be to avoid these types of oils and opt for those which are rich in monounsaturated and polyunsaturated fats such as olive oil avocado almond oil etc now coming to the second part of your query yes chocolates and snacks containing trans fats are definitely bad for health trans fats are formed during the processing of food where hydrogen gas is added to vegetable oil to improve its shelf life and prevent rancidity but unfortunately this process increases the level of trans fats in the food products so chocolate bars cookies cakes pastries etc are usually loaded with trans fats so try to avoid these foods and go for whole grain breads fruits vegetables nuts and legumes,3.3790974617004395,0.7797258496284485,10,2.1808742960366057,0.023715415019762844
why am I not getting pregnant even after taking clomid and letrozole treatment,hi as you have taken many treatments but pregnancy is not happening actually I need to see all the investigations before coming to a conclusion but with your history I can say that you can do hysterosalpingography to see the tubes are good or not if not satisfactory then you may require a laparoscopic hysteroscopic examination to see the tubal cyst and endometrial lining there is a history of molar pregnancy so need to do some more test also pregnancy is not a simple process you can consult infertologist with all the previous reports and can continue the treatment many times it takes more time because it is very complicated and the chance of pregnancy is only once in one cycle patience and a positive attitude towards treatment are also as important as the treatment itself,hi doctor I am 31 years old I am trying to conceive for two years and did four comic cycles ovulation happened but no conception then did letrozole cycle and got pregnant but was later diagnosed with molar pregnancy and had and then took a break for six months again did two clomid cycles ovulation happened but no conception now did letrozole cycle but no conception I do not understand what is the reason for no pregnancy my husband did his semen analysis it is 42 normal my hormones tests for fish prolactin was normal and pelvic ultrasounds are normal could you please guide me regarding this I am really upset,medium severity,hello I have gone through all the details posted by you as per your history there seems to be some problem with your ovulatory function which needs to be addressed first before we can start looking at other causes of infertility if you are having regular periods every month then chances of ovulating on time should be good however sometimes hormonal imbalance can cause irregular periods so need to check serum follicle stimulating hormone oh leutinizing hormone levels and estradiol levels also need to look into the cause of irregularity like polycystic ovaries etc if everything looks fine then try to get yourself evaluated for tubal patency test done by hysterosalpingography ultrasound abdomen pelvis and thyearoid profile meanwhile continue using oral contraceptive pills to avoid any complications due to molar pregnancy,3.3790974617004395,2.594478130340576,154,13.389597912873299,0.149812734082397
can an 80 year old undergo surgery for fracture,hello thanks for posting your query along with the ray image for further information consult an orthopaedician and traumatologist online,hi doctor my grandmother is 80 years old her left side is paralyzed she is incapable of holding or carrying any weight or exert pressure by her left arm for more than 15 years now she met with a fracture in the same hand I have attached the ray of her left arm if the fracture and dislocation of elbow remain uncorrected will there be any problem please advice will it fuse or calcify in some position now she is using an arm pouch sling and feeling no pain in her arm,medium severity,hello revert back after the investigations to an orthopaedician and traumatologist online,3.3790974617004395,1.079910397529602,25,2.9444157123236963,0.4375
what causes joint pain with increased crp,hi I have gone through your query your symptoms typically match palindromic rheumatism it is an intermittent form of arthritis that can keep throwing joint pains and swelling intermittently initially cop done during an episode may have been high there is a 50 percent chance that it may become persistent and 50 percent it may remain this way only one test is missing which is an anti cop antibody kindly do that and let me know what it says as for the treatment I would suggest you maintain a diary of attacks if joint swelling is persisting for more than seven days then we need to start treatment or else if it goes off if you do not get another episode for a month then we shall wait hope the information was useful ear anti cop antibody and ana ifa,hello doctor it usually pains in joints and happened for some years now I have shown to various doctors and was told that it is due to a low level of it do and cured by taking regular it do medicines recently I have noticed pains in my joints in leg hand elbow and foot the affected area becomes a little red with swelling and pain I had tested for uric acid and the level is under range though after the uric acid test my doctor suggested avoiding rich protein diet and also drink a lot of water currently I drink liters of water per day since with all this the pain has not completely settled and therefore I have done some more tests cop result 6 normal under and other reports ra quantitative serum and aso are normal with the increase of cop my doctor has suggested consulting rheumatologist for further advice hence I am requesting your advice,medium severity,hi I can understand your concern according to your statement you have been suffering from joint pains for many years and it is getting worse these days so there are two possibilities either it is arthritis or gouty arthritis is a type of arthritis which occurs when the body produces too much uric acid which forms crystals in the joints leading to inflammation and pain in the joints it is common in people who eat foods high in purines such as seafood meat and alcohol but less common in those who follow a vegetarian diet however if you are having gout then you should avoid eating foods containing purines like shellfish fish liver meats etc and drink plenty of fluids to help flush out uric acid from your system uric acid levels may be higher than normal in people who have gout and develop kidney stones uric acid buildup can cause problems outside the joints including eye problems skin rashes and blood disorders uric acid levels are often checked along with blood pressure cholesterol and glucose levels to look for signs of diabetes or heart disease uric acid levels are measured in milligrams per deciliter mgl dl or micrograms per liter mcg l depending on what unit is used in your country uric acid levels vary widely among individuals and even within the same person at different times so it is important to repeat the,3.3790974617004395,3.104299545288086,153,22.29359784930981,0.11733333333333332
us suggests cyst on ovary or hydrosalpinx what does it mean,hello I have gone through your brief clinical history and the images you have provided though I would like you to answer a few more questions so as to provide you better diagnosis and suggest appropriate management are your menses regular is the flow normal heavy or low do you have children normal delivery or cesarean sections any abortion miscarriage or and done any history of urogenital infection or chronic discharge per vaginum now coming onto your query and analysis of the images you have sent first image shows anterverted uterus with a 9 my calcific focus in endometrial region this calcification is most likely due to earlier invective or inflammatory pathology nothing to worry about second image shows minimal amount of clear fluid in the endometrial canal with thin endometrium for ith day of cycle third fourth and fifth images show an oblong soft tissue structure adjacent to the left ovary this could either be part of the bowel or fallopian tube I can differentiate it on a dynamic scan or an ultrasound video rather than a still image the left ovary looks normal with few follicles seen within it no obvious cyst is seen in the image provided also the left tube is not dilated and therefore no hydrosalpinx is seen the last sixth image shows part of normal bowel loop in the right adnexa no right ovary or dilated tube is seen in the image provided I hope this helps invective inflammatory hormonal assays serum fish follicle stimulating hormone oh lutenizing hormone prolactin and androgen levels complete blood count ruined routine and microscope sos pap smear follow up with reports,hello doctor I need a second opinion on my ultrasound result transvaginal ultrasound reveals cyst on ovary or hydrosalpinx ultrasound was done on day of menstrual cycle I stopped taking birth control months ago I am currently not taking any medication perhaps you have another opinion or have other findings thank you,medium severity,hi  I can understand your concern as per your query I would like to inform you that there are two possibilities either ovarian cysts or tubal blockage which may be due to infection or inflammation if you do not have any symptoms then no treatment is required otherwise you should undergo laparoscopic surgery to remove the cyst or tube blocked by infection or inflammation please revert back after the investigation to an obstetrician and gynaecologist online,3.3790974617004395,2.9108755588531494,317,18.372878062763967,0.12034383954154729
I did hiv ran per quantitative test at 69 days which was negative am I risk free,hi  as the test are negative at 69 days so you are free from hiv infection and need not to repeat the test per test is usually not used routinely antigen antibody test can detect almost all cases after weeks if you can tell me about these rapid test for hiv and you have done then I can give more detail which generation test you have tested was it ith generation test ith generation test can pick up more than 95 percent case at weeks and you have tested after 69 days and the results are negative so just relax thanks and regards,hi doctor I had done antibody for hive rapid screening test at 63 days which was negative and then I did hiv ran mealtime per quantitative test at 69 days which was also negative target not detected I heard per is very sensitive and conclusive is that true at 70 days as well should I be concerned or am I risk free although I am having diarrhea from a few days thank you,low severity,hello I have gone through all the details posted by you it seems like you were tested positive on both occasions but there is no need to worry about it because of the following reasons first of all we cannot say that if someone has been tested positive once then he will definitely get infected again so even though you got tested positive twice it means that you must have been exposed to hiv virus earlier and now your body has developed immunity against it secondly the tests used for testing hiv antibodies are highly accurate and reliable and they can detect the presence of antibodies within two weeks after exposure to hiv thirdly the tests used for detecting hiv viral load are highly sensitive and specific and they can detect the presence of hiv virus in blood samples even when the amount of virus present in the blood sample is less than one billionth of its normal level so these tests are highly reliable and accurate and they can detect the presence of hiv infection in the body even when the person may not show any symptoms of hiv infection so do not worry about it just wait for another six months to see whether you develop any symptoms of hiv infection or not if you still want to confirm the status of hiv infection then you can repeat the same test after six months and if you still get positive then you,3.3790974617004395,2.9825217723846436,113,19.73752749046605,0.1440922190201729
I get muscle twitches in my quad and calf muscles often with no pain could this be due to anxiety,hello such muscle twitching can happen in few medical conditions like anxiety motor neuron disease nerve injury benign fasciculation syndrome and hyperthyearoidism if you do not have any weakness or muscle thinning it may be due to anxiety I suggest to observe it get to and ash thyearoid stimulating hormone test if you are anxious you need to overcome that too if it persists then it may need some further investigations,hello doctor I am a 41 year old male who is 10 and in pretty good shape however last week while I was sitting on the couch at night I noticed muscle twitches in my quad muscles I ignored it thinking maybe I walked or exercised more than normal but since then they have not gone away and I notice them in all different parts of my body but mostly the legs calves shins quads of both legs I feel them every few minutes or so while sitting or laying down they are not painful I have not lost any strength while doing pull ups lunges or dumbbell curls I do not drink coffee nor alcohol and I do not take any medicines I took a magnesium supplement for the last few days and it did not help my symptoms I started googling stuff and became very afraid could this be caused by anxiety I did have some restless nights last week please help,low severity,hi I can understand your concern according to your statement you are having twitching of muscles which may be due to many reasons like vitamin deficiency electrolyte imbalance dehydration low blood sugar thyearoid dysfunction etc if these symptoms are present for long time then you should consult a neurologist otherwise you need not worry about it as it is nothing serious and will go within one month or two months avoid stress and tension try to relax yourself and sleep well eat healthy food and drink plenty of water avoid caffeine and alcohol avoid smoking and drinking exercise regularly and maintain proper posture avoid cold drinks and hot foods avoid spicy foods and fried foods avoid eating too much oily foods avoid taking high protein diet avoid excessive salt intake avoid using electric blankets and heating pads use warm water fomentation apply calamine lotion over the affected area massage the affected area with hand avoid wearing tight clothes and shoes wear loose fitting clothes and shoes avoid sleeping on hard beds and pillows avoid watching television computer monitor and mobile phone screens for long hours avoid reading books and newspapers for long hours avoid working under bright lights and strong light exposure avoid using electronic devices for long hours,2.8208426237106323,2.7170097827911377,82,15.134997583204886,0.10714285714285715
I feel soreness in mouth after an episode of fever and flu why,hello according to your statement you got a fever that subsided after two days and then developed flu and mouth sore mouth sore is a common complication of flu again mouth sore may developed by a viral infection like herpes simplex virus most commonly fungal infection nutritional deficiency like iron zinc vitamin b12 etc some medications like corticosteroids chemotherapy sulfa drugs phenytoin etc autoimmune disorders like lichen plans also for your flu like running nose and body ache you can take anti histamine acetamenofen or paracetamol topical antiviral cream vitamins containing b12 with zinc and iron if any complications occur or your symptoms do not subside within seven to ten days inform me as soon as possible I will try to help you further,hi doctor I got a fever last week after two days my fever went and I developed flu today I do not have cough no fever no flu but my mouth is sore why,low severity,hello  it seems you had a viral infection which has now settled down as per your history you can take paracetamol tablet twice daily for three days if there is any pain while chewing food then you should take antacid like pantaprazole once daily before meals for five days meanwhile avoid spicy foods hot drinks cold drinks and milk try to eat small frequent meals instead of large meals,2.8208426237106323,2.6871731281280518,148,14.690090166648604,0.15544041450777202
do you think my head injury is a critical one,hi revert back after a week to a neurologist online,hi doctor my head got injured after some part of a concrete ceiling collapse it scan done and I have attached the reports I was hospitalized three days an ent opinion was taken and also an audiometry was done it showed a minor injury in the right ear and less audibility now I have some pain in the left side of my head ear area and heaviness all around the head please suggest what to do further please check the attached histopathological diagnostic reports,medium severity,hello  I can understand your concern as per your history and investigations there seems to be no major brain injury but if we look at the MRI report then there is a small lesion in the left temporal lobe which may require follow up with neuro surgeon so that he can examine you and decide whether any surgery is required or not regarding the headache and dizziness I would advise you to take tablet amitriptyline 10 my once daily before sleep for two weeks and see how it goes if it improves then continue otherwise stop it and get back to me,2.8208426237106323,0.8765369057655334,13,2.4025649738560624,0.05357142857142857
I have chronic cough and cold with chronic idiopathic pancreatitis please help,hello we are happy to help you I understand that you have these complaints for a few years it most probably is a manifestation of allergic rhinitis the total ice in serum is just an indication of the allergy status at the time of taking the blood sample it is not very significant in allergy practice nevertheless it shows that you have an allergy you need some medicines to keep allergy under wraps and prevent the blockage and cold you also need to find out which allergen is offending and causing the problems the best way to diagnose is getting a skin prick test done at a good allergy diagnostic lab meanwhile you will be benefitted by an antihistaminic with leukotriene inhibitor combination steroid nasal spray and allergen avoidance you would need to be taking these for about two to three months allergen avoidance is the best solution could you provide us more details about the complaints so that we can guide you better is the problem seasonal or perennial does it only occur in the nights when you lie down under the fan or any time of the day does it get worse in winters or when you visit any hill station where do you live do you smoke what is your diet like do you get exposed to vehicular exhaust pollution or smoke and dust of any kind have you tried nasal sprays before is the cough wet or dry is there any breathing difficulty or wheezing is there any change of voice,hello doctor I am a 32 year old male I am having chronic idiopathic pancreatitis I am regularly on anna 2500 three times cretox up three times a day my problem are cold and cough for two years approximately almost four to five days a week even sleeping under the fan my nose gets blocked in the morning and nowadays I feel uncomfortable when dust is around as well did total ice report is quite high please diagnose and suggest medicine,high severity,hi I can understand how you must be feeling about yourself it seems like you are suffering from bronchitis which is common in people who suffer from chronic pancreatitis but there are some other things also which need to be ruled out before coming to this conclusion first of all we should rule out asthma because if you have asthma then you will definitely have difficulty breathing while doing daily activities such as walking climbing stairs etc so do get an abc complete blood count done next we should check for eosinophilic granuloma which is another cause of chronic cough and cold in patients with chronic pancreatitis so get a chest ray done lastly we should check for allergic rhinitis which is very common in our country and causes similar symptoms as mentioned by you so get a nasal endoscopy done and get a skin prick test done to rule out any allergy to certain substances which may be causing these symptoms so after ruling out these conditions we can start treating you accordingly,2.8208426237106323,2.487851619720459,274,12.035391727397107,0.13986013986013984
what do right bundle branch block and mild mitral regurgitation mean,hi could you upload his egg electrocardiogram if it has been taken and also his echo and treadmill results,hello doctor my 18 year old son got an egg and blood tests last month as a requirement for medical screening he jogs every night for 30 minutes he looks healthy we consulted our cardiologist early this month and he requested for ad echo and treadmill stress test unfortunately we were scheduled for a consult but now we have lockdown for couid 19 I hope you can help me understand the condition of my son thank you,low severity,hi I went through his reports it seems like he has some cardiac issues which need further evaluation and management first thing is to rule out any heart disease before starting treatment so please get him examined by a cardiologist if possible get all these investigations done and then discuss with him about the findings and plan accordingly also check his sugar levels and lipid profile too because they may be contributing to his symptoms,2.8208426237106323,2.495511293411255,23,12.127932865778117,0.17021276595744683
my antibiotic course for bursted sebaceous cyst is over what should I do next,hello do not worry I will solve your problem wound healing is a very common problem in diabetic and hypertensive patients even when they are controlled I will advise you treatment with some basic precautions and investigations check your blood sugar levels regularly pus is still present so the antibiotic course is required for further five days I will advise you some dressing spray to heal early wound dressing with removal of pus and black margin is essential every day hba1c glycated hemoglobin ruptured cyst tab ifi cefixime 200 my be for five days chymoral plus trypsin chymotrypsin be for three days limcee od for 10 days capsule a to od for 10 days dressing with ovum spray and megaheal ointment,hello doctor my infected sebaceous cyst has burst 10 days back and daily dressing is being done by professional I was on antibiotics but the course is over what should I do next I do not want to go to the hospital and get the surgery done since more than ten years two cyst was there and of late it merged into one may be in the second week of last month I started getting an itching sensation and the place becoming red and after a few days it burst since then regularly it is being dressed with the removal of pus it has created a deep hole please help,low severity,hi revert back with the answers to the above questions to an internal medicine physician online,2.8208426237106323,3.122483730316162,155,22.702697052523483,0.058394160583941604
my wife does not sleep thinking about this coronavirus pandemic please help,"While we cannot provide a specific diagnosis for issues related to my wife does not sleep thinking about this coronavirus pandemic please help, we highly recommend that you consult a qualified medical professional for a proper evaluation and personalized advice.",hi due to this coronavirus pandemic my wife is very scared about the health concerns of our family sometimes she is not able to sleep at all although none of our family is suffering from diseases she is overtly anticipating dire consequences of this coronavirus and obsessively clean this is happening after the pandemic has started no amount of reasoning love patience sensibility is not working please help no other illness age height 7 weight 58,low severity,hello I understand how you must be feeling right now as we are going through this difficult time together it is understandable that you would want to protect your loved ones but there is nothing to worry about the virus itself it is highly contagious and can spread easily if someone comes into contact with infected droplets coughing sneezing etc so yes precautions like frequent hand washing covering mouth nose while coughing sneezing maintaining social distancing wearing mask when outside are necessary measures which will prevent further spread of infection however if you have any doubts do consult a doctor online,2.8208426237106323,0.04634255915880203,43,1.0474331573287772,0.09929078014184398
had a breakup please help me come out of my feeling,hi for further information consult a psychologist counsellor online,hi doctor I am 25 years old my problem is that I loved a girl and now she moved away from me she rejected my proposal now I am getting suicide ideas please help me to come out of this,low severity,hello I can understand how you must be upset about her rejection but do not worry it will pass by itself if you have any suicidal thoughts then you should immediately get yourself hospitalized as soon as possible because there is no point in living anymore if you want to live then try to find some reason why she did not accept your proposal if she was not interested in you then there is nothing much to feel sorry for otherwise just take time to heal and move on with life,2.8208426237106323,0.27304792404174805,12,1.3139632137437756,0.02
does grainy white cervical mucus during ovulation suggest yeast infection in vagina,hello  yeast infections are usually associated with symptoms like itching or pain the description of the mucus looks more like an ovulatory discharge the discharges are not always bookish it varies with individuals and patterns may have some changes during active sexual life so do not worry and have regular intercourse during this time as it is the fertile period generally timed intercourse adds stress to both partners so have casual stress free sex it actually makes wonders I hope this helps ovulatory discharge ovulatory discharge,hello doctor I am trying to get pregnant for a year now so far it has not been a success and the main reason is I have irregular periods and difficulty tracking my fertile window I have been tracking my ovulation this month and according to calculations this week I should be ovulating so this whole week I kept checking my cervical mucus and did some ovulation tests the last five days my ovulation tests all came back negative until today I saw only a faint line but from here I got very confused the reason is according to my knowledge if you reach your ovulation your cervical mucus should also change to a watery slimy or egg consistency when I check my mucus it is grainy and white which probably refers to yeast infection but I have no other symptoms no burning feeling or any itching or bad smells just white grainy mucus does this mean I do have a yeast infection even though I have no other symptoms can this affect my chance to get pregnant,low severity,hi  yes there is a possibility of having a yeast infection as well as cervicitis due to vaginal inflammation however since you had intercourse on day of ovulation then chances of pregnancy are high enough if you want to try for pregnancy then wait for another two weeks and repeat urine pregnancy test again after seven days if still no sign of pregnancy then go ahead with intercourse and try for pregnancy meanwhile take tablet fluconazole 150 my twice daily before meals for one week and tablet levonorgestrel 20mg once daily at night for three nights and continue for next four days and repeat urine pregnancy test after seven days if still no sign of pregnancy then go ahead with intercourse and try for pregnancy,3.318553149700165,3.3726518154144287,94,29.155740276431764,0.07582938388625592
I am in 13th week of pregnancy and experienced postcoital bleeding twice is there any problem,hi if there is no active bleeding you can safely go to work provided the roads and all are smooth and if it is not a very long drive please avoid intercourse and vaginal douching repeat us after six weeks for a level scan and look for placental migration continue austen progesterone tablet,hello doctor I am in the 13th week of my first pregnancy I had two episodes of postcoital bleeding after which us was done and showed low lying placenta lower placenta is covering the os I had been on bed rest and pelvic rest for the past one week and taking austen 200 be apart from folvite is it fine for me to go to my work place I am a pathologist have to sit for three to four hours only any other precaution,medium severity,hi I understand your concern as you mentioned that you were having post coital bleeding at 13 weeks gestation and also you had undergone ultrasound scan and it revealed low lying placenta so I would like to know whether you had any vaginal discharge before this episode of bleeding if yes then please share the details about it because sometimes some amount of blood can come out during sexual intercourse without causing any symptoms but when it comes together with pain or spotting then it may indicate infection or trauma in cervix or vagina or even in uterus so do not worry just take adequate rest and avoid sexual intercourse until the bleeding stops and get back to me with the answers to the above questions,3.318553149700165,3.1934611797332764,60,24.37263970873707,0.111731843575419
please suggest best medicine for hypothyearoidism in diabetics person,hello  I read your query and from what you have mentioned it appears that your father has overcorrected his thyearoid he must take 100 mug thyearoxine only repeat his thyearoid test after three months only ash thyearoid stimulating hormone his diabetes is not controlled I would like to know his medications name dose and times per day he has some urine infection likely because of high blood sugar once sugar gets controlled the infection will resolve drink 10 glasses of water daily please do not change the dose of thyearoxine on your own as it can be risky in patients with heart disease like your father I hope this helps,hello doctor my father is suffering from hypothyearoidism and was having thyearoxine 137 my for the past four months but on his own started 125 my from the past two months report readings to 04 to 12 60 ash 1 he is a diabetic and even had angioplasty done please suggest the best for him,high severity,hi I have gone through all the reports you have attached it seems like your father has been taking too much of thyearoxine which can cause some side effects such as weight gain increased heart rate etc so I would advise him to reduce the dose by half and then check again if still required he should also be checked for any other causes of hypothyroidism such as pituitary tumor or hypothyearoidism due to iodine deficiency in diet or due to autoimmune disease such as hashimoto thyroiditis meanwhile continue tablet levosulpiride 50 my thrice daily after meals avoid fatty oily and spicy food take plenty of fruits and vegetables do regular exercise and sleep at least eight hours per day maintain good hygiene and oral health follow up after one week,3.318553149700165,2.440609931945801,131,11.480040651376262,0.1576763485477178
after a knee injury I get knee pain while bending it is it a serious problem,hello I am sorry you are having these symptoms this might still be due to injury resulting in soft tissue contusion I am not considering fracture at this point because you were still able to stand up but an ray of the left knee all would be recommended in the meantime I would recommend that you take mefenamic acid 500 my one tablet three times a day as needed for pain apply indomethacin gel and warm compress as needed for pain I would also recommend you do a range of motion exercises to decrease pain and improve flexibility if symptoms persist worsen or new onset of symptoms occur follow up consult is advised,hello doctor a week before I fell from riding a bicycle after going to market and my left knee hit the ground first I was able to stand up although I got wounded I went home and did first aid on my wound after a week my wound was healed but until now I feel the pain on my left leg there is less pain when standing and walking but when I sit and needed to bend my left leg I still feel the pain like that of rayuma I took biogenic to ease the pain I am allergic to ibuprofen and arcoxia please help me what to do and how this pain will heal I am anxious because I do not want to go to the hospital to consult this,medium severity,hi  you have mentioned that you had a fall and landed on your left knee which resulted in some injuries as well as some soft tissue injuries such as ligaments muscles tendons etc so if you can send me the ray report then I would be better in advising you further however since you have already taken medicine for pain relief and also you have been taking tablet paracetamol for two weeks now so I think you should continue with those medications and take them regularly at the right time and dose according to the prescription of your physician and let him know about the symptoms you are having if they are worsening or not then we need to see whether any other treatment is required or not meanwhile try to avoid putting weight over the injured area and keep it elevated whenever possible and apply ice packs locally for five minutes every hour for three days and then reduce the frequency to every two hours for another four days and then stop using ice pack completely and start doing simple exercises for strengthening the muscles around the knee joint and improving its range of motion and flexibility and strength gradually increase the intensity of these exercises and do them daily for one month and then you will notice improvement in your condition and you will be able to walk without any pain and discomfort and no more pain during sitting and bending of the knee joint,3.318553149700165,2.563181161880493,124,12.977033767825246,0.15555555555555556
I have been getting reddish pink bumps on my skin what shall I do,hi I have read your query in detail and viewed the attached pictures and do understand your concern I need to get a few more details about your lesions you seem to be suffering from chronic urticaria it may be due to many things like chemicals dyes exertion insect bite perfumes packaged foods dietary protein allergens and may be idiopathic usually long term low dose treatment is required in the form of antihistamines example levocetirizine montelukast combination it consists of levocetirizine my and montelukast 10 my this can be taken twice daily in the morning and evening in severe cases your doctor may prescribe you a short course of oral corticosteroids use a medicated gentle cleansing lotion on your skin for bath like cetaphil cleansing lotion wear cotton clothes avoid allergens like pets dust etc if you find any causative factors such as any dietary substance dust exertion etc try to avoid it apply calamine lotion over affected areas revert back with the answers to a dermatologist online,hi doctor for the past seven months I have been getting these reddish pink non itchy bumps on my skin they are round to oval and small to big when they first appear they were all over my arms abdomen back and on my thighs now they randomly show up here and there I had a large one in my elbow crease and it went away after a day or two now I have two small ones on my forearm and two larger ones on my back and one on my left lower abdomen every time I go to the doctor and they disappear some of them leave flat reddish like scar for a few weeks currently I am taking ativan and metoprolol but I was not on these medicines when this rash began what shall I do now,low severity,hello  I can understand your concern according to your statement you have developed red colored bumps which are appearing and disappearing repeatedly so most probably it is due to urticaria which is common condition and usually occurs due to allergic reaction to food drug insect bite etc if you could tell me about any recent change in diet or new introduced food items or drinks or medications then we can find out the cause of development of such rashes and treat accordingly revert back with the details mentioned above to a dermatologist online,3.318553149700165,2.3669331073760986,208,10.664634788157242,0.20689655172413793
I have itchy and swollen testicles please help,hello please do mention whether it is painful or not if possible you can attach a photograph of the swelling as of now you can try a topical antifungal that may be available online or over the counter in the us terbinafine ointment apply it over the itching in the morning after shower and before going to bed if possible get a testicular ultrasound done and do post to me fungus us scrotum keep the area dry,hello doctor my testicles are very swollen and itchy please help,medium severity,hi I can understand your concern according to your statement you have itchy and swollen testicles which may be due to infection of epididymis or inflammation of prostate gland or some other cause so do you have any history of unprotected sex recently if yes then there is possibility of sexually transmitted disease like gonorrhea or chlamydia which causes swelling and itching of testicles also check your urine routine and culture sensitivity report and blood sugar levels meanwhile take tablet levocetirizine 10 my once daily before meals for five days and tablet ciprofloxacin 500 my twice daily after food for five days and tablet tamsulosin 4 my once daily at night for five days,3.318553149700165,2.7753937244415283,88,16.044943038421028,0.09424083769633507
I am getting excruciating pain on right shoulder due to sports activity is it dead arm syndrome,hello as mentioned by you that you might be suffering from dead arm syndrome at present I would suggest you to follow price protocol that is protection rest ice compression and elevation I would suggest you to stop doing any sports activities which aggravate your pain once pain subsides you need to strengthen the shoulder muscles as this condition develops due to weak shoulder muscles I would suggest consulting any physiotherapist to learn how to strengthen your muscles it is very important before you proceed to play otherwise you might get reinjury if your condition does not improves within a week consult any physiotherapist I hope this helps,hello doctor my right shoulder is excruciatingly painful I play quarterback in football and I am 16 years old since I participate in a throwing sport dead arm syndrome is something that I suspect may be the cause of my pain I have also noticed that my upper right trapezius if lower than my left one please help,medium severity,hi I can understand your concern according to your statement you are suffering from shoulder pain which is very common among young people who do any kind of physical work like playing cricket or basketball or even during daily activities as you mentioned that you are having dead arm syndrome so there is no need to worry about it but first of all we should rule out some other causes of shoulder pain such as rotator cuff tear frozen shoulder bursitis etc so get following tests done and then discuss with me about the results of these tests and then decide what treatment plan will be best for you follow up after days,3.318553149700165,2.273405075073242,118,9.712416078335732,0.12669683257918551
which medication can be taken to cure the white spot on tonsil,hi it is common to have white spots over the enlarged tonsils unless the tonsil is inflamed or it is troubling you it is not required for you to take any antibiotics or painkillers you can follow the advice given below salt water gargles atleast to 10 times a day for month avoid oily spicy and cold food beverages keep sipping on boiled warm water every hours tonsils have some crevices on it what we call as crypts food particles can often get lodged in those crypts which often appear to be white spots if there is excessive accumulation over time they can get calcified to form stones what we call as tonsilloliths all precautionary measures have to be followed as much as possible to prevent infection of the tonsils,hello doctor I have white spot on my right tonsil I do not have any fever what medicine can I take,low severity,hi  you need to get it examined by an ent specialist as this could be due to many reasons like infection or even cancer if there is no pain then you may not require treatment but still you should visit an ent specialist and he will examine you and decide whether you need antibiotics or not if yes then which one and how much you need to take also he will advise you some medicines to reduce the swelling of tonsils and prevent further infections,3.318553149700165,2.5449838638305664,151,12.743022460837002,0.15813953488372093
how to know the reason for spotting and painful bleeding,hi I hope you are feeling better now with regard to the pain for further information consult an obstetrician and gynaecologist online,hi doctor last week I had bleeding and pain because of the cyst on my ovary now the pain started to ease and I have been spotting and bleeding for one week I just want to know if this is normal if so then how long will it bleed,medium severity,hello  I can understand your concern as you mentioned that you had a bleeding and pain due to the ovarian cyst but since when you are having these symptoms do you have any history of previous menstrual cycles did you get any treatment for the same what kind of treatment was given by which specialist did he examine you and what were his findings regarding the cause of the problem did he suggest any specific treatment for the same please answer all these questions so that I can help you better,3.092232972383499,1.0946003198623657,28,2.9879882051675626,0.10619469026548672
what could be a pimple like dot on cheek in molar region with no pain,hello is your lower wisdom tooth removed it seems to be a mild epithelial injury which occurs during chewing at the corner of jaws where last wisdom teeth meet no need to worry about it as it usually will go away on its own in a week or two use warm salt water gargle twice a day for a week or two and if need apply an antibiotic gel at the spot three or four times a day if it does not go away show to a dentist to check if the upper wisdom teeth are causing the problem and need to be removed,hello doctor recently I have noticed two little white pimple like dots next to my molar tooth on the cheek and there is no pain I was wondering what it could be and if it is serious,low severity,hi  you seem to be suffering from folliculitis which is inflammation of hair follicles this can occur due to bacterial infection as well as fungal infection but since you mentioned that there is no pain it seems more likely to be bacterial in nature so please do warm compresses twice daily and take tablet augmenting amoxicillin and clavulanic acid 625 my once daily for five days also wash your face with soap and water at least three times a day and avoid touching the area with dirty hands,3.092232972383499,2.560762882232666,107,12.945689585949166,0.19791666666666666
what is this mild swelling and discoloration on my penis,hi revert back after ten days to a dermatologist online,hello doctor I have discoloration on my penis I do not have any pain it is just a dark red and seems like peeling it has been there since two days and there is mild swelling in that area I have got this for the first time please help,medium severity,hi  you seem to be suffering from balanitis which is inflammation of glans penis due to infection or irritation it can occur because of poor hygiene or friction during sexual intercourse if you have unprotected sex then it may also be sexually transmitted disease such as herpes simplex virus hiv hepatitis virus etc but most common cause is bacterial infection usually it occurs at the head of penis where the foreskin ends and glans penis comes into contact with external environment it causes itching burning sensation and sometimes discharge of pus or blood it can be treated by taking antibiotics and antifungal medications and keeping the area clean and dry avoid using tight underwear and socks wear loose fitting clothes and use soap and water to wash the area after every bath keep the area dry and change undergarments frequently take tablet levocetirizine 10 my once daily before meals for five days capsule amoxicillin clavulanic acid 500 my twice daily for five days tablet fluconazole 200 my once daily for seven days tablet paracetamol 650 my sos for fever and burning sensation for three days drink plenty of fluids and eat healthy food maintain good personal hygiene and follow up after five days,3.092232972383499,1.3822768926620483,12,3.9839623630895304,0.028169014084507043
can hiv be transmitted if there is no ejaculation in unprotected sex,hi unprotected sexual intercourse is a risk factor for studs sexually transmitted disease including hiv however the risk is very low 03 there is no reason to panic at the moment if possible please get the partner tested first if she is a known case of hiv then it would be advisable to consult the nearest dermatologist for post exposure prophylaxis pep in case if this is not possible it would be advisable to weigh the risk benefit ratio for pep in your case high risk exposures such as homosexuality contact with blood during intercourse sex with a commercial sex worker may warrant a need for pep hiv by elisa at and months after exposure hbsag hepatitis virus antigen anti hav hepatitis virus vdrl veneral disease research laboratory if high risk exposure then consider pep,hi doctor I had unprotected intercourse but no ejaculation was done I have a fear of being exposed to hiv what necessary steps should be taken earliest,medium severity,hello  you can get infected by hiv through unprotected oral sexual contact as well as vaginal sexual contact however it is less likely than unprotected anal sexual contact please do not panic just take antiretroviral drugs like abacavir 300 my twice daily after food for six months then repeat blood tests for hiv antibodies and viral load at three months and six months again and then every year thereafter also start on pre exposure prophylaxis like tenofovir gel once daily before having sex for further doubts consult a hiv aids specialist online,3.092232972383499,3.0158212184906006,149,20.40584171611805,0.13215859030837004
why do I have some white semicircular band on my fingernails,hi for further information consult a dermatologist online,hi doctor I have noticed something different on the tip of the nails at the tip of all nails a band of half white color has formed and it is going around the circumference of the nail horizontally they are not an exact horizontal line but a circular band around the tip of the nail I am also attaching the picture of my nails for your better understanding I am not sure whether they were always there or have developed recently but I noticed them recently please tell me what is the cause of this I also have some unusual taste in my mouth or tongue I do not know whether they are related with the nails but I have not had this before please help,low severity,hello  you seem to be suffering from paronychia which is inflammation of the nail fold due to infection if you can send me the pictures then I will be able to see the condition and suggest treatment accordingly revert back after the investigations to a dermatologist online,3.092232972383499,0.23823797702789307,10,1.2690111523961756,0.1090909090909091
what should I do to prevent dot or pe after couid 19 recovery,hello kindly answer the following questions to guide you further do you have any risk factors for thrombosis like family history smoking history prolonged bedridden or excess weight does your doctor recommend to take heparin have you confirmed your couid 19 by it per reverse transcription polymerase chain reaction testing by swab are there any other symptoms,hello doctor I have been self isolating for three weeks due to coronavirus symptoms and spent two nights in the hospital where I was given oxygen and a chest ray showed typical couid 19 changes I was discharged a week ago and told some couid 19 patients have been coming back with dot and or pe I am on clexane heparin twice a day for two weeks my question is there anything else I can do to prevent blood clots while recovering I have been wearing compression stockings the hospital gave me day and night should I be taking these off at night I am doing some foot and calf exercises and trying to walk a little in the garden too is there anything else I can try,medium severity,hi you had couid 19 infection and now you are having dot deep vein thrombosis and pe pulmonary embolism it is very important to take precautions as advised by your treating physician if you are already on anticoagulation like clexane heparin then you need to continue it until further investigations show otherwise also you need to avoid any activity which may cause trauma to your legs such as sitting cross legged standing for long hours etc you can wear compression stockings but they must be worn all the time even when lying down or sleeping you can start walking slowly once you feel comfortable and consult your doctor before starting any exercise you can use a walker or crutches to move around in the house and gradually increase the distance you walk each day you can sit in a chair and rest for five minutes every hour and get up and walk for five minutes this will help to improve circulation in your legs and reduce the risk of developing more clot,3.092232972383499,2.546269178390503,68,12.759411783604795,0.10480349344978165
my year old son complains of shin pain in left foot why does he get such pain,hello  lower limb pains in growing children are usually benign normal blood tests and normal ray reports also point towards the benign nature of pain most probably your child is having growing pains can you please recall anything that is common before the pain starts like excessive physical activity or specific footwear please share the ray image and blood test reports start calcium supplements and regularly massage the legs before bedtime,hello doctor I have a year old son who complains of shin pain in the left foot once in every month before going to sleep he is generally hyperactive the next day when he wakes up he tells me that it does not hurt anymore we did rays and blood tests all are fine please help,low severity,hi  I can understand your concern according to your statement you have a one year old child who has shin pain in his left foot this condition is called as tibial stress fracture which happens due to repetitive trauma and overuse of the bone so there is no need to worry about it but if it is happening frequently then you should take him to orthopedic surgeon for further evaluation and treatment I hope this helps,3.092232972383499,3.212780714035034,73,24.848085666825686,0.09523809523809522
my dad feet are so puffy why,hello for further information consult an internal medicine physician online,hi doctor my dad is 83 years old he keeps coughing up phlegm and sleeping all the time he is cold and his feet are very swollen his feet are so puffy and he feels difficult to wear shoes or walk he weighs about 300 labs he is suffering from congestive heart failure currently he is on lisinopril for blood pressure potassium supplement and furosemide for water retention and cetirizine for allergy symptoms,low severity,hello I have gone through the details you have provided it seems like your father has been diagnosed with congestive heart failure which is indicated by the fact that he is taking diuretics such as furosemide and also there is fluid accumulation in the lower limb this condition can be due to various reasons one of them being cardiac but other causes include kidney disease liver disease etc if we assume that the cause is cardiac then the treatment will depend upon the underlying cause however since you have not mentioned any history of hypertension diabetes mellitus renal function tests electrolytes and echocardiography reports are required to confirm the diagnosis and plan further management meanwhile you should start him on tablet hydrochlorothiazide 25 my twice daily after meals and tablet spironolactone 40 my once daily before breakfast continue furosemide 40 my once daily morning avoid salt rich diet and fluids intake should be restricted at night take plenty of fluids during day time and rest of the body weight reduction is advised along with regular exercise and lifestyle modifications,3.092232972383499,0.5081945657730103,11,1.6622873336775468,0.021164021164021166
my one eye is small with nearsightedness will it progress to blindness,hi you have unilateral microphthalmos I your one eye which in your case is right eye is not fully developed and has developed a squint other eyes appear normal but I will advise you to get a funds in the left eye also to rule out any retinal anomaly the condition in the right will always remain like this and this condition will not affect the left eye if it is normal just do not engage in activities that can lead do an injury in the left eye also so please consult a vitreoretinal specialist to rule out any retinal lesions in the left eye and get yourself rechecked for glasses every six months though your left eye appears very normal from outside but since you are nearsighted I will advise you to get retinal examination in your normal eye too so that if there is any treatable lesion we can fix it at an early stage,hello doctor I was wondering if anyone could tell me about my condition I used to go to an eye doctor when I was little but I cannot remember when I last went I was never pushed to go by my parents when I was younger only when I needed a new pair of glasses I was born with one eye small the other normal my vision is fine I am very nearsighted but with glasses I see quite well my depth perception is normal too I can see most things and when I tried to drive once it went well in my affected eye pupil is floating around I cannot see much out of it and it is not big enough other than that no other health conditions could anyone tell me what this is it something that progresses and will I go blind someday,medium severity,hi  you have been diagnosed as having hypermetropia which means you need to wear corrective lenses to see clearly there is nothing to worry about it is a common condition and usually gets better with age however if you do not get regular checkups then you may develop complications like retinal detachment etc so please visit an ophthalmologist regularly and get your eyes checked every six months,2.688571721315384,2.7286643981933594,171,15.312422057864701,0.16964285714285712
will chemical in cardboard cause tingling and numbness in fingers,hi well the sort of complaints you are saying looks more of a nerve compression than an allergic reaction allergies are common at workplace where you deal with new stuffs but in allergy you get more of skin eruptions and peeling contact dermatitis since you have more symptoms of tingling and numbness it fits in more with nerve compression probably due to fine motor movements you have to do which compresses the nerve something like carpal tunnel syndrome to confirm this we need to do nav nerve conduction velocity studies meanwhile I would suggest you wear a wrist band while working to prevent the nerve from getting pressed you can read up on the internet about it and let me know if your symptoms match this,hello doctor I was wondering if I have a reaction to cardboard and or the chemicals in them about eight months ago I started working in a warehouse working with cardboard boxes after about a week my fingers started to tingle and bother me best way to describe it if you fall asleep on your hand the only thing that would help was to ice them after I stopped working there within a week or two everything was back to normal I recently started working with boxes again and the same exact thing is happening to my fingers so is there something in the cardboard that I have a reaction to I wear work gloves ot pain pills did not help bio freeze help a little is there anything I need to do for this to go away,medium severity,hi  I can understand your concern according to your statement you had tingling sensation in your hands which disappeared after stopping exposure to cardboard box chemicals but now it has come back again when you start working with cardboard box chemicals again so yes there must be some chemical component present in these cardboard box chemicals which causes such symptoms of tingling and numbness in your hands as you said you were taking tablet biofreeze paracetamol and ibuprofen combination which helps in reducing the symptoms but they will not cure the problem because the root cause of the problem is still there and needs to be treated properly first of all you should stop using those chemicals which are causing such problems then you should take proper treatment for curing the problem you can use capsaicin cream locally over the affected area which will provide relief from the symptoms of tingling and numbness also you can try vitamin b12 injection once a month for three months to improve the condition of your nerves and blood vessels and prevent further damage to the nervous system,2.688571721315384,2.750953435897827,136,15.65755324311233,0.14838709677419354
why am I having frequent flatulence with irregular bowel movements,hi it looks like is symptoms you need medicine along with some lifestyle changes continue escitalopram and isabgol take tablet rifagut 50 my twice daily tablet normaxin twice daily tablet esomac 40 my once daily before breakfast tablet folvite my once daily,hello doctor I am 30 years old I was diagnosed with non ulcer dyspepsia seven years back was treated with probiotics and it helped a little bit now my complaint is frequent flatulence foul smelling and irregular bowel movements sit to times daily with only episode of almost complete defecation and others scant and incomplete history of frequent flatulence for years acute gastritis after heavy alcohol intake 4 times by last year managed with antacids my dietary habits are irregular timings with missed diets 4 times a week I smoke occasionally history of alcohol intake 180 my hard liquor days a week for years 6 days a week for an year 300 my 6 days a week for an year I have no other medical co morbidities or past surgeries ocd for 5years being treated with saris fluvoxamine for years and escitalopram for the past 10 months pips for 10 days times in years family history nothing significant did a fibroscan liver let and us abdomen 10 months back and were normal let every three months since then were normal now may I please know what will be the solution for my current complaints,low severity,hi I can understand your concern according to your statement you had been suffering from chronic dyspepsia which has been controlled with antibiotics but recently you are facing problem of excessive gas production and constipation also you are taking some medications like sari fluoxetinamine escitalopram sertraline etc so I would suggest you to continue these medicines as they are working fine for you at present if you want to control your symptoms further then you should take following measures avoid spicy food eat small meals frequently do regular exercise try to go to toilet whenever you feel need to pass stools drink plenty of water and fluids avoid stress and anxiety follow up after one month with reports,2.688571721315384,2.8376660346984863,61,17.07586451618559,0.07500000000000001
I get constant spells of dizziness headache and blackout when I stand up why,hello frequent chronic headaches are most commonly due to migraine headache chronic tension headache migraine headaches are usually unilateral associated with throbbing vomiting sensations photophobia and phonophobia chronic tension headaches usually present with heaviness in head band like sensation over the head with sleeping difficulties important here is to differentiate between the two a clinical examination especially neurological examination funds examination are must to rule out any other neurological problem which might also require neuroimaging you should see your doctor he will classify the headache and if it is migrainous treatment would be with drugs like flunarizine propanolol amitryptyline tension headaches are treated with amitryptilline escitalopram with behavioral modification treatment I hope this helps,hello doctor I am a 19 year old female almost every time I stand up or sit up I get extremely dizzy and lose all eyesight and everything looks like a to that lost signal I also lose most of my hearing and there is also ringing noises in my ear after a few minutes I can see again but I get about 20 seconds of an excruciating migraine I usually have to hold on to something because I almost always lose balance there have also been a few episodes while just sitting down I get blackouts it is just the same as described in the ones when I get while I stand up but about 20 times longer and I constantly fall and cannot stand or see absolutely anything in those cases that episode lasts for about half an hour I have had the constant spells when I stand up a few times daily at least for the past couple of years and thought they would decrease by now but the bad spells that I get have become more frequent in the past few months once every two weeks or so I have not had any injuries in the past few years so I have no clue what could be going on it is starting to really concern me also when I am exposed to the color white or yellow my color in my vision changes and I start to see different colors I have no idea if that is related but I have had those for years,high severity,hi I understand you must be very upset about this problem since how many days did you experience these symptoms do you feel better during the day and worsen at night do you have any fever or cough or sore throat do you have any history of diabetes hypertension or heart disease do you smoke or drink alcohol,2.688571721315384,3.0028460025787354,140,20.142781834009227,0.05813953488372093
after taking I pill my period is irregular why,hello after taking the second I pill the withdrawal bleed started on 5th which again marked the onset of a fresh cycle so the next bleeding could have been due to an early ovulation and possibly an ovulation bleed also sometimes intermenstrual bleeding is common to experience if I pill is frequently used please do not use I pill often as it has progesterone side effects presently if the bleeding has stopped then nothing to worry and just observe your cycle your next cycle may be delayed by a week or so you need to stay informed for further information consult an obstetrician and gynaecologist online,hi doctor my regular period comes 24th of every month I had taken I pill on the 15 of last month and after that my period came on 24th again I took I pill on 28th and got period on ith of this month now again I am bleeding in a gap of 10 days please advise whether it is normal or something serious please help me,medium severity,hello  you have been using emergency contraception pills twice which can cause hormonal imbalance and irregular periods if you want to get pregnant then there is no harm but if you do not want pregnancy then you should consult a gynecologist and take medicines like tranexamic acid tablet thrice daily for five days and ethinyl estradiol plus medroxyprogesterone acetate combination once daily at night for seven days also you need to check thyearoid function tests and prolactin levels meanwhile continue to use condoms during intercourse,2.688571721315384,2.406515121459961,121,11.095228171857782,0.14659685863874347
my 19 month old son grinds his teeth and does not eat properly should I give him albendazole,hello hope you are safe thank you for the elaborate history I appreciate your concern regarding your child I would like to first tell you that grinding is a common phenomenal in children till years most children outgrow it by years however at this age if he is grinding you can give him plenty of water positive feedback helps and for more discussion regarding reward and positive feedback you can consult me on phone as it is difficult to explain those things verbally as for albendazole you can give 400 my once stat dose only repeat at months interval regards,hello doctor my son is 19 months old he is grinding teeth most of the time not eating at all only one spoon after that he has feel of vomiting so am giving food with a long interval between every bite also we giving only mashed foods previously he was taking idlies now even half idle is difficult for him to finish one of my friends suggested me to give albendazole syearup ad his symptoms suggestive of worm infestation can I give albendazole syearup if yes how many my and his weight before two months was 9kgs because of lockdown we did not check his recent weight if no what medication can we give please reply am really worried about his eating habits he became very thin comparing to before thank you in advance,low severity,hi I have gone through your query and understand your concerns first of all it is important to rule out any other cause for this problem like vitamin deficiency malnutrition etc but since you mentioned that he is having difficulty in chewing and swallowing food I would suggest you to get some blood tests done to rule out any nutritional deficiencies next I would recommend you to start on tablet pantoprazole 40 my twice daily for three days followed by tablet rabeprazole 20 my once daily for three days these medications will help reduce acid reflux which may be causing problems with swallowing and chewing lastly I would recommend you to add iron supplements along with these medications to prevent further nutritional deficiencies I hope this helps,2.688571721315384,3.1621687412261963,107,23.621769923703635,0.12334801762114536
what are the white floating layers in my urine,hi for further information consult a urologist online,hello doctor I have white floating layers in my urine as you will see in the attached picture what are these I have symptoms such as frequent urination and burning sensation either during or after urination please help,medium severity,hi  it looks like some kind of infection which needs treatment if possible send me a few more pictures so that I can be sure about the diagnosis and suggest further,2.688571721315384,0.3082186281681061,12,1.3609985090236523,0.10256410256410256
will beta thalassemia minor affect the relationship dna test,hi based on your query my opinion is as follows for further information consult a hematologist online,hi doctor I am beta thalassemia minor if I go for a relationship dna test with my son will the dna report be false due to this,low severity,hello  yes it would be false because of beta thalassemia minor you can get tested by hiv antibody test which is more reliable than beta thalassemia minor,2.688571721315384,0.4620381295681,19,1.5873058253573107,0.04545454545454545
please explain the test results of diabetic and renal tubular acidosis patient,hi high creatinine suggests a cod picture for a long term diabetes particularly uncontrolled do your fathers hba1c is high which shows his diabetic status is not under control high potassium levels is one of the complications of cod in this picture taking potassium citrate is not advisable as it may increase its levels and diabetic drugs also need to be modified when a person lands up in cod most oral medicines cannot be given it is safe to shift the treatment with insulin you need to visit a nephrologist for alterations in your medications and appropriate advice for cod serum potassium sodium phosphorus urine routine us abdomen do cod,hi doctor my father was previously diagnosed with renal tubular acidosis and diabetes mellitus was maintained on potassium citrate and gliclazide od currently he had an infected insect bite on the left anterior lateral aspect of the leg he was started on co amoxiclav bid currently on its ith day I had his labs taken which revealed hba1c 5 fbi 57 crea 79 my do bun 67 my do hgb 195 hct 58 abc 13 plt 157 with normal lipid profile and uric acid should I start cod medicines already should I step up with the do medicines thank you,high severity,hello revert back with the reports to a diabetologist online,3.3180558383464813,3.413214683532715,121,30.362693992839052,0.049999999999999996
I am getting moving chest and back pain with sore throat and abdominal pain why,hello I can understand your concern according to your statement you have been suffering from chest and back pain which is moving in nature and not fixed with a sore throat and abdominal pain since last night you had a cough at night and on medications now for that you had a similar episode three months before too according to your description you are suffering from acid reflux and asthma acid reflux occurs when acid travels up the food pipe to the mouth this can happen when the muscle at the bottom of the food pipe which acts as a gateway to the stomach becomes weak or loose heartburn is a burning sensation in the chest or abdomen and it has nothing do with the heart people feel heartburn behind the breast bone after eating in some cases pain can be felt in the back as well so symptoms of heartburn caused by acid reflux include a burning sensation in the chest a sour taste in the mouth and pain in the middle of the back you can take syearup gaviscon domperidone thrice daily before each meal with lansoprazole once daily before meal and you should always remember that your acid reflux may worsen the asthma condition,hello doctor I am a year old male I feel pain in my chest as well as back not on a fixed place it was moving pain sore and bad before 25 days after a few days I had a cough during the night then I consulted a doctor and he prescribed me the following medicines augmenting 625 twice daily montair la once daily taco 60 once a week vitamin twice a day after eight days I was normal but it started again after two days then he recommended the same for the next seven days after five days again I was normal but after two days I feel pain in my abdomen center only then I stop taking the medicine and after two days I was normal since last night I am feeling again moving pain in the chest and back and sore throat and pain in the abdomen today I tried for an ray but no one was ready without prescription but I have a report for let please help,medium severity,hi I can understand your concern according to your statement you are suffering from chest pain which is radiating to the back and also having sore throat and abdominal pain so first of all we need to rule out some serious conditions like heart attack acute pericarditis etc so do not worry about this possibility at present because these symptoms may be due to many reasons such as acid reflux gastritis peptic ulcer disease esophageal spasm gastroesophageal reflux disease gerd h pyloric infection chronic gastritis duodenal ulcer disease gastric ulcer disease hiatus hernia hiatal hernia disease pancreatitis gall bladder inflammation cholecystitis hepatitis viral hepatitis fatty liver disease bile duct stones biliary tract infection celiac disease inflammatory bowel disease ileocecal region inflammation small bowel inflammation large bowel inflammation colon cancer rectum anal canal anus hemorrhoids pelvic inflammatory disease piddel colitis crohn disease ileocolitis ileoanal junction ileocectomy ileostomy ileoscopy sigmoidoscopy colonoscopy endoscopy capsule endoscopy upper gastrointestinal series barium study egg electrocardiography abc complete blood count cop reactive protein serum electrolytes serum calcium serum albumin serum creatinine serum sodium serum potassium serum chloride serum bicarbonate ear erythrocyte sedimentation rate hemoglobin hematoc,3.3180558383464813,2.1050069332122803,224,8.207159911380437,0.1518987341772152
what could be the reason for high abc and neutrophils with immature granulocytes,hello following is my opinion for your asked question your total abc count and neutrophils are high mild increase of immature granulocytes and high count with neutrophilia could be due to infection or inflammation in the body your detailed physical examination and investigation should be done to find the underlying cause for your complaint you can investigate further with ana antinuclear antibody estimation us ultrasound abdomen vitamin estimation serum calcium estimation blood pressure measurement and blood sugar estimation your ear examination also should be done antibiotic courses can be prescribed as per the provided report however before that physical examination and above investigation can be done you need to follow up your abc complete blood count with peripheral smear examination report after a few days to check values once again you can consult a good internal medicine specialist for your examination and investigation accordingly,hi doctor I just received my blood test abc is 200 neutrophils are 8700 high absolute immature granulocytes and low lymphocytes I have noticed that for three years my blood tests have been on the high levels for abc should I be concerned I have been in and out and they never call me for a follow up maybe I should change the doctor also can phentermine be the cause of this I only took it for two days before the blood test I am a 39 year old female I have bone pain neck pain dizziness and hair loss,medium severity,hello I understand your concern you need to get some more details about your symptoms like how much time did you take phentermine what was the dose do you smoke any other medications if yes then please mention them revert back with the above asked details to an internal medicine physician online,3.3180558383464813,2.842263698577881,153,17.15455435778682,0.12244897959183675
I have watery eyes eyelid swelling and redness why is it so,hi revert back with the photographs to an eye care ophthalmologist online,hi doctor when I wake up in the morning I have watery eyes eyelid swelling and redness the symptoms get clear in some half an hour to a maximum of hours and then it remains fine the entire day please help with this,medium severity,hello  you seem to be suffering from allergic conjunctivitis as per history you mentioned there is no fever any other complaint like sneezing runny nose itching etc if you can upload a picture of your eye it will be better to diagnose what exactly is happening but based on your description I would suggest you to take tablet levocetirizine once daily before breakfast for five days along with antihistaminic like cetirizine twice daily for five days avoid dust pollen smoke exposure wear sunglasses while going out,3.3180558383464813,0.5522200465202332,15,1.73710519462204,0.04081632653061224
I was licked by a dog five years ago shall I get vaccinated now,hi for further information consult an internal medicine physician online,hi doctor five years ago I was licked by a domestic dog on my foot there were cracks below my foot but I did not know whether the dog touched those cracks or not the dog lived for another four years and died is there is any use if I take rabies vaccine now,low severity,hello  it is good that you have asked this question as soon as possible because we can prevent rabies from occurring if we vaccinate ourselves after exposure to rabid animal however since you had been exposed more than five years back so no need of vaccination at present but still do follow up with your local health authority for further advice,3.3180558383464813,0.3531515896320343,11,1.423546922032384,0.056338028169014086
I am just 21 years old but facing hair thinning problem will finasteride help,hi from the information given it seems you are experiencing the early signs of male pattern hair loss this is a very common condition and there are many factors responsible one of them being genetic due to the effect of the male hormone on the hair cycle over a period of time the hair follicle starts shrinking and so the hair which comes out is thinner and more fragile and breaks easily also the growing phase of the hair is shortened so your hair does not grow as long it used to and becomes shorter and wispier there are several treatment options available and the sooner we start the treatment the better the chances of reducing further hair loss thinning and increasing regrowth a combination of oral supplements to boost hair growth along with the application of lotions containing minoxidil to begin with will be the best course of action in my opinion oral finasteride which is the male hormone blocker is used frequently applications with finasteride are available too this will be prescribed by your treating doctor after assessing the extent of thinning and discussing the side effects etc several preparations of biopeptides and other natural ingredients like saw palmetto extract melatonin etc are also available to boost hair growth pop platelet rich plasma is a popular procedure that is often used in combination with medical treatment to stimulate hair growth further usually a combination of treatments is suggested after the clinical evaluation but using the applications regularly is the key to good results hair regrowth takes a few months to show and you will have to be patient to see the benefit of treatment I hope this helps,hello doctor I am a 21 year old male I have thinning hair and was planning of preventing through medication I was planning on taking finasteride,low severity,hi thanks for writing to us for further doubts consult a dermatologist online,3.3180558383464813,2.2564618587493896,301,9.549242755675492,0.0273037542662116
why does my boyfriend have extreme pain in the upper right abdominal area on breathing,hello dear I  I feel very sorry for his pain the causes of severe pain in upper part of the abdomen are gall bladder stones common bile duct stones within the bile duct which drain bile a yellow secretion from gall bladder to small bowel peptic ulcers within stomach and or small bowel pancreatitis inflammation of the pancreas a gland over the back of our abdomen I think he already been advised some medications for that but I just write here in case they are not given cap esomprazole 40 my now and half hour before meals cap tramodol 100 my now it may or may not be ot in case not available give him cap celecoxib 100 my now do not give any other painkillers because they may worsen pain of peptic ulcers if present spy gaviscon 15 my now and half hour after meals for times in a day if you want to provide more information about his pain I may suggest some investigations to rule out above possibilites I hope the medicines will help him to control his pain take care and have a good day peptic ulcer disease gall stones cod stones pancreatitis intusscception volvulus serum amylase ultrasound abdomen follow to discuss and provide more information,my boyfriend has extreme pain when he breathes in his upper right abdominal area this is the third time this month and it started at around am last night and he went to the hospital last night at 1am they told him they could not find anything on the rays or blood work he woke up this morning and his pain is still extreme can you offer any insight please,medium severity,hi I understand your concern first of all let me tell you that there are many causes for such symptoms but most common cause is gall bladder stones which may be causing these symptoms so do get some tests done like ultrasound abdomen and pelvis egg electrocardiogram and complete hemogram if everything is normal then no need to worry about gall bladder stones as it is very common condition and treatment is simple just take tablet cholestyelex 400 my twice daily after food for five days and drink plenty of water also avoid fatty foods and alcohol for further doubts consult a general practitioner online,3.3180558383464813,2.7566943168640137,251,15.747699905546508,0.10793650793650794
what are the uses of misoprostol,hi misoprostol is a wonder drug which is used randomly in various obstetrical conditions it is used for abortion when the gestation is only few months that is less than weeks along with another drug called mifepristone 200 my is advised to take orally and following 48 hours four tablets of 200 my misoprostol should be given per vaginally for further information consult an obstetrician and gynaecologist online,hi doctor please explain me the uses of misoprostol,medium severity,hello I have gone through your query and understand your concerns 10 my oral tablet can be used as follows if you have severe pain after taking analgesic like paracetamol or ibuprofen then take this drug along with these drugs it will help reduce the pain and inflammation also it helps in healing of ulcers in stomach small intestine large bowel etc if you have peptic ulcer disease which is causing bleeding from the stomach or intestines then you should take this drug along with other medicines like pantaprazole capsule domperidone capsule and omeprazole capsule at least three times daily for five days if you have diarrhea due to infection then you should take this drug along with antibiotics like ceftriaxone plus metronidazole or ciprofloxacin plus metronidazole or tetracycline plus metronidazole or azithromycin plus metronidazole etc if you have constipation then you should take this drug along with laxatives like syearup lactulose sachet or syearup glycerin sachet or syearup dicalcium phosphate sachet or syearup methylcellulose sachet or syearup magnesium sulfate sachet or syearup bisacodyl sachet,3.3180558383464813,2.0522663593292236,96,7.785525925990808,0.07407407407407407
what advise would a chiropractor give for lipoma,hi for further information consult a chiropractor online,hi doctor I am a 20 year old male healthy and active all my life I have multiple lipomas that do not bother me except for their appearance and having to explain to people what these bumps on my body are whenever I take my shirt off doctors say all I can do is have them surgically removed but that would lead to many scars frankly it does not bother me that much to undergo an elective surgery what advice would a chiropractor give for my condition,low severity,hello I understand your concern about the lipoma however as you mentioned they are not bothering you at all so there is no need to worry about it if you want to remove it then you can go for surgical removal of it but it will leave some scar which may be visible after removing it so better to get it evaluated by a surgeon and decide whether it needs to be removed or not if it is causing any pain or discomfort then you should consider getting it removed otherwise just keep monitoring it and see how it behaves over time,3.2969615757465363,0.25927338004112244,10,1.2959880536709671,0.03636363636363636
why do I feel lazy and sleepy the whole day,hello thank you for sharing your complain with us for further information consult a general practitioner online,hi doctor I always feel sleepy and lazy my height is feet and my weight is 70 keg I am also snoring while sleeping I used to sleep hours in night still I am feeling sleepy the whole day why please help,low severity,hello  you have mentioned that you are tired all day long and sleepy most of the time this can be due to many reasons one of them being low hemoglobin levels which may cause fatigue weakness etc but before coming to that it would be good if you could tell me about your blood pressure and pulse rate as well as any other symptoms like headache dizziness nausea vomiting etc if these are present then we need to investigate further and get some tests done to rule out any underlying disease if no such symptoms are there then we will start with treatment for low hemoglobin levels you should take iron rich diet and supplements along with tablet feroflo 45 my twice daily after meals for five days and then stop for three days and repeat again for another five days and so on continue taking tablet feroflo 45 my twice daily after meals for two weeks and then stop for three days and repeat again for another two weeks and so on continue taking tablet feroflo 45 my twice daily after meals for four weeks and then stop for three days and repeat again for another four weeks and so on continue taking tablet feroflo 45 my twice daily after meals for six weeks and then stop for three days and repeat again for another six weeks and so on continue taking tablet ferof,3.2969615757465363,1.5090078115463257,18,4.522241651693252,0.03968253968253969
I have elevated lipid profile and low vitamin should I start medicines,hello I have gone through your reports your lipid profile and liver enzyme alt are deranged and vitamin is low for low vitamin you should have tablet prise do or calcirol sachet 60 units once a week with milk for eight weeks after eight weeks you should have it once a month for the next six months now the liver enzyme is deranged likely due to fatty liver which is related to deranged lipid profile you should get an ultrasound of liver to confirm it now since lil low density lipoprotein is moderately elevated you may give a try of a healthy lifestyle so you should have a healthy lifestyle like avoiding fatty oily high calorie foods avoid fried fast food egg yellow non veg consumption and avoid excessive oil do not reuse the cooking oil once used for frying have regular exercises like brisk walking or running according to the capacity for atleast 30 minutes a day repeat lipid profile after eight weeks and if there is a response then should continue a healthy lifestyle or else will medications like tablet atorva atorvastatin 10 my bedtime once daily for six to eight weeks I hope this helps,hello doctor I am 39 years old recently I have done some health check ups the report shows my lil cholesterol is 140 triglycerides 165 hel 30 should I take any medicine or should I start walking or exercise my vitamin level is 20 15 what medicine should I take for my low levels of vitamin,medium severity,hi you need to change your lifestyle habits as well as dietary habits also you can use supplements like fish oil capsules which will help you to improve your vitamin levels if you do not want to go for medications then you can try out these changes in your life style and diet and see how it goes after three months revert back with the reports to a dietician online,3.2969615757465363,2.636406660079956,219,13.962939765422064,0.09701492537313434
what can be the reason for lower back pain at the age of 14,hello let us analyze different reasons for back pain of her age plain rub ray to look for renal stones and urinalysis with culture back sprain ti less likely ovarian cyst or kidney stones tylenol two pills every hours for pain on as needed basis flexeril my cyclobenzaprine every 12 hours as needed for pain revert back after a week with investigation report to an internal medicine physician online,hi doctor my daughter is 14 years old I wonder whether she has herniated disc because she has all the symptoms except the numbness in legs and feet it hurts in the lower part of my back usually a herniated disc is from sports injury and heavy lifting but she recently have not had any sports injuries or have not done any heavy lifting but in the past she had her back has been hurting when she cough sneeze sit or even walk down my porch steps it has been hurting for may be two to three weeks now I have not heard people of her age have a slipped herniated disc and other stuff please help,medium severity,hello I understand your concern as you mentioned that there was no history of trauma or fall which could cause this problem so we need to rule out some other causes like nerve compression due to spinal stenosis or degenerative changes in spine these conditions are more common in older age group but still they can occur in young people also if you notice any weakness in leg muscles or loss of sensation in legs then it needs to be evaluated further by mri magnetic resonance imaging scan of spine meanwhile try to avoid prolonged sitting position take rest and apply ice packs over painful area for five minutes every hour for four days do regular exercise like walking cycling etc to strengthen the muscles around the spine and reduce the pain,3.2969615757465363,3.2148518562316895,83,24.899602916915782,0.09950248756218905
I have premature ejaculation with ejaculating period less than a minute please help,hi do not worry it is completely curable you need to send me a detailed history of your condition including the onset and progression dietary habits and addiction then we can proceed with your treatment and please stop prodep fluoxetine because it will do more harm than good follow up after two days with detailed history,hello doctor I am 30 years old I am facing premature ejaculation and my ejaculation time is less than one minute please help I am currently taking prodep capsules daily,medium severity,hi I can understand your concern according to your statement you are having premature ejaculation and it is affecting your sex life so first of all we need to know about your sexual history do you masturbate frequently how many times per week what kind of masturbation do you perform any other health issues like diabetes hypertension etc if yes then we should start treatment for those problems too because these factors also affect our sexual performance and cause premature ejaculation so before starting any medication we need to rule out any underlying causes for premature ejaculation so please answer the above questions and get back to me,3.2969615757465363,2.6936450004577637,60,14.78547086765974,0.14634146341463417
can someone with psychiatric problem enjoy married life,hi I will summarize the clinically relevant aspects of her case the illness started early around the age of 17 years it has not cleared completely until yet and she has not returned to her previous personality the symptoms are suggestive of paranoid schizophrenia or bipolar disorder though more information and detailed history will be required to confirm it these factors suggest a poor prognosis and incomplete recovery from the illness her future will be decided by how much her symptoms improve if she visits the psychiatrist regularly and takes electroconvulsive therapy if the doctor suggests then her situation is likely to improve but at the current situation she does not appear to be mentally fit for marriage or children marriage is stressful in itself and she might not be able to handle the stress though there is no direct effect of the disease on her ability to get pregnant a mentally healthy mother is required to take care of herself during pregnancy and the baby after childbirth she currently does not appear to be capable of handling the stress of pregnancy and childbirth besides pregnancy and delivery are stressful and might worsen her psychological condition also the medicines that she takes might affect her ability to get pregnant and maintain a healthy pregnancy I would like to recommend a course of electroconvulsive therapy it works better than most medicines in such cases for further information consult a psychiatrist online,hi doctor I am concerned about one of my relatives she may have some psychiatric problems first she faced a problem in her life before 10 years she believes in different sociology and culture she has a fantasy of smoking drinking and living together she does not believe in marriage she becomes angry if someone tries to correct her after that she had taken care by several doctors but the problems never uprooted for one and a half year she is running through the treatment she made the first visit only after that her parents are visiting with those doctors as a witness I noticed some irrelevant behavior 10 days ago which makes us very annoying I have a chronological prescription my only question is at this moment is she able to enjoy her marriage life if she gets married will she able to get pregnant please describe the family life difficulties including sex life I will be very thankful to you,medium severity,hello I can understand your concern regarding your relative it seems like she is suffering from personality disorder and also there is a possibility of drug abuse too so I would suggest you to take her to a psychiatrist who can treat her properly and help her to overcome these issues personality disorders are difficult to treat but with proper medication and therapy they can be controlled and treated effectively personality disorders are characterized by abnormal patterns of thinking behavior and emotional responses that cause significant distress or impairment in social functioning personality disorders usually begin during adolescence or early adulthood and last for at least six months they can affect anyone regardless of age gender race education occupation nationality religion political affiliation economic status etc personality disorders are classified into three categories paranoid antisocial borderline narcissistic histrionic dependent avoidant obsessive compulsive paranoid personality disorder is characterized by suspiciousness hypervigilance and exaggerated self confidence antisocial personality disorder is characterized by disregard for laws and norms impulsivity deceitfulness manipulativeness irresponsibility lack of empathy and aggression borderline personality disorder is characterized by unstable relationships poor self image fear of abandonment excessive dependence on others inappropriate display of emotions and suicidal thoughts narcissistic personality disorder is characterized by grandiose fantasies excessive need for admiration and possessiveness histrionic personality disorder is characterized by attention seeking exhibitionism and dramatic behavior dependent personality disorder is,3.2969615757465363,2.4883575439453125,248,12.041482264172735,0.11087420042643924
why are men affected by cancer more than women,hello for further information consult an internal medicine physician online,hi doctor why are men generally affected by cancer than women do they have less tumor suppressor genes p53 than women or is there a different reason entirely,medium severity,hello  I understand your concern about male cancers compared to female cancers but it is important to know what type of cancer you are talking about because some types of cancers occur more frequently in males while others occur more frequently in females so please specify which type of cancer you are referring to as per my knowledge most common cancers occurring in males are prostate cancer testicular cancer melanoma etc while those occurring in females are breast cancer ovarian cancer cervical cancer endometrial cancer etc if you can provide me with the details regarding the type of cancer you are concerned about then I will be able to help you better,3.2969615757465363,0.5036402344703674,11,1.6547339398248198,0.01639344262295082
I am having burning sensation while urination is it due to fungal infection,hi please tell me that do you have any discharge through vagina sometimes urinary tract infection along with vaginal infection causes this pain please do get back to me for the follow up once the urine and blood reports are available if sex hurts now refrain from sex till the infection is cleared and use the following medication ti with fungal infection urinary tract infection and fungal infection clotrimazole vaginal pessary 100 my insert into the vagina at bed time for consecutive nights maintain hygiene drink plenty of water and oral fluids,hello doctor I went to my doctor in february complaining of burning pee and discomfort they tested me for a ti and yeast infection and said there was nothing then I went to my gynecologist two months after that still having the symptoms she swabbed me and I had a yeast infection sex really hurts and I am scared that it is not just the yeast infection what if sex hurts,medium severity,hi  you have mentioned that you were diagnosed as having a yeast infection by your gynaecologist but you are still experiencing pain during intercourse and burning while passing urine this could be because of other reasons like bacterial vaginosis which is also common among women who suffer from vaginal infections such as candidiasis bacterial vaginosis can cause itching discharge odor and painful sexual intercourse however the treatment will depend on the type of infection you have so please get back to me with the reports and details about your current symptoms so that I can guide you further,3.2969615757465363,2.7137138843536377,100,15.085196283414314,0.1789473684210526
kindly explain about the tests required to diagnose erectile dysfunction,hello I read your query and understand your concerns first of all I like to inform you that there is no test which alone can tell you whether you have ed erectile dysfunction or not other than the history and proper physical examination this is the thing which are done by the doctor when you present yourself in his or her office based on the observation doctor decides whether the tes are required or not in case required he only decides what are the tests required based on the available history details and clinical examination I mean to say that you need to see a properly trained sexologist to determine the number of tests required this is because the presence of abnormal test does not mean the test abnormality is the cause of the problem and similarly the presence of normal test result does not rule out the problem however in routine practice we order normal biochemistry blood sugar get glucose tolerance test hba1c lipid profile let liver function test and thyearoid profile hormonal profile free and total testosterone prolactin oh luteinizing hormone and fish follicle stimulating hormone us abdomen and pelvis and penile doppler study among others these are often a minimal requirement and the number of tests can change as per the need of the individual patients I hope this helps you feel free to write back to me if you have more questions,hi doctor I am 35 years old I am married for last years and having a kid I led a sedentary lifestyle my fasting blood sugar was 257 and up was 353 my hba1c was 3 I was diagnosed to have diabetes I consulted my friend with is a doctor and under his guidance I changed my diet and started the exercise I reduced my weight from 103 keg to 91 keg after three months my fasting was 17 and up 153 with hba1c 5 my lipid profile is normal for the past one week when I check my glucose level in glucometer at home it is less than 10 I am not in diabetes medicine I think I have ed what are the test that needs to be done to diagnose the same,low severity,hello revert back with the reports to a sexologist online,3.3210548758506775,2.3686587810516357,254,10.683054356181163,0.04065040650406505
why am I having a tender lump beneath skin near anus,hi after reviewing the information shared and your pictures it appears you are suffering from fistula in ano tubular interconnection between anal canal and outside skin near the anal opening the swelling you are talking about is called perianal abscess it is a swelling because of infection of some anal glands around 30 40 perineal abscesses are associated with a fistula in your case having a couple of good quality pictures of the anal region can help in suggesting further treatment your mri report reported presence of around am size fistula with no abscess at the time of imaging and no higher up extension this is a good prognosis type it will need either of two things there are many treatments possible but for you I would suggest these thread insertion in the fistula a tightening it every week this treatment is called cutting sexton you can use shar sutra or silk thread surgery to take the fistula out and let the area heal by itself over time weeks this can lead to loss of incontinence as well control on stool holding what to do now you need to followup with a surgeon to do any one of the above two suggested treatments do sit bath take lukewarm water in a tub put a half a teaspoon of ordinary salt in it now sit in this water and try to make the water clean and sooth your anal region sit for around 15 min to times everyday try to do at least twice per day it will decrease itching and help to heal the fissure as reported by you in your info provided avoid constipation with a large platter of salad sprouts or sat isabgol teaspoon three times per day take to litres of water measured by a bottle measuring cup everyday in case you need more information and help regarding what to choose and why kindly followup with a couple of good quality pictures of the fistula site or discuss it with your local doctor,hello doctor suffering from mild is since last four years noticed a tender lump beneath skin near anus three years ago swells and shrinks itself mild throbbing and pale yellow fluid discharge from anus when pressed during swelling proctoscopy was done in a piles hospital the doctor said no piles fissure and fistula mri was done in another hospital 17 my to hyperintense linear tract with no abscess no overt fluid signal as well the doctor said nothing and discharged me what is this tender lump I am a healthy 35 years old male working in a office,low severity,hi I have gone through all the details you have mentioned it seems like a chronic anal abscess which has been recurrently recurring so there is need of surgical intervention for definitive treatment if you do not want to go for surgery then you can opt for endoscopic procedure called transanal endoanal therapy tena therapy where a small tube will be inserted into the anus and pus will be drained out by suction method but again it is better to get operated because it is more effective and less painful than other methods also after operation you can use some antibiotics and painkillers to prevent recurrence,3.3210548758506775,3.26110577583313,376,26.07835802293458,0.10859728506787329
what treatment would you suggest for my father shoulder condition,hello I have gone through the mri report enclosed by you degenerative condition or post injury as per clinical examination for further information consult an orthopaedician and traumatologist online,hi doctor I am enclosing an mri report of my father who is 70 years old I want to know whether an operation is the only available option for his shoulder condition according to the report if we go for the operation then what is the success rate without an operation how long will it take to get cure he takes thelma 40 and ecosprin 150 regularly because four years back he had a paralysis attack,medium severity,hello revert back after the reports to an orthopaedician and traumatologist online,3.3210548758506775,2.234130382537842,36,9.33835752141017,0.3902439024390244
why are my facial hairs turning golden brown,hello I just read your query see the color of hairs and skin is determined by a pigment called melanin the variation of this pigment varies from person to person due to their genetics or due to some environmental reasons one to two white hairs are not a problem but you must be aware because your beard starts losing its pigmentation there might be many reasons for this problem like lack of nutrients paternal effects as if your father or grandfather had been gone through the same problem stress lack of proper sleep or unhealthy lifestyle as you are young you can prevent this problem further by adopting all these simple remedies the formation of coloring pigment named melanin is based on many nutrients so start taking a healthy diet add fresh fruits vegetables pulses eggs etc to your diet avoid excessive tea coffee cold drinks junk food spicy food etc sleep adequately at least for six to eight hours and make sure you go to bed before midnight avoid taking excessive stress start taking tablet keisha kuntal vyas pharma two tablets two times a day for four weeks with water it is very effective in premature greying of hair take tablet hairbac two tablets be for four weeks with water it will prevent premature greying of hair take some curry leaves and put them into conut oil boil this oil after boiling when this oil becomes lukewarm apply this oil on your beard and scalp you can do this twice or thrice a week wash your hairs with mild herbal shampoo try all these regularly and it will prevent further greying of your hair and you will soon feel positive results in case you want to use a dye for your beard or hair or you are facing excessive greying of hairs then do consult a nearby dermatologist otherwise try all these regularly I hope this helps genetic or lack of nutrients or stress or unhealthy lifestyle after four weeks,hello doctor I am 19 years old some of my facial hair change into light brown color from black it looks golden color in sunshine and I have also one or two white hairs in my head when I was 16 all my hair was dark black what should I do now to get their natural hair color back,low severity,hi revert back after three months to a dermatologist online,3.3210548758506775,2.8368513584136963,349,17.061958879387323,0.023460410557184747
a lot of thick white mucus at the back of my throat inhibits swallowing what is the cause,hello good to hear from you I understand your situation there are two reasons for your complaint mostly one as the doctor who has seen you previously suggest must be because of a reflux from your stomach second might be because of something called as a post nasal drip for dealing with the reflux just a pi would not help you should make certain life style changes such as avoid spicy food eat on time your stomach should not be empty for than hours do not sleep soon after you eat give atleast 3 hours of time between your meal and sleep try to keep your head end elevated by a couple of inches while sleeping now regarding your post nasal drip do have frequent episodes of cold nasal discharge if yes take the necessary medications for it so I would suggest you with the following medication continue your pi like pantaprazole 40 my once daily before breakfast if you have a cold take an antibiotic like amoxicillin 500mg twice daily for days an anti histamine like levicetrizine 5mg once daily before sleep a nasal decongestant like oxymethazoline thrice daily in both nostrils reflux ray pins direct laryngoscope acute rhino sinusitis herd medical life style changes follow up in one week after the life style changes medication suggested,for about a year now I have experienced a lot of thick white mucous in the back of my throat this inhibits swallowing forcing me to hack it up and spit it out I think this can make my voice scratchy but other than that I am not experiencing any other symptoms I have gone to an ent previously and I believe I tried a proton pump inhibitor but it did not have an effect,medium severity,hi  you seem to be suffering from chronic pharyngitis which is a condition where there is inflammation of the pharynx due to various reasons like allergy infection smoking etc the treatment depends on the underlying cause if it is due to allergy then antihistaminics will help if it is due to infection then antibiotics will help if it is due to smoking then quitting smoking will help avoid spicy food drink plenty of water take tablet levocetirizine once daily before breakfast for five days capsule levocetirizine twice daily after meals for five days capsule levocetirizine thrice daily after meals for five days capsule levocetirizine four times daily after meals for five days capsule levocetirizine five times daily after meals for five days capsule levocetirizine six times daily after meals for five days capsule levocetirizine seven times daily after meals for five days capsule levocetirizine eight times daily after meals for five days capsule levocetirizine nine times daily after meals for five days capsule levocetirizine ten times daily after meals for five days capsule levocetirizine eleven times daily after meals for five days capsule levocetirizine twelve,3.3210548758506775,2.5598344802856445,252,12.933676359946121,0.1141439205955335
is it possible to have decreased heart rate due to anxiolytics,hello I understand your concerns do not worry you will be fine the inderal you are taking is what is reducing your heart rate a 48 bum to 58 bum is not bad so long you are not experiencing symptoms like fainting or shortness you are fine I advise you to continue to monitor your pulse to make sure your heart rate isn't dangerously low for now it is not a cause for concern,hello doctor I am a 49 year old male 100 keg 180 am I exercise cardio regularly however carry a little extra weight I suffer from anxiety and are presently on inderal lyearica and prozac over the past weeks I have noticed my resting heart rate on my smart watch is about 48 bum traditionally it has been around 58 bum other than anxiety I do not have any symptoms what could be the causes of this and is this of concern,medium severity,hi I can understand your concerns according to your statement you are suffering from anxiety and taking inderal lyearica and prozac as per your history and investigations there seems to be no cause for increased heart rate at rest but if you are worried about it then you should consult your cardiologist he will examine you and may advise some tests like egg electrocardiography echo etc to rule out any cardiac cause for increased heart rate at rest also you need to check your blood pressure and pulse while lying down standing up and vice versa to see whether there is any orthostatic hypotension which means low blood pressure when you stand up and high blood pressure when you lie down and vice versa if all these tests come normal then there is nothing to worry about your heart rate at rest,3.3210548758506775,2.283226490020752,84,9.808275714865468,0.20276497695852533
my last period lasted only for few hours with a history of unprotected sex should I worry,hello I can understand your concern according to your statement you have been suffering from tenderness in your breast and little bit fatigue your last menstrual period was on 15th april which lasted for 15 hours and you had unprotected sexual intercourse on ith usually woman menstrual cycle is 28 days normally so if period occurs seven days before the estimated date as well as seven days after the estimated date is quite normal it may happen in every woman in her lifetime it is nothing to be worried again menstrual bleeding can last for 7 days normally so your last menstrual bleeding lasted for 15 hours which may be quite normal you should not worry about that you should know about the safe period during a normal menstrual cycle it is also known as calendar method in this period no woman becomes pregnant from unprotected sex if your menstrual cycle is 28 days then from the ith day of your last menstrual cycle to the 16 the day of your last day of menstruation will be counted as danger period from ith day to 16th day total days are known as danger period in this period a woman can bear pregnancy from unprotected sexual intercourse the rest 21 days are counted as safe period in this period no woman can become pregnant from unprotected sex so luckily ith april was your safe day so there is no chance for you to become pregnant hormonal fluctuations can cause breast tenderness breasts may become painful before three to five days of starting of a menstrual period and stop hurting after your period begins menstrual cycle causes hormone fluctuations in estrogen and progesterone which make your breasts swell and can lead to sore and discharge those hormonal imbalance may make you fatigue too I hope this helps,hi doctor I had my last period on 15th april which lasted only for 15 hours the due date was 19th but it came four days early my partner and I had unprotected sex on ith but he did not ejaculate inside since yesterday I feel tenderness in my breasts a little fatigue and mild cramps in between is there anything to worry about,medium severity,hello I have gone through all the details you have mentioned as per your description it seems like you are having a normal menstrual cycle if you do not have any other symptoms then no need to worry about pregnancy also you can take emergency pill after seven24 hours of unprotected intercourse if you want to be absolutely sure then you can go for urine pregnancy test at home if you wait till next month then you will miss your periods normally so please relax and get back to me with answers to these questions if you still have doubts,3.3210548758506775,2.382117748260498,330,10.827809174514934,0.12839506172839504
am I under the right treatment to get pregnant,hi I have gone through your history and understand your concerns for further information consult an obstetrician and gynaecologist online,hi doctor I got married two years back I am trying for pregnancy now previously five months back I had a miscarriage when I consulted my doctor he prescribed me fertile 100 my for five days fertisure folic acid and austen 200 from 14th day I have started the dose and today is my 26th day my problem is that I just started light spotting with clots and cramps on the right side is there any problem associated with it,medium severity,hello I can understand your concern according to your statement you are trying for pregnancy since two years ago and you had a miscarriage after taking medicines for fertility and folic acid so first of all do not worry about the bleeding as it may be due to some other reason like hormonal imbalance or infection etc but if this bleeding continues then please consult your gynecologist immediately because it could be a sign of miscarriage again so wait for few more days and see what will happen if bleeding stops then no need to take any medicine otherwise you should start tablet ovral 35 twice daily at night for seven days and repeat blood test serum beta hug human chorionic gonadotropin levels after seven days and also check urine pregnancy test once after seven days if both tests negative then you can try for pregnancy by having sex every three to four times per week during the next six weeks,3.3210548758506775,0.45200425386428833,26,1.5714586333351919,0.07734806629834255
I do not have occlusion in one side of my crown with eating difficulty how to manage,hi I have read through your complaint and the relevant details firstly I would like to ask you for what reason was the crown was placed for tooth and usually when there is no occlusion on one side you will get pain and soreness on the opposite side if the occlusion is high I too high crown the pain and soreness will be on the same side repairing the crown with extra material would not be ideal if the occlusion is not there the dentist must have given you a new crown in place were there any rays taken for the same tooth in that case any nerve problem can be easily identified please do not worry that you got a jaw problem it is with the construction of the occlusion which helps you to do normal function ibuprofen 400 my thrice daily should work well for this kind of pain heavy doses are not advisable I reckon you check with the ray for that tooth if you have not had any before and forward it to me I also request you to send the picture of the teeth so that I could arrive at a better diagnosis,hello doctor I am 71 years old and I am in the process of getting major work done throughout my mouth at the moment I have only three grinding teeth on my upper two on the left and one on the right numbers 12 and 13 days ago the dentist reinstalled the crown on number four but when I left his office there was no contact in number there was only contact occlusion on 12 and 13 of course it was very difficult eating with only two teeth that had full contact after a few days I started to get a lot of pain in my neck and behind my ear and up almost to the top of my head on the side of number right side and there was numbness in the area of my jaw joint in front of my ear I saw the dentist again four days ago and he added some type of material on top of number to achieve occlusion there I still have the pain constantly and it is pretty unbearable 800 my of ibuprofen and aspercreme on the area help me somewhat I called the dentist and he said that the pain was related to some nerve problems inside the number tooth I have been thinking maybe there was some damage in my jaw or something because of my jaw having had overwork trying to make on the right side while eating what do you think,medium severity,hi I can understand your concern according to your statement you have got a problem with your lower right molar which has undergone root canal treatment and now you are facing a new issue of pain and numbness this could be due to the following reasons first of all if the tooth is not completely restored then it will cause pain and numbness secondly if the filling material used by the dentist is not strong enough then it may lead to fracture of the tooth thirdly if the filling material is weak then it may lead to sensitivity of the tooth fourthly if the filling material is too thick then it may lead to pain and numbness fifthly if the filling material is too thin then it may lead to sensitivity of the tooth sixthly if the filling material is not properly bonded then it may lead to sensitivity of the tooth seventhly if the filling material is not properly sealed then it may lead to sensitivity of the tooth eighthly if the filling material is not properly dried before applying the bonding agent then it may lead to sensitivity of the tooth ninthly if the filling material is not properly applied then it may lead to sensitivity of the tooth tenthly if the filling material is not properly cured then it may lead to sensitivity of the tooth eleventhly if the filling material is not properly cleaned then it may,3.335383713245392,2.9058191776275635,211,18.280212261308854,0.2004555808656036
I notice lot of brown patches below my left armpit with stinky sweat what could it be,hi what I can make out from your history is that you are having brown patches over the left armpit for two months I want to know no other symptoms in this lesion like if they pain or burn are they increasing in size or same since their start any other family member having such lesions please send a clear photo send history as asked and photo,hello doctor I am a 42 year old male non smoker and non alcoholic for the last two months I am noticing lots of brown patches below my armpits of the left hand and nothing much on the right hand and off late I could sense I am sweating armpits which I never had before will you please consult on this issue,low severity,hi I have gone through all the details posted by you as per your description it seems like some kind of fungal infection over the axillary region if there is any itching associated then it can be treated with antifungal creams like clotrimazole cream twice daily for five days after food avoid wearing tight fitting clothes and use cotton ones keep the area dry and clean do not share towels etc kindly revert back with the answers to the above questions to a dermatologist online,3.335383713245392,2.8102450370788574,70,16.613988763323896,0.10526315789473682
I have a bite wound inside the cheek for a month what to do,hi revert back for further doubts to an internal medicine physician online,hi doctor about a month ago I bit my cheeks while eating I still have a small gray circular spot inside the cheek it has lessened in color and size but is still there it does not hurt and is not a lump what is it should I be worried it feels like the rest of my cheek except it has a faint gray color,low severity,hello  you have mentioned that you had a bite wound on the cheek area which has now healed over time however if you feel any pain or tenderness then please visit your nearby dentist as this could indicate some infection at the site which needs treatment kindly get back after three months to let me know how much the healing progress is going on,3.335383713245392,0.976948082447052,13,2.656336937182018,0.05263157894736842
I have a painful pulp outside the ass crack what is that,hello I went through your question it seems from the picture that you should be having severe pain attachment removed to protect identity this can be the result of thrombosed hemorrhoids perianal fistula or a pilonidal sinus still to guide you better I need a few more details what is the exact site is it the anal orifice or around the anal orifice is there any discharge serious or purulent is there any kind of bleeding do you have a fever do you have to complain of constipation or straining in the past at present to relieve your symptoms please take tablet aceclofenac 100 my per orally twice daily for two days after you provide me details I will add further specific advice,hello doctor I have a pulp just outside the ass crack which just originated today and it is painful,medium severity,hi  you seem to be suffering from acute toothache due to infection of the root tip of the tooth this can happen if there was any trauma to the tooth during biting while chewing food or even if you had some kind of injury to the gums around the tooth when you bite down on it the pain will increase as time passes by and the infection spreads into the surrounding tissues like gum bone etc so please visit your dentist immediately and get yourself examined and treated for further information consult a dentist online,3.335383713245392,2.805905342102051,143,16.542045338910636,0.14678899082568808
how to manage pyloric infection,hi for further information consult a general medicine physician online,hi doctor I am an 18 year old male I have been experiencing a wide range of symptoms for nearly a year it all started in the last summer I started to experience constant vomiting after eating bloating and weight loss then I was diagnosed with a dientamoeba fragilis infection and given a course of antibiotics I thought I would get better after this but that was not the case I was treated for the bacteria and I still have symptoms like occasional vomiting a lot of weight loss 15 20 pounds bloating and abdominal swelling the doctor did a bunch of blood tests and said he did not see anything wrong the vomiting stopped but I still experience the symptoms and not gaining any weight so my doctor referred me to a gastroenterologist I told him about my symptoms which are as follows herd weight loss occasional abdominal pain abdominal swelling and bloating malnutrition alternating diarrhea and constipation and heart issues like racing heart and heart palpitations my sister has celiac disease my gastroenterologist has done an endoscopy and said he does not think that I have celiac and he said helicobacter pyloric might be a possibility I am really worried because I have got a lot of blood tests and everything came out fine except vitamin b12 and deficiency so I just want to know if you think that I could have helicobacter pyloric I am really anxious please explain as soon as possible and share any other possible illnesses that I could have based on my symptoms thank you,medium severity,hello I can understand how much stress you must be going through due to these symptoms first of all do not worry there is nothing to panic at all regarding your symptoms I will tell you what helicobacter pyloric is it is a type of bacteria which lives inside our stomachs and causes gastritis ulcers and sometimes even cancer of the stomach it is very common and most people who live their whole life without knowing they have it however some people develop severe symptoms such as persistent stomach ache nausea vomiting and weight loss when the bacteria infects the stomach lining it produces acid which damages the stomach lining causing inflammation and ulceration it is important to note that helicobacter pyloric is not the cause of your symptoms you mentioned here it seems more likely to be related to dientamoeba fragilis infection which is a parasite and also the reason for your bleeding from the colon it is highly unlikely that you have both infections at the same time however it is always advisable to take a stool test to rule out the presence of dientamoeba fragilis infection before starting treatment for helicobacter pyloric infection it is recommended to start antibiotic therapy immediately once the infection is confirmed by testing it is usually taken twice daily for five days and should be continued until the next day of,3.335383713245392,0.47503289580345154,11,1.6080670952748235,0.016736401673640166
I have telogen effluvium kindly suggest me the treatment to get rid of it,hi in telogen effluvium there will not hair loss involving the neck area is there any history of acute illness or systemic upset before the start of this problem why telogen effluvium was diagnosed is there any family illness of baldness hair loss over neckline is looking like alopecia areata type of hair loss diffuse type of hair loss can be seen in alopecia areata and also in telogen effluvium nutritional deficiency is the commonest cause keep your hemoglobin above 12g dl take biotin containing hair supplements have dates fresh vegetables and fruits rich in iron after the corona crisis meet your doctor and do a scalp biopsy to confirm the diagnosis,hello doctor I think I have telogen effluvium because my hair has been diversely thinning for over a year and I have even lost hair on my neck area and sides of my head along on top the scalp I went to the dermatologist once last year and he thought it was te but it has not gotten any better and they did not prescribe me anything please help,low severity,hi  you can use minoxidil lotion twice daily for two months then stop it after two months and start again for another month if there is no improvement then go for tablet iron supplements for three weeks and vitamin b12 supplement for one week also take multivitamin tablets for six weeks avoid oily foods and fried food drink plenty of water and milk eat more green vegetables and fruits do regular exercise like brisk walking cycling swimming etc maintain good hygiene and sleep well,3.335383713245392,2.8464174270629883,138,17.225957911696824,0.11224489795918367
how to cure be,hi I have gone through your query for further information consult a general medicine physician online,hi doctor my blood pressure is 145 95 how can I cure it through home remedies please suggest,medium severity,hello revert back after three months to a general medicine physician online,3.335383713245392,0.6260769367218018,17,1.8702590238871717,0.35714285714285715
why is my left eyelid swollen itchy and painful,hello according to picture you have send its likely to be invective in origin so you have to take antibiotics for the treatment all these you have to take for weeks then you will be fine infection as per now nothing sty infected lid swelling as mention above do not rub your eye do not touch your eye after week,left eyelid very swollen and itchy with pain it is also very itchy and painful and also having a white discharge from eye I have been having the issue for a week and it is not getting any better,medium severity,hi  you seem to be suffering from allergic conjunctivitis this can happen due to dust pollen or even food allergies if you do not know what exactly caused it then please get tested for allergy testing will help us find out the cause of your problem and we can start treatment accordingly if you already know the allergen which causes your symptoms then you need to avoid exposure to that allergen and take antihistaminic drugs like levocetirizine etc to relieve the itching and swelling of eyes you should use artificial tears frequently to keep your eyes lubricated and free from dryness you may apply ophthalmic steroid drops twice daily for five days after consulting your local optometrist or ophthalmologist,3.335383713245392,4.10206413269043,62,60.464966590266414,0.16759776536312848
I am on anti tubercular drugs for to lymphadenitis do I need surgery,hi I can understand your concern according to your statement you have been suffering from to lymphadenitis and taking 4fdc antitubercular drugs for the last days your query is whether surgery is needed for your lymph node or not antitubercular medications are enough for curing to lymphadenitis surgery is needed in rare cases surgery can be done for diagnostic purposes or therapeutic purposes sometimes fine needle aspiration or biopsy of the lymph node are needed for proper diagnosis of to lymphadenitis is known as surgery for diagnostic purposes if to regiment for months or months or months are failed to subside the lymph node then surgery is an option again during to treatment if there is any change in size shape or presence of discharging sinuses or turn into malignancy then surgical drainage or removal of lymph node may be needed otherwise antitubercular medications are enough to treat to lymphadenitis your physician has advised you to do a car chest ray for the detection of chest involvement you should undergo car again prednisolone 40 my day for six weeks followed by gradual tapering over the next four weeks along with your current to regiment are enough to cure your to lymphadenitis without any surgery,hi doctor I have enlarged lymph node on the neck fac says granulomatous lymphadenitis consistent with koch afb stain negative in ultrasound it is hypoechoic lesion of approximately 29 34 my abutting the left submandibular gland but appear separate from it similar lesion of approx 14 23 my is seen adjacent to this mass I have been taking rifampicin isoniazid rifampicin ethambutol pyearazinamide for days and I have also consulted another doctor who says that it needs surgery and asked for digital ray of chest I also gained weight please suggest me should I go for surgery currently I am on forecox 150 mycobutol 400 benadon 20 my and neurobion,medium severity,hello I can understand your concern according to your statement you have had tuberculosis infection which has resulted into enlargement of lymph nodes these enlarged lymph nodes may be due to tuberculosis itself or some other cause like cancer etc so we will have to investigate further before deciding about surgical removal of the lump if there is no evidence of active tuberculosis then surgical removal of the lump is not required as it is just a benign growth and can be removed by simple excisional biopsy procedure if there is evidence of active tuberculosis then surgical removal of the lump is advised along with antituberculosis treatment for further information consult a general surgeon online,3.2900137305259705,2.364070415496826,239,10.6341488814519,0.2006269592476489
when the milk teeth are shaky the permanent teeth are erupting slightly inward please help,hello  I went through your query and also seen the image attached as a specialist it is quite fine she is on the safer side as no such visible misalignment once the permanent tooth erupts fully as you mentioned and also visible from the image upper left central incisor baby tooth looks totally mobile it is better to pull it out you can get a numbing gel like rexidine forte chlorhexidine metronidazole and lignocaine gel apply over the gums on the mobile tooth hold the mobile tooth with a piece of cotton and pull it out if possible hold the area with a new cotton gauze to arrest the bleeding if not possible let it be as placed it might fall off itself seeing the condition she will be fine it was better if the tooth was extracted earlier then there would not be any chances of malalignment but it very minute and would not be visible as such try feeding hard food small pieces of hard fruits they might help I hopethis helps palatial eruption of left upper incisor due to delayed shedding of the primary tooth seven days or anytime if you need any more help,hello doctor my daughter is 5 years old two of her front teeth are shaky but not falling off but I see the new is growing because of space the old one occupying new one growing is not aligned it looks like it is growing little inward and cross,low severity,hi I have gone through all the details you have mentioned regarding your child first of all do not worry about the shaking tooth as it will settle down by itself if there is no pain or any other symptoms then nothing needs to be done just wait for a few more months and watch for further changes in the tooth secondly the new tooth which has started growing is called primary molars they usually start growing at around five years of age and finish their growth at around seven years of age so this is normal and nothing to worry about thirdly the alignment issue can be corrected using braces once she reaches the age of 10 years and onwards I hope this helps,3.2900137305259705,3.287196159362793,219,26.76770595830233,0.1671826625386997
my daughter has acne in chin and jawline with intake of cabergoline for high prolactin please help,hello I have gone through the history and prescription you have attached honestly speaking I cannot understand what is written in the prescription can you send me a picture of individual medication so that I can get an idea of what is she taking it will be of great help to guide you further with new medicines and creams,hello doctor my daughter has acne on her face for the past one month I think that is hormonal acne because it is in her chin and jawline as per my knowledge she is taking cabergoline 25 my per week for an increased level of prolactin as prescribed by an endocrinologist for the past three years there is no acne on her face for the last three years but now suddenly it appears on the face sometimes it is white and small and it often occurs on a daily basis kindly suggest,medium severity,hi revert back after two weeks to a dermatologist online,3.2900137305259705,2.520953893661499,60,12.440457879426177,0.028985507246376815
late night thoughts makes me overthinking why,hello your blood report is absolutely normal and I do not think there is anything alarming yes your lipid profile is deranged and if you are overweight then try to reduce weight at your age it is not common to see raised cholesterol regarding the issues you have during sleep in my opinion this is probably occurring due to anxiety you should seek a psychiatrist consultation for treatment improve your sleep hygiene and this will improve the symptoms avoid giving attention to minor things take a high protein diet and complex carbs and low in fats I hope this helps,hello doctor every night around 3 am any thought that crosses my mind makes me overthink about it I am worried about such things that do not have a fixed solution it may or may not happen I have tried listening to meditating sounds calming sound during that time but to no avail after an hour or two I do get normal but then I am so full of energy that I cannot fall asleep so I get up and start some work I am a freelancer working from home I usually cannot sleep until my head feels heavy eyes start closing and I start dozing off while working for a few weeks I have been sleeping in the afternoon or evening for three to five hours only rest of the time I am either thinking or working sometimes if I cannot stop thinking I smoke around two to three cigarettes to get over it does not help me sleep but helps me focus on work more and overthinking stops quite instantly,low severity,hi you seem to be having insomnia which can cause anxiety and stress as well there are many causes for this like caffeine intake alcohol smoking etc also you need to avoid these substances before going to bed try to go to bed at least one hour before your usual bedtime and wake up at the same time even on weekends you should maintain a regular sleep schedule and take a warm bath before going to bed you can use relaxation techniques like progressive muscle relaxation deep breathing meditation visualization etc before going to bed you can listen to white noise or nature sounds to relax yourself and calm down you can also try cognitive behavioral therapy which will teach you how to deal with negative thoughts and improve your sleep habits,3.2900137305259705,3.033979892730713,102,20.779769489977664,0.14655172413793102
how to treat lung scarring due to rsv,hi scarring is an irreversible process so it cannot be cured your breathlessness is due to less lung reserve because of scarring kindly share your ray chest image your lungs will not become normal but breathlessness problem will be corrected by medications and respiratory exercises pulmonary rehabilitation medications are simple bronchodilators like tablet doxophyllin 650 my od with inhaler combination of formeterol and budesonide respiratory exercises can be done in the form of pulmonary rehabilitation download edf form of pulmonary rehabilitation and do it slowly in increasing way I hope this helps rev respiratory syncytial virus hrct chest high resolution it scan bag arterial blood gas test treatment plan will be changed after investigation prevent infection and maintain hygiene follow up after one week,hello doctor eight months ago I had severe rev lasting for 10 weeks I am years old athletic fit and in perfect health before rev I took no prescriptions whatsoever I got rev from my friend infant at church my husband is a double boarded physician and recognized the rev very quickly I had acute wheezing and coughing I was on five prescriptions the usuals for 10 weeks I was off all medicines and back on the treadmill daily and also at the gym the one very noticeable thing that has remained and is very troubling is that every time I climb stairs in my home about 18 stairs to the second floor I am quite out of breath this does not happen on the treadmill but just on the stairs I am convinced this is damage from rev the two rays six months apart are showing scarring from the rev I was recently at a high altitude after many visits to that same location and I was seriously struck with altitude problems I was extremely short of breath and had to get a prescription inhaler which helped enormously when I returned to my place of low altitude my breathing greatly improved my questions are can I improve my lung scarring in any way should I get pulmonary studies if I am not wheezing will an inhaler help shortness of breath upon exertion this is a problem for my fitness program and my very busy personal life,medium severity,hi I have gone through your query and understand your concerns first of all you need to be evaluated by pulmonologist he would examine you and do some tests like chest ray eg electrocardiogram spirometry etc then he would decide what treatment is required next step is to start bronchodilator therapy as it helps in improving airway function and reduce symptoms so please consult a pulmonologist online,3.2900137305259705,3.217306137084961,149,24.9607885883071,0.10471204188481675
how can I heal the skin that is damaged due to poor circulation,hi I have read your concern overweight prolonged standing color doppler for venous insufficiency stasis dermatitis lichen simplex chronicus stasis dermatitis keep the area clean with soaking in solution of potassium permanganate in 10 dilution apply good quality moisturizer twice daily and apply propysalic of combination of clobetasol propionate and salicylic acid lotion once daily for two weeks consult your doctor discuss with him or her and take the medicine with consent put a pillow underneath your feet while sleeping avoid prolonged standing and try to reduce your weight revert back after a month to a dermatologist online,hi doctor I have dealt with leg swelling fairly constant for the last 10 years the bottom of my legs including my ankles and feet are swollen every day they have turned very dark the discoloration was happening for about the last five years and has gotten worse over time basically it will not respond to any type of moisture so that the area is always dry I am overweight but not diabetic the only medication that I am taking currently is coumadin because I recently had a blood clot in my right leg however it is my left lower leg that has the most swelling and discoloration how can I heal the skin that is damaged due to poor circulation,medium severity,hello I understand your concern you need to get some investigations done like abc complete blood count ear erythrocyte sedimentation rate cop reactive protein serum creatinine urine routine and culture renal function test liver function tests lipid profile fasting thyearoid profile ash anti tpo antithyearoid peroxidase egg electrocardiogram echo chest eg electroencephalography mri magnetic resonance imaging doppler study of limbs ultrasound abdomen and pelvis if all these reports are normal then there is no need to worry as this condition is called chronic venous insufficiency which occurs when the veins do not work properly and cause fluid buildup in the legs this causes swelling pain heaviness fatigue tiredness and sometimes ulcers on the legs the treatment depends upon the severity of the problem and may include lifestyle changes medications such as oral supplements and creams surgery to repair the vein and improve blood flow in the affected limb you should also take precautions while walking standing sitting lying etc to avoid further damage to the veins and prevent future complications you should wear compression stockings at night and during sleep to promote better blood flow and reduce swelling you should also try to lose weight if you are overweight or obese maintain a healthy diet eat less salt and fat drink plenty of water and exercise regularly for more information consult a general practitioner online,3.2900137305259705,2.2939043045043945,124,9.913567807659009,0.13622291021671828
what does symptoms like sore throat cough with phlegm ear pain and ringing indicate,hello this appears to be an upper respiratory tract infection leading to throat congestion and blocked eustachian tube leading to symptoms you should have augmenting 625 my amoxicillin and clavulanic acid three times a day along with some antacid like tablet pantoprazole 40 my before breakfast once a day for five days also have betadine gargles four times a day for cough you have syearup ascoril two teaspoon whenever needed up to three times a day and also have anti allergic tablet allegra 120 my once a day for three to four days also have decongestant nasal drops xylometazoline drop two times a day for two to three days for pain you could have tablet acetaminophen 500 my whenever needed have steam inhalation three to four times a day avoid cold food items I hope this helps,hello doctor I am a 16 year old female I have been sick lately sore throat coughing up yellow green stuff etc but this morning I woke up with my cough worse and my ear aching and ringing and throbbing anything I can do to make it stop,medium severity,hi you seem to be suffering from acute upper respiratory tract infection which is usually caused by viruses however if there is any fever then it may also be due to bacterial infection please get back with the answers to the above questions so that I can guide you further,3.2900137305259705,1.888410210609436,181,6.608853639507131,0.10695187165775402
along with cos I am suffering from bad skin please help,hi since you are already a diagnosed case of cos polycystic ovarian syndrome which is known to be associated with seborrhea acne hirsutism and alopecia called as sara syndrome but with your history it seems that you are having only acne which is a good prognostic marker in your case this condition will partially get resolved with your hormone pills topically you can use antibiotics cream like clindamycin or nalidixic acid during morning hours and topical retinoids like adapalene gel during night for oil control of your skin you have to do certain dietary restrictions like not to take oily and spicy food junk food milk products and non vegetarian take lots of water which hydrate your skin cos hormone profile sara syndrome acne vulgaris revert back after a month with photographs to a dermatologist online,hi doctor five years ago I was diagnosed with cos then three years later I started suffering with very bad skin my skin was excessively oily and I always have spots and deep pores sometimes my skin has red blotches but they are not raised and there are no heads I seem to have controlled the oiliness but I still have spots and redness I am desperate to resolve it as I did not suffer as a teenager I am looking for any advice and recommendations that will help with this I am currently on contraceptive pills to control hormones,low severity,hello  you need to use sunscreen every day and apply moisturizer twice daily if you do not want to use sunscreen then at least apply moisturizer once daily also take tablet azithromycin 500 my twice daily for seven days and tablet levocetirizine 10 my once daily for two weeks avoid spicy food drink plenty of water eat healthy foods like fruits vegetables and whole grains try to reduce stress by doing yoga meditation etc,3.2900137305259705,2.5119330883026123,165,12.328739582414643,0.14285714285714288
why am I not getting my period even after taking I pill and meprate,hi do not worry you have nothing to worry about as you have pod polycystic ovarian disease your ovulation will not be on time as you mentioned that he did not ejaculate and you took I pill within 24 hours chances of pregnancy are very low meprate is a hormone pill that increases the inner lining of the uterus and when you suddenly stop it cause withdrawal bleeding usually you can wait up to 10 days after stopping because you had I pill and meprate your period would have got postponed so I would advise you to wait for periods till 10 days after the last day of meprate if still no periods just for confirmation get urine pregnancy tested I bet it will be negative then take any of the oral contraceptive pills like novelone or ovrel or dear 21 or diane 35 or intimacy plus twice a day for 10 days throw that extra last tab you will surely get periods within the next 10 days if you get periods in between just stop the pills in pod the inner lining of the uterus may not be thick enough so your periods will be light sometimes with pink discharge only so no withdrawal bleeding with meprate these pills will increase the thickness next time onwards never have unprotected sex to avoid these anxious moments I hope this helps,hi doctor I had intercourse he did not ejaculate and took an I pill the next day I am suffering from pod and by doctor prescription I took meprate for seven days twice daily but still no sign of periods what can be the causes also after taking the I pill there is no withdrawal bleeding my last period was before two months and it is causing stress and I am overthinking please help,medium severity,hello  you have taken emergency contraceptive pills which will prevent ovulation so you should get periods within three weeks if not then you need to take tablet medroxyprogesterone acetate 10mg once daily at bedtime for five days this will induce periods if you do not want pregnancy then you should use condoms during sex,2.8766326904296875,2.67071270942688,261,14.450264363267177,0.11971830985915494
I have painful pea like lump on labia will it go on its own,hi your history suggests a bartholin abscess or maybe a fungal growth the growth actually needs to be seen before I can give you any coherent advice but I definitely suggest personal hygiene wearing cotton underwear and preferably sun drying your underwear to prevent any infection good diet and exercise goes a long way to provide immunity against genital infections too for relief I suggest you start a warm sit bath and avoid intercourse for a few days any over the counter painkillers like paracetamol can be taken if you have no known drug sensitivity but if still your symptoms do not subside you may have to take antibiotics I hope this helps,hello doctor I am having a pea like lump in my labia it is not visible but it is like a ball and painful I have started having ciplox 500 and applying a warm compress please help as I am very scared regarding what is it and how will it go away,medium severity,hi I can understand your concern according to your statement you have a pea like lump in your labia which is painful and you are taking ciplox 500 twice daily and applying warm compresses kindly tell me some more details about this lesion such as size of the lesion color of the lesion painless or painful any history of trauma or injury recent weight loss any other associated symptoms such as itching burning sensation etc if possible send me a picture of the lesion so that I can see it and guide you better,2.8766326904296875,2.9233415126800537,123,18.603347035583013,0.11594202898550723
I experience cold hands constipation and lethargy kindly interpret my thyearoid function test,hi your results can be interpreted as follows your ash thyearoid stimulating hormone is surely high and the to and to levels are in the normal range there are two possibilities of such a report primary hypothyearoidism in this the ash is high and the others go low this is the most common type in this the thyearoid gland is under functioning the symptoms are usually as described by you now why is your to are normal it might be the case that you are in a very initial stage of dysfunction and might become frank with time if we treat it now the levels will come back to normal and you might not need further treatment secondary hyperthyearoidism in this case all the three readings go up which I see in your report the problem here is with the pituitary gland in the brain which stimulates the thyearoid gland to produce more so the fault is not with thyearoid gland at a primary level for this to confirm you will need a try thyearotropin releasing hormone level which is the stimulant of the thyearoid I would suggest you meet your endocrinologist and get the secondary aspect evaluated after that we can give you the right treatment and everything can be cured easily,hello doctor I got blood tested for my thyearoid and I need help understanding the results do I have hypothyearoidism or hyperthyearoidism I have cold hands and feet eczema psoriasis on my nail sensitive eyes constipation gas bloating extreme lethargy depression and anxiety my blood test results free triiodothyearonine 5 5 5 pmol thyearotropin sensitive ash 48 hi 30 0 miu free thyearoxine free to 18 23 pmol l,medium severity,hi I can understand your concern according to your statement you have been diagnosed as hypothyearoidism by your previous tests but now you want to know whether it is true or not so let me explain about hypothyearoidism hypothyearoidism means low levels of hormones produced by the thyearoid gland which regulates metabolism in our body hypothyearoidism may be due to deficiency of thyearoid hormone production or deficiency of receptors for these hormones in the body hypothyearoidism can cause weight gain fatigue difficulty concentrating memory problems mood changes and other symptoms such as cold hands and feet sleep disturbances and headaches if hypothyearoidism is confirmed then treatment will include taking synthetic thyearoid hormone tablets to raise the level of hormones in the body hypothyearoidism can also occur after surgery or radiation therapy for the thyearoid gland or when there is inflammation of the thyearoid gland called thyroiditis hypothyearoidism can be treated with synthetic thyearoid hormone tablets like levothyroxine once daily at bedtime take tablet with food and drink plenty of water during the day avoid alcohol caffeine and tobacco,2.8766326904296875,2.599853515625,240,13.461765952193655,0.16368286445012786
will lower doses of lamictal and effexor help in overcoming cymbalta induced hypermania,hello  considering the history of mania even if it is drug induced it is not advisable to start effexor alone in my opinion so I would suggest you discuss with your treating psychiatrist regarding starting seroquel regularly as it also acts on depressive symptoms or starting low dose effexor along with lamictal as mood stabilizer I hope this helps,hello doctor I recently was on cymbalta minimum dose but did not feel better I felt worse and was told to up the dose then I took 120 my still felt bad so I abruptly stopped this and it triggered discontinue syndrome and hypermania I have not felt the same since I am not suffering so much now from hypermania after a month or two I am lamictal and when needed on seroquel on current medicines I feel blank unstable unable to think normal and some frustration anger thinking concentration and speech affected at times I feel I need to go back to antidepressants my brain needs that and boosts mood and taper off appropriately like effexor or lexapro I have had success but lexapro cause stomach issues and effexor is good but can cause weight gain or if working in the night it can cause mood swing I believe my current issue is just because of cymbalta induced hypermania I did get psychosis from led do you think I should taper off lamictal to effexor low doses,medium severity,hi I understand your concern as per your history you were taking cymbalta which is an selective serotonin reuptake inhibitor sari class of drugs and it has been known to cause side effects such as increased risk of suicidal thoughts and behavior especially in children young people and adolescents who have problems with depression or other mental illnesses and those who are having preexisting psychiatric conditions such as bipolar disorder mania or schizophrenia also there is a possibility of triggering manic episode in patients who already suffer from these conditions please continue your current medications and try to avoid stressful situations and take proper sleep and dieting lifestyle modification will be helpful for further doubts consult a psychiatrist online,2.8766326904296875,2.444444417953491,71,11.52414521174134,0.12359550561797754
mri says posterocentral protrusion of l4 disc is abutting the la nerve root bilaterally what does this mean,hi I am not sure of your neck symptoms as the neck has nothing to do with your lower back and from your description it is not clear if you have any leg symptoms or bladder symptoms however I need to see your mri scan to be able to make a judgment on the further management revert back with the reports to a spine health specialist online for further follow up,hi I am a 32 year old male my mri report says posterocentral protrusion of la disc is abutting the la nerve root bilaterally in mri it is black between la and kind of poking the nerve my back pains occasionally and I think it is the nerve which is hurting because the pain is like a sting currently I am taking rest and doctor said that he will check if physiotherapy can be started after a couple of weeks I am afraid of the pain especially when it is near the neck or shoulders I am able to walk and work I am being treated by a spine specialist please let me know if I have to go to another doctor like a neurosurgeon and can I lead a normal life in future,medium severity,hello I understand your concern as you mentioned that there is a prolapse of the lumbar intervertebral disc at level l45 and also there is compression of the left lateral branch of la nerve root so first of all we need to confirm whether there is any neurological deficit such as loss of sensation weakness etc but before going into that I would suggest you to get some blood tests done to rule out any metabolic disorder which may cause similar symptoms now coming to treatment part I would recommend you to take tablet pregabalin 75 my twice daily for three months along with other medications prescribed by your physician and avoid lifting heavy weights and strenuous activities until the condition improves secondly you should undergo physical therapy including core strengthening exercises and stretching exercises to improve the strength of muscles around the lower back thirdly you should try to maintain proper posture while sitting standing sleeping walking and working during the day time and avoid prolonged periods of sitting or lying down during night time lastly you should consult a neurologist for further evaluation and management of the problem,2.8766326904296875,2.219207763671875,73,9.20003937255955,0.14559386973180077
I have dry eyes with weird eyelids and eye lashes could this be due to demodex mites,hi we do have natural microbe or flora on our face and eyelashes but demodex mite cannot be it is a foreign microbe that needs to be treated I can see the images and there is redness beneath the eye and also white at the base of the eyelash there are many reasons for it firstly are you having psoriasis which itself can be flared up and needs treatment by a skin specialist this also has an effect on eyes causing dryness and burning secondly as you are saying dandruff that you have to check do you observe it at your hairs shoulders and eyebrows that also has to be treated by antidandruff shampoo again call for a skin specialist thirdly blepharitis because it also causes similar symptoms apart from the face do you have any other symptoms like thirsty mouth itching in any part of the body or rashes well I would suggest you to get it checked once with a skin specialist also because it is now a chronic condition I will write medications for you eye ointment dexamethasone over the eyelashes at night and day for 15 days eye drop systane ultra polyethylene glycol four to five times a day for 15 days eye ointment neosporin at the face just down to eyes where rash is there genteel gel at night and day inside the eye use any anti dandruff shampoo use anti mite shampoo for hairs lid scrub by scrubbing it with buds dipped in one part of shampoo and two parts of water this should be continued for 15 days please consult a skin specialist it is important since you are so much in pain,hello doctor I have been suffering from dry eyes for four years I have seen many eye doctors but no cause has been found a while ago I started noticing my eye lids looking weird I also discovered I had demodex mites on my face but none were found on my eyelashes however I made some photos of my eye lids and found the base of my eye lashes looked white my question is could this after all be the sign of demodex mites during these four years of dry eyes I get occasional left eye pains the problem is exacerbated by computer use reading being outdoors my eyes are not red no blurred vision no excess tearing warm compresses eyelid massages eyelid hygiene and diet changes did not help around a year ago eye lid problems started my eyelashes do not fall out easily though,medium severity,hi  it seems you have chronic dry eyes which can lead to various symptoms like burning itching watering etc there are two types of dry eyes one is primary and another secondary if you have primary then treatment will be different than secondary as per your history it looks more likely to be secondary type so we need to start with tear drops and ocular lubricant ointment along with anti inflammatory tablets like levocetirizine 10 my once daily for three weeks and tablet paracetamol 500 my twice daily for five days avoid wearing contact lenses at least until the condition improves,2.8766326904296875,2.9984593391418457,328,20.05461574827334,0.11548556430446193
I get pain during intercourse with white spot on the inner side of vulva please help,hi image is not much clear but looks like some inflammatory changes there must be vuvlovaginitis or bartholin gland infection if previously there was no pain during sex and now pain is there then there should be some problems there may be skin infection or hair follicle infection paraurethral glands are there ti urinary tract infection also can give pain there is one chance your partner may have some problem do urine routine and culture sensitivity report do one ultrasound scan of perineum to find out any cystic swelling keep the area clean drink more water change pads more frequently during menstruation can take tablet doxycycline 100 my for seven days azithromycin go one time for two days this is empirical treatment for diagnosis we have to do some test and need to see clinically along with per speculum examination can take any antacid to prevent acidity avoid oily spicy food I hope this helps,hello doctor I am experiencing pain during sex during three separate sexual encounters over the last few months no sex in between these encounters upon recent inspection a white spot was noticed on the inner portion of the vulva which seems to be the source of the pain outside of sexual intercourse there is no major symptoms but may have slight discomfort I have used canesten topical ointment for 14 days and experienced some relief but did not resolve,medium severity,hi I understand your concern according to your statement you had painful intercourse since three months and now it has become worse after using canesten ointment for 14 days this condition could be due to candidal infection or herpes simplex virus infection if you do not have any other complaints like itching burning sensation while passing urine etc then it is more likely to be candidal infection candidal infection usually occurs when vaginal pH becomes acidic and causes irritation and inflammation of vagina and surrounding area candidal infection can also cause soreness and burning sensation during urination and discharge from vagina as well so I would suggest you to take tablet fluconazole 200 my twice daily for five days along with local application of clotrimazole cream twice daily for seven days and avoid wearing tight underwear and use cotton underwear at all times drink plenty of water and eat healthy food and exercise regularly,2.8766326904296875,2.942366361618042,183,18.960661047964095,0.1553398058252427
what is the solution for skin sagging following bariatric sleeve surgery,hi since you have gone for bariatric surgery I just want to elaborate the things for better understanding for further information consult a cosmetologist online,hi doctor I have gone through the bariatric sleeve surgery before three years now my stomach skin is sagging please advise me what to do,medium severity,hello  you can use dermal fillers like hyaluronic acid gel injection to improve the skin texture and contour of the abdomen if it is causing discomfort due to weight gain then you can go for liposuction too but these procedures should be done under local anesthesia by a qualified plastic surgeon who will assess your body shape and customize the treatment plan accordingly,2.8766326904296875,2.210211753845215,30,9.117646885425799,0.11363636363636363
I have severe heartburn and acidity with blood in stool is this dangerous,hello you have two main issues the heartburn and all the throat problem is due to reflux disease which aggravated by your hiatus hernia this disease is controllable with medications but it could not be eradicated you have to change your lifestyle and use some medications regularly for some time and then as per need the blood in stool occurs due to hard stool and burning in the anal area is due to fissure I am giving you treatment and it will help out herd gastroesophageal reflux disease anal fissure capsule dextop 60 my in the morning and evening before meals for four weeks and then only in the morning for four weeks syurp dijex my alumina magnesia two teaspoons three times daily after meals for 20 days diltiazem gel apply at the anal area twice daily fibrocal sachet one sachet two times daily avoid spicy and junk food avoid late night eating elevate the head end of the bed about inches,hello doctor I am having severe heartburn and acidity issue today I got blood in stool and after I felt burn around the anus is anything serious what should I do stool antigen ict result is negative my symptoms are heartburn after eating bad breath from stomach sometimes feeling bump on the right side only in throat while eating or drinking water red bumps on the back of the tongue with white coated color or sometimes yellow on the back of the tongue I also have red acne on back of body after eating need to go washroom for passing stool sometimes I feel burn while passing stool with more gas issues continuously I feel burning at the upper side of the stomach when I eat spicy foods it becomes worse whenever I think I am having issue in stomach it triggers more burn when I woke up I feel dryness in throat and smell comes from nose and throat too any permanent solution,high severity,hi I can understand you must be very upset about your condition but donot worry there is nothing to worry as per your history you seem to suffer from gastroesophageal reflux disease gerd which is common in our country due to improper diet lifestyle and obesity if you follow some simple rules then you will get relief from your problem first rule is avoid fatty oily and spicy food secondly take small frequent meals thirdly avoid smoking and alcohol fourthly maintain proper hygiene fifthly sleep for eight hours before sleeping time sixthly wear loose fitting clothes seventhly avoid stress and anxiety eighthly drink plenty of water ninthly avoid lying down immediately after eating tenthly consult a physician regularly for checkup and treatment of gerd you may use omeprazole 40 my twice daily one hour before meal for three months and pantaprazole 40 my once daily before breakfast for two weeks you may continue these medicines for further doubts consult a general practitioner online,3.303178697824478,2.879803419113159,192,17.81077157817736,0.15384615384615383
I have mild abdominal pain and a history of abusing co codamol is it due to liver damage,hello I  first of all I give you a vote of appreciation that you were able to stop using co codamol for chronic users of these opioid medicines it is merely impossible to stop well once you stopped taking these medicines it is unlikely that the effect will remain within you and can harm you in long term so I do not think that you should be worried about this now the pain you mention which has started nearly at the time of stop of these medicines suggest narcotic bowel syndrome nos in nos the patient became insensitive to the usual doses of opioids and kept on increasing the doses to relieve the same amount of pain intensity with subsequent higher doses this happen because of chronic use of these medicines would potentially increase the numbers of receptors controlling pain once the medicine is reduced in dose or completely stop in your case a rebound pain develop and it remain until another painkiller or similar opioid is restarted so actually it is vicious cycle pain and increased dose cycle is sometime inevitable and requires a close monitoring of switching to other safe painkillers while at the same time decreasing the dose of opioids the treatment is termed as opioid detoxification therapy to be honest I am not an expert in it but tried my best to explain to you to help you understand your symptoms if you want further guidance on how to control your pain which is possibly be secondary to nos I suggest you to meet with pain management specialist in near by hospital since you already stopped the medicines I suggest to use paracetamol which is rather safe medicine for controlling pain plus you can use cap pregablin 75 my at nigh time daily to control your symptoms I hope this will help you take care and have a good day narcotic bowel syndrome nothing pain assessment only functional abdominal pain syndrome nerve entrapment syndrome nos tab paracetamol which is rather safe medicine for controlling pain plus you can use cap pregablin 75 my at nigh time daily to control your symptoms follow up if you have any concern or want to discuss nos in detail and its management,i have had a history for years of abusing co codamol often taking ex 30 500mg several times a day I have some mild right upper quadrant pain that is persevered for a few weeks after stopping all codomol use over the last year I have had abdominal al ultrasounds many liver function tests and urinalysis which have all come back in normal ranges or clear I have been told sometimes the liver can still be damaged but still present normal liver function tests and it can be hard to see on ultrasounds is there a chance I have some liver damage,medium severity,"While we cannot provide a specific diagnosis for issues related to i have mild abdominal pain and a history of abusing co codamol is it due to liver damage, we highly recommend that you consult a qualified medical professional for a proper evaluation and personalized advice.",3.303178697824478,2.928253412246704,384,18.69494959493849,0.07177033492822966
what causes frequent cramps with vaginal bleeding,hi overall looks like normal there is no ultrasound scan which is required if you having irregular bleeding secondly there are 100s of hormones producing and out of which we can do tests of few only so cannot say by 100 that it is not hormonal issue irregular menses can be due to other reasons also like starvation environmental factors stress eating habit there are some food nutrients which may have effects like hormones or may acts against hormones do one ultrasound scan and may require dilatation and curattage and send endometrium to rule out endometrial cancer do drink more water,hello doctor after two weeks of lap I had mild cramps and non stop light vaginal bleeding it lasted for three days I experienced non stop light vaginal bleeding once again after this month periods this morning I started to have light bleeding again given my concerns I had bloodwork this week my blood counts are normal my thyearoid hormones and pituitary gland levels are all normal and I am not on birth control however my urinalysis revealed that my erythrocyte is 25 my leukocyte esterase is 3 my and my egfr is plus my ferritin is 10 initially my doctor believed my abnormal bleeding between my periods was due to a hormone imbalance but we now know that it is obviously not the case can this be due to gynecological cancers I am only 32 I am healthy I am not on birth control I am not pregnant I am not on hormones and the possibility of having cancer makes no sense to me I would appreciate talking to someone because I am terrified,high severity,hi I understand your concern you mentioned that you were diagnosed with endometrial hyperplasia by ultrasound and then you got heavy bleeding which has stopped since then so there is nothing to worry about as far as your hemoglobin level is concerned it is within normal limits and also your iron stores are sufficient so you do not need any treatment at present if you want to get rid of these symptoms you may take tablet tranexamic acid twice daily for five days and avoid taking iron rich diet like spinach etc,3.303178697824478,3.481929302215576,119,32.52240713935379,0.13471502590673576
do I have crowns disease or ulcerative colitis,hello I  I know you must be very upset about your ongoing condition you symptoms suggest that you have crowns disease not ulcerative colitis humira and biologic medications like this work for a while before losing effect till the time of next dose so yes if the interval between two doses is extended the patient can develop flare in interval period the symptoms you mention may be of a mild to moderate intensity flare but can be secondary to infections the clostridium difficile infection which is common you did not mention that the pain in area of where you have sexton is new or occurring before as well and when did you have sexton for fistula the swelling you mention can be an evolving perianal abscess due to active lumnial disease the abscess formation is the first step in the formation of fistula which is a end result due to rupture of abscess from both side lumen on one side and skin on other side so I am afraid you me have this flagyl is good if taken for long time to treat perianal disease but you did not mention for how long you been using this for now you can continue this and get yourself examined by your physician to look for evolving abscess adalimumab humira works well for perianal disease but make sure you need to increase the frequency and do not disturb the schedule I hope this will help take care crowns disease with perianl disease stool for difficile antigen and stool for calprotectin stool detail report stool culture,doctors are switching between whether I have crowns or ulcerative colitis based off response to treatment and medicine started humira last month but it has come in for my and round and it is already a month late wont know if that worked or not since I am off schedule this past week the area around my rectum with is very raw has swelled up its around where I have the sexton in from a fistula past week my bowels have nothing but liquids every time I go to the bathroom is expands that area where the sexton is causing excruciating pain I am currently on imodium and flagil I have taken anvil and tylenol nothing has reduced the pain,medium severity,hi  I can understand how you must be feeling right now as you are suffering from severe pain due to inflammation of the bowel which is called inflammatory bowel disease ibd there are two types of ibd one is crohn disease and another is ulcerative colitis both these conditions cause inflammation of the digestive tract they may affect any part of the gastrointestinal tract including the mouth throat esophagus stomach small intestine large intestine colon and anus however most common symptoms of both diseases are abdominal pain diarrhea weight loss fever and fatigue so please do not worry about the difference between them because they are same except some minor differences in their course and severity of symptoms in case of crohn disease the inflammation may occur anywhere along the length of the bowel while in ulcerative colitis it occurs only in the large bowel ulcers may appear at different sites throughout the bowel and may vary in size shape and number in addition to the above mentioned symptoms patients with ulcerative colitis also experience bloody mucus in stools pus blood and mucus in stool and sometimes fever and weight loss in contrast people with crohn disease often develop intestinal blockages and abscesses in addition to the above mentioned symptoms they may also suffer from joint pains eye irritation skin rashes and rarely nerve damage in addition to the above mentioned symptoms people with cro,3.303178697824478,3.1025354862213135,299,22.254305293277174,0.1327967806841046
can I get pregnant naturally after tubectomy,hi the method of tubectecomy can be identified only after opening during caesarian section or through laparocsopy if tubal ligation is done you cannot conceive naturally if you try there are chances of ectopic pregnancy you can go for if for another baby course of the pregnancy through if and natural pregnancy will be same in case of delivery if normal delivery you do not have to go through tubes if going for caesarean section you can identify it was previous surgery,hello doctor my age is 36 and I had tubectomy done 18 years back after second delivery cesarean like my first delivery I do not know whether the fallopian tubes were tied cut clamped burnt or banded is there any scanning or some other method to identify the process of tubectomy done to me is there any chance of getting pregnant naturally after tubectomy done by whichever method mentioned above to have a child now can we go for if so at the time of delivery will gynecologist come to know that I underwent if process for pregnancy because she has to do tubectomy again she will go through with these tubes at delivery time,low severity,hi I understand your concern as you have undergone tubal sterilization by tying cutting burning banding etc but it is difficult to say which one was used on you since no records are available about the procedure performed by the surgeon who did the operation however it is very unlikely that you cannot conceive after tubal sterilization even though tubal sterilization is permanent contraception it is possible to conceive after tubal sterilization if the tube is intact and unobstructed the chances of conception are less than 50 percent after tubal sterilization the risk factors include age of the woman weight height body mass index smoking alcohol use diabetes hypertension obesity stress anxiety psychological problems chronic illness such as tuberculosis cancer endometriosis ovarian cysts uterine fibroids pelvic inflammatory disease pfd infection postnatal hemorrhage postpartum hemorrhage and surgical complications during the procedure if the tube is intact and unobstructed then the chances of conception are less than 50 percent after tubal sterilization the risk factors include age of the woman weight height body mass index smoking alcohol use diabetes hypertension obesity stress anxiety psychological problems chronic illness such as tuberculosis cancer endometriosis ovarian cysts uterine fibroids pelvic inflammatory disease pfd infection postnatal hemorrhage postpartum hemorrhage and surgical complications during,3.303178697824478,2.9433720111846924,97,18.9797384194978,0.09688581314878893
I am on low carb high fat diet to lose weight how much calorie intake is ideal,hi your mi is 23 which is near normal it might be with muscle mass or fat content I need to evaluate still and need details for proper nutritional assessment to provide a correct advice according to who world health organization you need 200 cal day for most people a calorie deficit of 500 calories per day is sufficient for weight loss and unlikely to significantly affect your hunger or energy levels to create this calorie deficit you need to know what your maintenance calories are,hi doctor I am currently on a low carb high fat diet to lose weight how much of a calorie deficit do I need to accomplish weight loss decrease body fat percentage more than muscle mass,low severity,hello  you have mentioned that you are on a low carbohydrate diet but did not mention what kind of food items you are consuming so it would be better if you could share some details about your current diet as well as the amount of calories consumed per day before we can come to a conclusion regarding the caloric deficit required for weight loss and also whether there will be any increase in body fat percentage or decrease in muscle mass during this period I suggest you to follow these steps first reduce the total number of calories consumed daily by 50 my per day and then gradually reduce further until you reach the desired level of caloric deficit which may vary from person to person depending upon their height weight age gender etc once you get into the caloric deficit state try to maintain a balance between carbohydrates proteins and fats in your diet and avoid eating junk foods like pizzas burgers fries ice cream etc keep track of your daily water intake at least 2 liters per day drink plenty of green leafy vegetables fruits and juices eat healthy protein rich foods such as fish chicken turkey beef pork tofu nuts beans eggs and dairy products include whole grains oats brown rice quinoa barley buckwheat couscous farro bulgur wheat millet spelt kamut teff and other whole grain cereals and breads eat lean,3.303178697824478,3.271959066390991,95,26.36293552754859,0.11250000000000002
what causes pain and swelling under ribs with constipation,hello we are here to help you it seems you are suffering from muscular pain the muscular chest pain aggravates with movement it is dull diffuse and continuous in nature this can result from incorrect posture during the night while you were sleeping however in case you have any pain in the upper part of the abdomen or you had consumed alcohol in case last night you would require to get an ultrasound abdomen to rule out any evidence of gall bladder stones or alcohol induced pancreatitis for muscular pain you should do hot fomentation over the involved area to times a day you should apply diclofenac gel locally over the involved area to take anti inflammatory and analgesic pain killer like ibuprofen etoricoxib if the pain is very severe share my opinion with your doctor before acting upon it,hi doctor about months ago I had kidney stones with pain under my rib cage and swelling the kidney stones are gone but the pain and swelling under my ribs came back one month ago with constipation I did a it scan without ivcm everything is normal except a mild left basal pleural thickening noted please advise,medium severity,hello  you have mentioned that you have undergone it computed tomography scan of chest which shows mild left basal pleural thickening this pleural thickening may be due to chronic cough or asthma if there is no history of cough then it can be considered as benign pleurisy however we need to rule out other causes like tuberculosis cancer etc so do follow up after two weeks with reports to a pulmonologist online,3.303178697824478,2.5842998027801514,156,13.254005422399606,0.12264150943396225
I have sprained back at the same spot three to four times a week what am I to do,hello  its not about taking medicines or treatment every problematic symptoms pain and disease needs to be treated with a treatment plan and course to be implemented sprained muscles can easily be reduced and healed with ultrasound therapy for 10 15 days and also applying hot water fermentation using diclofenac ointment at home is also an added advantage to reducing sprain after reducing the sprain and getting relaxed muscles then need to stretch the muscles step by step slowly increasing the exercise day by day or weekly once changing according to improvement here I will suggest you simple exercises for lower back need to be strengthen for a period of 15 20 days apply diclofenac ointment for a week twice a day will reduce anybtype of severe pain if possible take ift inferential therapy and ultrasound for 10 15 days follow up after a week thank you,i sprained my back years ago now I get sprained in the same spot every 4 times a week besides these days I get sprained very easily when I do simple exercises like my ankle shoulder neck back etc I have done physiotherapy and do stretching every day but none is helping what am I to do please help,medium severity,hi I can understand how you feel about this problem as we all know that there are many causes of back pain which may be due to muscle strain ligament tear disc herniation spinal stenosis nerve entrapment etc so it will be better if you could send me some pictures of your spine and also tell me about your symptoms such as any numbness weakness tingling shooting pains burning sensation etc so that I can guide you properly and suggest you proper treatment for further doubts consult a chiropractor online,3.303178697824478,3.209477186203003,178,24.766134762329088,0.10970464135021098
I am having trigger issue in middle finger of both hands what to do,hi rheumatoid arthritis could be of positive or negative psoriatic arthritis may occur before the rash gout pseudogout form of arthritis swelling of joints last for some days or weeks osteopenia or osteoporosis causing atypical fractures less likely metastatic disease ray of hands vitamin levels ana anti cop anti cyclic citrullinated peptide antibody rheumatoid factor and abc complete blood count rheumatoid arthritis and psoriatic arthritis it will depend upon the results I would suggest using 200 iu of vitamin and calcium 800 1200 my per day take ibuprofen 400 600 my twice daily for pain with food if possible get a splint to minimize active movement revert back after a month or sooner once the information available to an internal medicine physician online,hi doctor I am having trigger problem in the middle finger of my left hand over a year but the same finger of my right hand has now developed the same problem they are especially bad in the morning and it is difficult to straighten them I can feel a very heavy click when I do it I had blood tests to test for arthritis and they came back clear I was diagnosed with breast cancer last year and treated with chemotherapy mastectomy and radiotherapy I have mentioned the problem about my fingers to each of these specialists and none of them had an answer everyone said that it is not a side effect of any of the treatments currently I am taking aromasin inhibitors and triptorelin I am very much worried and confused at the moment I cannot seem to find any answer as to know what it is please help,medium severity,hello revert back after investigations to an orthopaedician and traumatologist online,4.663007354736328,2.7817537784576416,166,16.147314943171974,0.08955223880597014
please give some advice on hit for male to female transition,hi revert back with the answers to the above questions to an endocrinologist online,hi doctor I am a 28 year old transwoman I am looking forward to start hit I need some advice from you to start on hit for male to female transition thank you,low severity,hello I have gone through your query and understand your concerns revert back after three months to a sexologist online,4.663007354736328,0.5061516761779785,17,1.658894930512009,0.23529411764705882
is it safe to switch to wellbutrin while on cymbalta,hi thank you for taking help from a psychiatrist you can take cymbalta and seroquel you are already on both medications so you should continue both medications if you fill depressed then take tablet wellbutrin 150 my once in the morning for a short period of time then we can taper off within months if you do not improve your depression on 150 my of dose after 15 days then we can increase the dosage as per requirement you can take medications together and you do not need to space out but you must take seroquel at night as it causes sedation even you should follow some non pharmacological management as mentioned below do exercises daily for 30 45 minutes like walking do meditation for 20 minutes daily eat healthy home cooked foods avoid junk foods spend quality time with friends and family daily spend time for creative hobbies like read good books write journals painting drawings learn new skills or language or musical instruments take enough 8 hours sleep daily avoid tobacco or alcohol or any substance abuse I hope this helps,hi doctor my current medications are 60 my cymbalta for depression and 300 my seroquel for the sleep disorder I am in my 40s and I have had a few episodes of depression during my lifetime I was lucky enough to be able to attend a psychiatrist in a country I lived in for a long time it was a great help my question at the moment is about medication when I was quite depressed I took cymbalta and another antidepressant which I am fairly certain was wellbutrin I dropped the secondary antidepressant after a year or so as I began to feel better I am just considering using it again as I am now in a state of emotional upheaval due to a family death I have just got in touch with a go for an appointment in the next two weeks what I would like to know is it safe to take cymbalta seroquel and go back to wellbutrin how would I work the dosage would I start with 150 my of wellbutrin and possibly go up to 300 my when should I take the antidepressants can I take them both at the same time or do I need to space them out I am not prone to seizures and I have never had one I am a female,low severity,hello I understand your concern regarding the use of these medicines you mentioned that you were taking cymbalta before but did not mention the name of the medicine used by you previously please let me know the name of the medicine you were taking previously also tell me if you were having any side effects from those medicines I will advise you to continue with cymbalta as it has been shown to be effective in treating major depressive disorder and bipolar disorder and it is considered to be a first line treatment for depression and anxiety disorders it is usually started at 60 my and increased gradually over four to six months to reach the maximum dose of 90 my per day this dose may be reduced to 60 my per day if symptoms improve within three months of starting the drug and then tapered off slowly over several weeks to avoid withdrawal symptoms it is important to note that there is no evidence that cymbalta causes seizures and therefore it is unlikely that you will experience any adverse effects from its use however it is advisable to monitor blood pressure heart rate and liver function tests regularly while taking this medicine I hope this helps,4.663007354736328,2.550600528717041,209,12.814797126072262,0.13881748071979433
is there any dietary precaution for deranged kidney function,hi we are here to help you for further information consult a nephrologist online,hi doctor my brother is suffering from back pain his doctor recommended some painkiller for one month now he also got pain on the right side of his back his doctor recommended laboratory test for kidney and liver along with mri of back the result showed some kidney related problem I want to know whether it is a sign of something serious can it get cured easily,medium severity,hello  I have gone through all the details you have provided regarding your brother kindly revert back with the reports to a nephrologist online,4.663007354736328,0.47569921612739563,18,1.609138940119016,0.2105263157894737
what causes tightness in knee and groin with pain,hi it may be due to weak muscles apply diclofenac ointment on the pain above knee and shoulder cover it up for 10 minutes give it hot water therapy try to slowly strech your thigh muscles until you feel pain more and relax yourself repeat it for twice a day take aceclofenac tablet for a day if you have more pain and for shoulder do shoulder exercises at home after trying these if you still feel the pain after three days you can go for ultrasound therapy following ift this will surely help you get rid of the problem jerk while running or walking sleep distress ray for shoulder ift ultrasound avoid lifting heavy objects do not bend,hello doctor overall tightness in right side of the body especially tightness in the right knee above knee cap leading to pain front and top of knee also tightness in the groin both sides unable to feel the groin stretch on inside of the leg more of a locking feeling at the upper inner groin and outer hip tight hamstring only on right side I do not feel a stretch when stretching right quad but do feel a stretch on the left right shoulder discomfort and tightness in the back lower right side and right hip looks to be slightly lower when standing,medium severity,hi  you have mentioned some symptoms which can be due to many reasons like muscle strain ligament sprain tendonitis arthritis etc so it will be better if you send me the ray of the affected area and let me know what kind of treatment you are taking now as far as the cause is concerned it depends upon the ray report and physical examination so please get the ray done and follow up with the reports,4.663007354736328,3.651648998260498,132,38.53816304524998,0.1443298969072165
